solid v2.Forme 3D00000054 A.1 
  facet normal -9.681477e-01 0.000000e+00 2.503800e-01
    outer loop
      vertex 5.052567e+00 0.000000e+00 4.026061e+00
      vertex 5.052567e+00 7.000000e+01 4.026061e+00
      vertex 4.908579e+00 0.000000e+00 3.469303e+00
    endloop
  endfacet
  facet normal -9.681477e-01 0.000000e+00 2.503800e-01
    outer loop
      vertex 4.908579e+00 0.000000e+00 3.469303e+00
      vertex 5.052567e+00 7.000000e+01 4.026061e+00
      vertex 4.908579e+00 7.000000e+01 3.469303e+00
    endloop
  endfacet
  facet normal -9.981348e-01 0.000000e+00 6.104881e-02
    outer loop
      vertex 4.908579e+00 0.000000e+00 3.469303e+00
      vertex 4.908579e+00 7.000000e+01 3.469303e+00
      vertex 4.873472e+00 0.000000e+00 2.895302e+00
    endloop
  endfacet
  facet normal -9.981348e-01 0.000000e+00 6.104881e-02
    outer loop
      vertex 4.873472e+00 0.000000e+00 2.895302e+00
      vertex 4.908579e+00 7.000000e+01 3.469303e+00
      vertex 4.873472e+00 7.000000e+01 2.895302e+00
    endloop
  endfacet
  facet normal -9.914447e-01 0.000000e+00 -1.305270e-01
    outer loop
      vertex 4.873472e+00 0.000000e+00 2.895302e+00
      vertex 4.873472e+00 7.000000e+01 2.895302e+00
      vertex 4.948534e+00 0.000000e+00 2.325147e+00
    endloop
  endfacet
  facet normal -9.914447e-01 0.000000e+00 -1.305270e-01
    outer loop
      vertex 4.948534e+00 0.000000e+00 2.325147e+00
      vertex 4.873472e+00 7.000000e+01 2.895302e+00
      vertex 4.948534e+00 7.000000e+01 2.325147e+00
    endloop
  endfacet
  facet normal -9.483238e-01 0.000000e+00 -3.173043e-01
    outer loop
      vertex 4.948534e+00 0.000000e+00 2.325147e+00
      vertex 4.948534e+00 7.000000e+01 2.325147e+00
      vertex 5.131008e+00 0.000000e+00 1.779790e+00
    endloop
  endfacet
  facet normal -9.483238e-01 0.000000e+00 -3.173043e-01
    outer loop
      vertex 5.131008e+00 0.000000e+00 1.779790e+00
      vertex 4.948534e+00 7.000000e+01 2.325147e+00
      vertex 5.131008e+00 7.000000e+01 1.779790e+00
    endloop
  endfacet
  facet normal -8.703557e-01 0.000000e+00 -4.924235e-01
    outer loop
      vertex 5.131008e+00 0.000000e+00 1.779790e+00
      vertex 5.131008e+00 7.000000e+01 1.779790e+00
      vertex 5.414188e+00 0.000000e+00 1.279271e+00
    endloop
  endfacet
  facet normal -8.703557e-01 0.000000e+00 -4.924235e-01
    outer loop
      vertex 5.414188e+00 0.000000e+00 1.279271e+00
      vertex 5.131008e+00 7.000000e+01 1.779790e+00
      vertex 5.414188e+00 7.000000e+01 1.279271e+00
    endloop
  endfacet
  facet normal -7.604061e-01 0.000000e+00 -6.494478e-01
    outer loop
      vertex 5.414188e+00 0.000000e+00 1.279271e+00
      vertex 5.414188e+00 7.000000e+01 1.279271e+00
      vertex 5.787669e+00 0.000000e+00 8.419806e-01
    endloop
  endfacet
  facet normal -7.604061e-01 0.000000e+00 -6.494478e-01
    outer loop
      vertex 5.787669e+00 0.000000e+00 8.419806e-01
      vertex 5.414188e+00 7.000000e+01 1.279271e+00
      vertex 5.787669e+00 7.000000e+01 8.419806e-01
    endloop
  endfacet
  facet normal -6.225146e-01 0.000000e+00 -7.826082e-01
    outer loop
      vertex 5.787669e+00 0.000000e+00 8.419806e-01
      vertex 5.787669e+00 7.000000e+01 8.419806e-01
      vertex 6.237727e+00 0.000000e+00 4.839883e-01
    endloop
  endfacet
  facet normal -6.225146e-01 0.000000e+00 -7.826082e-01
    outer loop
      vertex 6.237727e+00 0.000000e+00 4.839883e-01
      vertex 5.787669e+00 7.000000e+01 8.419806e-01
      vertex 6.237727e+00 7.000000e+01 4.839883e-01
    endloop
  endfacet
  facet normal -4.617485e-01 0.000000e+00 -8.870108e-01
    outer loop
      vertex 6.237727e+00 0.000000e+00 4.839883e-01
      vertex 6.237727e+00 7.000000e+01 4.839883e-01
      vertex 6.747825e+00 0.000000e+00 2.184484e-01
    endloop
  endfacet
  facet normal -4.617485e-01 0.000000e+00 -8.870108e-01
    outer loop
      vertex 6.747825e+00 0.000000e+00 2.184484e-01
      vertex 6.237727e+00 7.000000e+01 4.839883e-01
      vertex 6.747825e+00 7.000000e+01 2.184484e-01
    endloop
  endfacet
  facet normal -2.840152e-01 0.000000e+00 -9.588198e-01
    outer loop
      vertex 6.747825e+00 0.000000e+00 2.184484e-01
      vertex 6.747825e+00 7.000000e+01 2.184484e-01
      vertex 7.299218e+00 0.000000e+00 5.511845e-02
    endloop
  endfacet
  facet normal -2.840152e-01 0.000000e+00 -9.588198e-01
    outer loop
      vertex 7.299218e+00 0.000000e+00 5.511845e-02
      vertex 6.747825e+00 7.000000e+01 2.184484e-01
      vertex 7.299218e+00 7.000000e+01 5.511845e-02
    endloop
  endfacet
  facet normal -9.584578e-02 0.000000e+00 -9.953963e-01
    outer loop
      vertex 7.299218e+00 0.000000e+00 5.511845e-02
      vertex 7.299218e+00 7.000000e+01 5.511845e-02
      vertex 7.871644e+00 0.000000e+00 0.000000e+00
    endloop
  endfacet
  facet normal -9.584578e-02 0.000000e+00 -9.953963e-01
    outer loop
      vertex 7.871644e+00 0.000000e+00 0.000000e+00
      vertex 7.299218e+00 7.000000e+01 5.511845e-02
      vertex 7.871644e+00 7.000000e+01 0.000000e+00
    endloop
  endfacet
  facet normal 7.134142e-02 9.974520e-01 -0.000000e+00
    outer loop
      vertex 9.400000e+01 7.000000e+01 0.000000e+00
      vertex 9.400000e+01 7.000000e+01 3.000000e+00
      vertex 9.485389e+01 6.993893e+01 0.000000e+00
    endloop
  endfacet
  facet normal 7.134142e-02 9.974520e-01 -0.000000e+00
    outer loop
      vertex 9.485389e+01 6.993893e+01 0.000000e+00
      vertex 9.400000e+01 7.000000e+01 3.000000e+00
      vertex 9.485389e+01 6.993893e+01 3.000000e+00
    endloop
  endfacet
  facet normal 2.125639e-01 9.771471e-01 -0.000000e+00
    outer loop
      vertex 9.485389e+01 6.993893e+01 0.000000e+00
      vertex 9.485389e+01 6.993893e+01 3.000000e+00
      vertex 9.569039e+01 6.975696e+01 0.000000e+00
    endloop
  endfacet
  facet normal 2.125639e-01 9.771471e-01 -0.000000e+00
    outer loop
      vertex 9.569039e+01 6.975696e+01 0.000000e+00
      vertex 9.485389e+01 6.993893e+01 3.000000e+00
      vertex 9.569039e+01 6.975696e+01 3.000000e+00
    endloop
  endfacet
  facet normal 3.494596e-01 9.369515e-01 -0.000000e+00
    outer loop
      vertex 9.569039e+01 6.975696e+01 0.000000e+00
      vertex 9.569039e+01 6.975696e+01 3.000000e+00
      vertex 9.649249e+01 6.945779e+01 0.000000e+00
    endloop
  endfacet
  facet normal 3.494596e-01 9.369515e-01 -0.000000e+00
    outer loop
      vertex 9.649249e+01 6.945779e+01 0.000000e+00
      vertex 9.569039e+01 6.975696e+01 3.000000e+00
      vertex 9.649249e+01 6.945779e+01 3.000000e+00
    endloop
  endfacet
  facet normal 4.792511e-01 8.776779e-01 -0.000000e+00
    outer loop
      vertex 9.649249e+01 6.945779e+01 0.000000e+00
      vertex 9.649249e+01 6.945779e+01 3.000000e+00
      vertex 9.724384e+01 6.904752e+01 0.000000e+00
    endloop
  endfacet
  facet normal 4.792511e-01 8.776779e-01 -0.000000e+00
    outer loop
      vertex 9.724384e+01 6.904752e+01 0.000000e+00
      vertex 9.649249e+01 6.945779e+01 3.000000e+00
      vertex 9.724384e+01 6.904752e+01 3.000000e+00
    endloop
  endfacet
  facet normal 5.992782e-01 8.005408e-01 -0.000000e+00
    outer loop
      vertex 9.724384e+01 6.904752e+01 0.000000e+00
      vertex 9.724384e+01 6.904752e+01 3.000000e+00
      vertex 9.792916e+01 6.853450e+01 0.000000e+00
    endloop
  endfacet
  facet normal 5.992782e-01 8.005408e-01 -0.000000e+00
    outer loop
      vertex 9.792916e+01 6.853450e+01 0.000000e+00
      vertex 9.724384e+01 6.904752e+01 3.000000e+00
      vertex 9.792916e+01 6.853450e+01 3.000000e+00
    endloop
  endfacet
  facet normal 7.071068e-01 7.071068e-01 -0.000000e+00
    outer loop
      vertex 9.792916e+01 6.853450e+01 0.000000e+00
      vertex 9.792916e+01 6.853450e+01 3.000000e+00
      vertex 9.853450e+01 6.792916e+01 0.000000e+00
    endloop
  endfacet
  facet normal 7.071068e-01 7.071068e-01 -0.000000e+00
    outer loop
      vertex 9.853450e+01 6.792916e+01 0.000000e+00
      vertex 9.792916e+01 6.853450e+01 3.000000e+00
      vertex 9.853450e+01 6.792916e+01 3.000000e+00
    endloop
  endfacet
  facet normal 8.005408e-01 5.992782e-01 -0.000000e+00
    outer loop
      vertex 9.853450e+01 6.792916e+01 0.000000e+00
      vertex 9.853450e+01 6.792916e+01 3.000000e+00
      vertex 9.904752e+01 6.724384e+01 0.000000e+00
    endloop
  endfacet
  facet normal 8.005408e-01 5.992782e-01 -0.000000e+00
    outer loop
      vertex 9.904752e+01 6.724384e+01 0.000000e+00
      vertex 9.853450e+01 6.792916e+01 3.000000e+00
      vertex 9.904752e+01 6.724384e+01 3.000000e+00
    endloop
  endfacet
  facet normal 8.776779e-01 4.792511e-01 -0.000000e+00
    outer loop
      vertex 9.904752e+01 6.724384e+01 0.000000e+00
      vertex 9.904752e+01 6.724384e+01 3.000000e+00
      vertex 9.945779e+01 6.649249e+01 0.000000e+00
    endloop
  endfacet
  facet normal 8.776779e-01 4.792511e-01 -0.000000e+00
    outer loop
      vertex 9.945779e+01 6.649249e+01 0.000000e+00
      vertex 9.904752e+01 6.724384e+01 3.000000e+00
      vertex 9.945779e+01 6.649249e+01 3.000000e+00
    endloop
  endfacet
  facet normal 9.369515e-01 3.494596e-01 -0.000000e+00
    outer loop
      vertex 9.945779e+01 6.649249e+01 0.000000e+00
      vertex 9.945779e+01 6.649249e+01 3.000000e+00
      vertex 9.975696e+01 6.569039e+01 0.000000e+00
    endloop
  endfacet
  facet normal 9.369515e-01 3.494596e-01 -0.000000e+00
    outer loop
      vertex 9.975696e+01 6.569039e+01 0.000000e+00
      vertex 9.945779e+01 6.649249e+01 3.000000e+00
      vertex 9.975696e+01 6.569039e+01 3.000000e+00
    endloop
  endfacet
  facet normal 9.771471e-01 2.125639e-01 -0.000000e+00
    outer loop
      vertex 9.975696e+01 6.569039e+01 0.000000e+00
      vertex 9.975696e+01 6.569039e+01 3.000000e+00
      vertex 9.993893e+01 6.485389e+01 0.000000e+00
    endloop
  endfacet
  facet normal 9.771471e-01 2.125639e-01 -0.000000e+00
    outer loop
      vertex 9.993893e+01 6.485389e+01 0.000000e+00
      vertex 9.975696e+01 6.569039e+01 3.000000e+00
      vertex 9.993893e+01 6.485389e+01 3.000000e+00
    endloop
  endfacet
  facet normal 9.974520e-01 7.134142e-02 -0.000000e+00
    outer loop
      vertex 9.993893e+01 6.485389e+01 0.000000e+00
      vertex 9.993893e+01 6.485389e+01 3.000000e+00
      vertex 1.000000e+02 6.400000e+01 0.000000e+00
    endloop
  endfacet
  facet normal 9.974520e-01 7.134142e-02 -0.000000e+00
    outer loop
      vertex 1.000000e+02 6.400000e+01 0.000000e+00
      vertex 9.993893e+01 6.485389e+01 3.000000e+00
      vertex 1.000000e+02 6.400000e+01 3.000000e+00
    endloop
  endfacet
  facet normal 9.974520e-01 -7.134146e-02 0.000000e+00
    outer loop
      vertex 1.000000e+02 6.000000e+00 0.000000e+00
      vertex 1.000000e+02 6.000000e+00 3.000000e+00
      vertex 9.993893e+01 5.146111e+00 0.000000e+00
    endloop
  endfacet
  facet normal 9.974520e-01 -7.134146e-02 0.000000e+00
    outer loop
      vertex 9.993893e+01 5.146111e+00 0.000000e+00
      vertex 1.000000e+02 6.000000e+00 3.000000e+00
      vertex 9.993893e+01 5.146111e+00 3.000000e+00
    endloop
  endfacet
  facet normal 9.771474e-01 -2.125629e-01 0.000000e+00
    outer loop
      vertex 9.993893e+01 5.146111e+00 0.000000e+00
      vertex 9.993893e+01 5.146111e+00 3.000000e+00
      vertex 9.975696e+01 4.309605e+00 0.000000e+00
    endloop
  endfacet
  facet normal 9.771474e-01 -2.125629e-01 0.000000e+00
    outer loop
      vertex 9.975696e+01 4.309605e+00 0.000000e+00
      vertex 9.993893e+01 5.146111e+00 3.000000e+00
      vertex 9.975696e+01 4.309605e+00 3.000000e+00
    endloop
  endfacet
  facet normal 9.369504e-01 -3.494621e-01 0.000000e+00
    outer loop
      vertex 9.975696e+01 4.309605e+00 0.000000e+00
      vertex 9.975696e+01 4.309605e+00 3.000000e+00
      vertex 9.945779e+01 3.507510e+00 0.000000e+00
    endloop
  endfacet
  facet normal 9.369504e-01 -3.494621e-01 0.000000e+00
    outer loop
      vertex 9.945779e+01 3.507510e+00 0.000000e+00
      vertex 9.975696e+01 4.309605e+00 3.000000e+00
      vertex 9.945779e+01 3.507510e+00 3.000000e+00
    endloop
  endfacet
  facet normal 8.776790e-01 -4.792489e-01 0.000000e+00
    outer loop
      vertex 9.945779e+01 3.507510e+00 0.000000e+00
      vertex 9.945779e+01 3.507510e+00 3.000000e+00
      vertex 9.904752e+01 2.756155e+00 0.000000e+00
    endloop
  endfacet
  facet normal 8.776790e-01 -4.792489e-01 0.000000e+00
    outer loop
      vertex 9.904752e+01 2.756155e+00 0.000000e+00
      vertex 9.945779e+01 3.507510e+00 3.000000e+00
      vertex 9.904752e+01 2.756155e+00 3.000000e+00
    endloop
  endfacet
  facet normal 8.005415e-01 -5.992774e-01 0.000000e+00
    outer loop
      vertex 9.904752e+01 2.756155e+00 0.000000e+00
      vertex 9.904752e+01 2.756155e+00 3.000000e+00
      vertex 9.853450e+01 2.070836e+00 0.000000e+00
    endloop
  endfacet
  facet normal 8.005415e-01 -5.992774e-01 0.000000e+00
    outer loop
      vertex 9.853450e+01 2.070836e+00 0.000000e+00
      vertex 9.904752e+01 2.756155e+00 3.000000e+00
      vertex 9.853450e+01 2.070836e+00 3.000000e+00
    endloop
  endfacet
  facet normal 7.071033e-01 -7.071102e-01 0.000000e+00
    outer loop
      vertex 9.853450e+01 2.070836e+00 0.000000e+00
      vertex 9.853450e+01 2.070836e+00 3.000000e+00
      vertex 9.792916e+01 1.465503e+00 0.000000e+00
    endloop
  endfacet
  facet normal 7.071033e-01 -7.071102e-01 0.000000e+00
    outer loop
      vertex 9.792916e+01 1.465503e+00 0.000000e+00
      vertex 9.853450e+01 2.070836e+00 3.000000e+00
      vertex 9.792916e+01 1.465503e+00 3.000000e+00
    endloop
  endfacet
  facet normal 5.992785e-01 -8.005406e-01 0.000000e+00
    outer loop
      vertex 9.792916e+01 1.465503e+00 0.000000e+00
      vertex 9.792916e+01 1.465503e+00 3.000000e+00
      vertex 9.724384e+01 9.524788e-01 0.000000e+00
    endloop
  endfacet
  facet normal 5.992785e-01 -8.005406e-01 0.000000e+00
    outer loop
      vertex 9.724384e+01 9.524788e-01 0.000000e+00
      vertex 9.792916e+01 1.465503e+00 3.000000e+00
      vertex 9.724384e+01 9.524788e-01 3.000000e+00
    endloop
  endfacet
  facet normal 4.792512e-01 -8.776778e-01 0.000000e+00
    outer loop
      vertex 9.724384e+01 9.524788e-01 0.000000e+00
      vertex 9.724384e+01 9.524788e-01 3.000000e+00
      vertex 9.649249e+01 5.422080e-01 0.000000e+00
    endloop
  endfacet
  facet normal 4.792512e-01 -8.776778e-01 0.000000e+00
    outer loop
      vertex 9.649249e+01 5.422080e-01 0.000000e+00
      vertex 9.724384e+01 9.524788e-01 3.000000e+00
      vertex 9.649249e+01 5.422080e-01 3.000000e+00
    endloop
  endfacet
  facet normal 3.494617e-01 -9.369507e-01 0.000000e+00
    outer loop
      vertex 9.649249e+01 5.422080e-01 0.000000e+00
      vertex 9.649249e+01 5.422080e-01 3.000000e+00
      vertex 9.569039e+01 2.430422e-01 0.000000e+00
    endloop
  endfacet
  facet normal 3.494617e-01 -9.369507e-01 0.000000e+00
    outer loop
      vertex 9.569039e+01 2.430422e-01 0.000000e+00
      vertex 9.649249e+01 5.422080e-01 3.000000e+00
      vertex 9.569039e+01 2.430422e-01 3.000000e+00
    endloop
  endfacet
  facet normal 2.125663e-01 -9.771466e-01 0.000000e+00
    outer loop
      vertex 9.569039e+01 2.430422e-01 0.000000e+00
      vertex 9.569039e+01 2.430422e-01 3.000000e+00
      vertex 9.485389e+01 6.107135e-02 0.000000e+00
    endloop
  endfacet
  facet normal 2.125663e-01 -9.771466e-01 0.000000e+00
    outer loop
      vertex 9.485389e+01 6.107135e-02 0.000000e+00
      vertex 9.569039e+01 2.430422e-01 3.000000e+00
      vertex 9.485389e+01 6.107135e-02 3.000000e+00
    endloop
  endfacet
  facet normal 7.133915e-02 -9.974521e-01 0.000000e+00
    outer loop
      vertex 9.485389e+01 6.107135e-02 0.000000e+00
      vertex 9.485389e+01 6.107135e-02 3.000000e+00
      vertex 9.400000e+01 0.000000e+00 0.000000e+00
    endloop
  endfacet
  facet normal 7.133915e-02 -9.974521e-01 0.000000e+00
    outer loop
      vertex 9.400000e+01 0.000000e+00 0.000000e+00
      vertex 9.485389e+01 6.107135e-02 3.000000e+00
      vertex 9.400000e+01 0.000000e+00 3.000000e+00
    endloop
  endfacet
  facet normal 0.000000e+00 0.000000e+00 1.000000e+00
    outer loop
      vertex 9.792916e+01 1.465503e+00 3.000000e+00
      vertex 9.724384e+01 6.904752e+01 3.000000e+00
      vertex 9.724384e+01 9.524788e-01 3.000000e+00
    endloop
  endfacet
  facet normal 0.000000e+00 -0.000000e+00 1.000000e+00
    outer loop
      vertex 9.724384e+01 9.524788e-01 3.000000e+00
      vertex 9.724384e+01 6.904752e+01 3.000000e+00
      vertex 9.649249e+01 6.945779e+01 3.000000e+00
    endloop
  endfacet
  facet normal 0.000000e+00 0.000000e+00 1.000000e+00
    outer loop
      vertex 9.724384e+01 9.524788e-01 3.000000e+00
      vertex 9.649249e+01 6.945779e+01 3.000000e+00
      vertex 9.649249e+01 5.422080e-01 3.000000e+00
    endloop
  endfacet
  facet normal 0.000000e+00 -0.000000e+00 1.000000e+00
    outer loop
      vertex 9.649249e+01 5.422080e-01 3.000000e+00
      vertex 9.649249e+01 6.945779e+01 3.000000e+00
      vertex 9.569039e+01 6.975696e+01 3.000000e+00
    endloop
  endfacet
  facet normal 0.000000e+00 0.000000e+00 1.000000e+00
    outer loop
      vertex 9.649249e+01 5.422080e-01 3.000000e+00
      vertex 9.569039e+01 6.975696e+01 3.000000e+00
      vertex 9.569039e+01 2.430422e-01 3.000000e+00
    endloop
  endfacet
  facet normal 0.000000e+00 -0.000000e+00 1.000000e+00
    outer loop
      vertex 9.569039e+01 2.430422e-01 3.000000e+00
      vertex 9.569039e+01 6.975696e+01 3.000000e+00
      vertex 9.485389e+01 6.993893e+01 3.000000e+00
    endloop
  endfacet
  facet normal 0.000000e+00 0.000000e+00 1.000000e+00
    outer loop
      vertex 9.569039e+01 2.430422e-01 3.000000e+00
      vertex 9.485389e+01 6.993893e+01 3.000000e+00
      vertex 9.485389e+01 6.107135e-02 3.000000e+00
    endloop
  endfacet
  facet normal 0.000000e+00 -0.000000e+00 1.000000e+00
    outer loop
      vertex 9.485389e+01 6.107135e-02 3.000000e+00
      vertex 9.485389e+01 6.993893e+01 3.000000e+00
      vertex 9.400000e+01 7.000000e+01 3.000000e+00
    endloop
  endfacet
  facet normal 0.000000e+00 0.000000e+00 1.000000e+00
    outer loop
      vertex 9.485389e+01 6.107135e-02 3.000000e+00
      vertex 9.400000e+01 7.000000e+01 3.000000e+00
      vertex 9.400000e+01 0.000000e+00 3.000000e+00
    endloop
  endfacet
  facet normal 0.000000e+00 -0.000000e+00 1.000000e+00
    outer loop
      vertex 9.400000e+01 0.000000e+00 3.000000e+00
      vertex 9.400000e+01 7.000000e+01 3.000000e+00
      vertex 2.570963e+01 7.000000e+01 3.000000e+00
    endloop
  endfacet
  facet normal 0.000000e+00 0.000000e+00 1.000000e+00
    outer loop
      vertex 9.400000e+01 0.000000e+00 3.000000e+00
      vertex 2.570963e+01 7.000000e+01 3.000000e+00
      vertex 2.570963e+01 0.000000e+00 3.000000e+00
    endloop
  endfacet
  facet normal 0.000000e+00 0.000000e+00 1.000000e+00
    outer loop
      vertex 9.724384e+01 6.904752e+01 3.000000e+00
      vertex 9.792916e+01 1.465503e+00 3.000000e+00
      vertex 9.792916e+01 6.853450e+01 3.000000e+00
    endloop
  endfacet
  facet normal 0.000000e+00 0.000000e+00 1.000000e+00
    outer loop
      vertex 9.792916e+01 6.853450e+01 3.000000e+00
      vertex 9.792916e+01 1.465503e+00 3.000000e+00
      vertex 9.853450e+01 2.070836e+00 3.000000e+00
    endloop
  endfacet
  facet normal 0.000000e+00 0.000000e+00 1.000000e+00
    outer loop
      vertex 9.792916e+01 6.853450e+01 3.000000e+00
      vertex 9.853450e+01 2.070836e+00 3.000000e+00
      vertex 9.853450e+01 6.792916e+01 3.000000e+00
    endloop
  endfacet
  facet normal 0.000000e+00 0.000000e+00 1.000000e+00
    outer loop
      vertex 9.853450e+01 6.792916e+01 3.000000e+00
      vertex 9.853450e+01 2.070836e+00 3.000000e+00
      vertex 9.904752e+01 2.756155e+00 3.000000e+00
    endloop
  endfacet
  facet normal 0.000000e+00 0.000000e+00 1.000000e+00
    outer loop
      vertex 9.853450e+01 6.792916e+01 3.000000e+00
      vertex 9.904752e+01 2.756155e+00 3.000000e+00
      vertex 9.904752e+01 6.724384e+01 3.000000e+00
    endloop
  endfacet
  facet normal 0.000000e+00 0.000000e+00 1.000000e+00
    outer loop
      vertex 9.904752e+01 6.724384e+01 3.000000e+00
      vertex 9.904752e+01 2.756155e+00 3.000000e+00
      vertex 9.945779e+01 3.507510e+00 3.000000e+00
    endloop
  endfacet
  facet normal 0.000000e+00 0.000000e+00 1.000000e+00
    outer loop
      vertex 9.904752e+01 6.724384e+01 3.000000e+00
      vertex 9.945779e+01 3.507510e+00 3.000000e+00
      vertex 9.945779e+01 6.649249e+01 3.000000e+00
    endloop
  endfacet
  facet normal 0.000000e+00 0.000000e+00 1.000000e+00
    outer loop
      vertex 9.945779e+01 6.649249e+01 3.000000e+00
      vertex 9.945779e+01 3.507510e+00 3.000000e+00
      vertex 9.975696e+01 4.309605e+00 3.000000e+00
    endloop
  endfacet
  facet normal 0.000000e+00 0.000000e+00 1.000000e+00
    outer loop
      vertex 9.945779e+01 6.649249e+01 3.000000e+00
      vertex 9.975696e+01 4.309605e+00 3.000000e+00
      vertex 9.975696e+01 6.569039e+01 3.000000e+00
    endloop
  endfacet
  facet normal 0.000000e+00 0.000000e+00 1.000000e+00
    outer loop
      vertex 9.975696e+01 6.569039e+01 3.000000e+00
      vertex 9.975696e+01 4.309605e+00 3.000000e+00
      vertex 9.993893e+01 5.146111e+00 3.000000e+00
    endloop
  endfacet
  facet normal 0.000000e+00 0.000000e+00 1.000000e+00
    outer loop
      vertex 9.975696e+01 6.569039e+01 3.000000e+00
      vertex 9.993893e+01 5.146111e+00 3.000000e+00
      vertex 9.993893e+01 6.485389e+01 3.000000e+00
    endloop
  endfacet
  facet normal 0.000000e+00 0.000000e+00 1.000000e+00
    outer loop
      vertex 9.993893e+01 6.485389e+01 3.000000e+00
      vertex 9.993893e+01 5.146111e+00 3.000000e+00
      vertex 1.000000e+02 6.000000e+00 3.000000e+00
    endloop
  endfacet
  facet normal 0.000000e+00 0.000000e+00 1.000000e+00
    outer loop
      vertex 9.993893e+01 6.485389e+01 3.000000e+00
      vertex 1.000000e+02 6.000000e+00 3.000000e+00
      vertex 1.000000e+02 6.400000e+01 3.000000e+00
    endloop
  endfacet
  facet normal 1.000000e+00 0.000000e+00 0.000000e+00
    outer loop
      vertex 1.000000e+02 6.000000e+00 0.000000e+00
      vertex 1.000000e+02 6.400000e+01 0.000000e+00
      vertex 1.000000e+02 6.000000e+00 3.000000e+00
    endloop
  endfacet
  facet normal 1.000000e+00 -0.000000e+00 0.000000e+00
    outer loop
      vertex 1.000000e+02 6.000000e+00 3.000000e+00
      vertex 1.000000e+02 6.400000e+01 0.000000e+00
      vertex 1.000000e+02 6.400000e+01 3.000000e+00
    endloop
  endfacet
  facet normal 0.000000e+00 0.000000e+00 -1.000000e+00
    outer loop
      vertex 9.792916e+01 1.465503e+00 0.000000e+00
      vertex 9.853450e+01 6.792916e+01 0.000000e+00
      vertex 9.853450e+01 2.070836e+00 0.000000e+00
    endloop
  endfacet
  facet normal 0.000000e+00 0.000000e+00 -1.000000e+00
    outer loop
      vertex 9.853450e+01 2.070836e+00 0.000000e+00
      vertex 9.853450e+01 6.792916e+01 0.000000e+00
      vertex 9.904752e+01 6.724384e+01 0.000000e+00
    endloop
  endfacet
  facet normal 0.000000e+00 0.000000e+00 -1.000000e+00
    outer loop
      vertex 9.853450e+01 2.070836e+00 0.000000e+00
      vertex 9.904752e+01 6.724384e+01 0.000000e+00
      vertex 9.904752e+01 2.756155e+00 0.000000e+00
    endloop
  endfacet
  facet normal 0.000000e+00 0.000000e+00 -1.000000e+00
    outer loop
      vertex 9.904752e+01 2.756155e+00 0.000000e+00
      vertex 9.904752e+01 6.724384e+01 0.000000e+00
      vertex 9.945779e+01 6.649249e+01 0.000000e+00
    endloop
  endfacet
  facet normal 0.000000e+00 0.000000e+00 -1.000000e+00
    outer loop
      vertex 9.904752e+01 2.756155e+00 0.000000e+00
      vertex 9.945779e+01 6.649249e+01 0.000000e+00
      vertex 9.945779e+01 3.507510e+00 0.000000e+00
    endloop
  endfacet
  facet normal 0.000000e+00 0.000000e+00 -1.000000e+00
    outer loop
      vertex 9.945779e+01 3.507510e+00 0.000000e+00
      vertex 9.945779e+01 6.649249e+01 0.000000e+00
      vertex 9.975696e+01 6.569039e+01 0.000000e+00
    endloop
  endfacet
  facet normal 0.000000e+00 0.000000e+00 -1.000000e+00
    outer loop
      vertex 9.945779e+01 3.507510e+00 0.000000e+00
      vertex 9.975696e+01 6.569039e+01 0.000000e+00
      vertex 9.975696e+01 4.309605e+00 0.000000e+00
    endloop
  endfacet
  facet normal 0.000000e+00 0.000000e+00 -1.000000e+00
    outer loop
      vertex 9.975696e+01 4.309605e+00 0.000000e+00
      vertex 9.975696e+01 6.569039e+01 0.000000e+00
      vertex 9.993893e+01 6.485389e+01 0.000000e+00
    endloop
  endfacet
  facet normal 0.000000e+00 0.000000e+00 -1.000000e+00
    outer loop
      vertex 9.975696e+01 4.309605e+00 0.000000e+00
      vertex 9.993893e+01 6.485389e+01 0.000000e+00
      vertex 9.993893e+01 5.146111e+00 0.000000e+00
    endloop
  endfacet
  facet normal 0.000000e+00 0.000000e+00 -1.000000e+00
    outer loop
      vertex 9.993893e+01 5.146111e+00 0.000000e+00
      vertex 9.993893e+01 6.485389e+01 0.000000e+00
      vertex 1.000000e+02 6.400000e+01 0.000000e+00
    endloop
  endfacet
  facet normal 0.000000e+00 0.000000e+00 -1.000000e+00
    outer loop
      vertex 9.993893e+01 5.146111e+00 0.000000e+00
      vertex 1.000000e+02 6.400000e+01 0.000000e+00
      vertex 1.000000e+02 6.000000e+00 0.000000e+00
    endloop
  endfacet
  facet normal -0.000000e+00 0.000000e+00 -1.000000e+00
    outer loop
      vertex 9.853450e+01 6.792916e+01 0.000000e+00
      vertex 9.792916e+01 1.465503e+00 0.000000e+00
      vertex 9.792916e+01 6.853450e+01 0.000000e+00
    endloop
  endfacet
  facet normal 0.000000e+00 -0.000000e+00 -1.000000e+00
    outer loop
      vertex 9.792916e+01 6.853450e+01 0.000000e+00
      vertex 9.792916e+01 1.465503e+00 0.000000e+00
      vertex 9.724384e+01 9.524788e-01 0.000000e+00
    endloop
  endfacet
  facet normal -0.000000e+00 0.000000e+00 -1.000000e+00
    outer loop
      vertex 9.792916e+01 6.853450e+01 0.000000e+00
      vertex 9.724384e+01 9.524788e-01 0.000000e+00
      vertex 9.724384e+01 6.904752e+01 0.000000e+00
    endloop
  endfacet
  facet normal 0.000000e+00 -0.000000e+00 -1.000000e+00
    outer loop
      vertex 9.724384e+01 6.904752e+01 0.000000e+00
      vertex 9.724384e+01 9.524788e-01 0.000000e+00
      vertex 9.649249e+01 5.422080e-01 0.000000e+00
    endloop
  endfacet
  facet normal -0.000000e+00 0.000000e+00 -1.000000e+00
    outer loop
      vertex 9.724384e+01 6.904752e+01 0.000000e+00
      vertex 9.649249e+01 5.422080e-01 0.000000e+00
      vertex 9.649249e+01 6.945779e+01 0.000000e+00
    endloop
  endfacet
  facet normal 0.000000e+00 -0.000000e+00 -1.000000e+00
    outer loop
      vertex 9.649249e+01 6.945779e+01 0.000000e+00
      vertex 9.649249e+01 5.422080e-01 0.000000e+00
      vertex 9.569039e+01 2.430422e-01 0.000000e+00
    endloop
  endfacet
  facet normal -0.000000e+00 0.000000e+00 -1.000000e+00
    outer loop
      vertex 9.649249e+01 6.945779e+01 0.000000e+00
      vertex 9.569039e+01 2.430422e-01 0.000000e+00
      vertex 9.569039e+01 6.975696e+01 0.000000e+00
    endloop
  endfacet
  facet normal 0.000000e+00 -0.000000e+00 -1.000000e+00
    outer loop
      vertex 9.569039e+01 6.975696e+01 0.000000e+00
      vertex 9.569039e+01 2.430422e-01 0.000000e+00
      vertex 9.485389e+01 6.107135e-02 0.000000e+00
    endloop
  endfacet
  facet normal -0.000000e+00 0.000000e+00 -1.000000e+00
    outer loop
      vertex 9.569039e+01 6.975696e+01 0.000000e+00
      vertex 9.485389e+01 6.107135e-02 0.000000e+00
      vertex 9.485389e+01 6.993893e+01 0.000000e+00
    endloop
  endfacet
  facet normal 0.000000e+00 -0.000000e+00 -1.000000e+00
    outer loop
      vertex 9.485389e+01 6.993893e+01 0.000000e+00
      vertex 9.485389e+01 6.107135e-02 0.000000e+00
      vertex 9.400000e+01 0.000000e+00 0.000000e+00
    endloop
  endfacet
  facet normal -0.000000e+00 0.000000e+00 -1.000000e+00
    outer loop
      vertex 9.485389e+01 6.993893e+01 0.000000e+00
      vertex 9.400000e+01 0.000000e+00 0.000000e+00
      vertex 9.400000e+01 7.000000e+01 0.000000e+00
    endloop
  endfacet
  facet normal 0.000000e+00 -0.000000e+00 -1.000000e+00
    outer loop
      vertex 9.400000e+01 7.000000e+01 0.000000e+00
      vertex 9.400000e+01 0.000000e+00 0.000000e+00
      vertex 7.871644e+00 0.000000e+00 0.000000e+00
    endloop
  endfacet
  facet normal -0.000000e+00 0.000000e+00 -1.000000e+00
    outer loop
      vertex 9.400000e+01 7.000000e+01 0.000000e+00
      vertex 7.871644e+00 0.000000e+00 0.000000e+00
      vertex 7.871644e+00 7.000000e+01 0.000000e+00
    endloop
  endfacet
  facet normal -3.316002e-02 9.969170e-01 7.111192e-02
    outer loop
      vertex 1.031832e+02 7.000000e+01 4.415162e+01
      vertex 9.955794e+01 7.000000e+01 4.246115e+01
      vertex 1.028526e+02 6.993844e+01 4.486051e+01
    endloop
  endfacet
  facet normal -3.316002e-02 9.969170e-01 7.111191e-02
    outer loop
      vertex 1.028526e+02 6.993844e+01 4.486051e+01
      vertex 9.955794e+01 7.000000e+01 4.246115e+01
      vertex 9.922738e+01 6.993844e+01 4.317004e+01
    endloop
  endfacet
  facet normal -9.865835e-02 9.723699e-01 2.115736e-01
    outer loop
      vertex 1.028526e+02 6.993844e+01 4.486051e+01
      vertex 9.922738e+01 6.993844e+01 4.317004e+01
      vertex 1.025302e+02 6.975528e+01 4.555194e+01
    endloop
  endfacet
  facet normal -9.865777e-02 9.723701e-01 2.115728e-01
    outer loop
      vertex 1.025302e+02 6.975528e+01 4.555194e+01
      vertex 9.922738e+01 6.993844e+01 4.317004e+01
      vertex 9.890495e+01 6.975528e+01 4.386147e+01
    endloop
  endfacet
  facet normal -1.617269e-01 9.238813e-01 3.468253e-01
    outer loop
      vertex 1.025302e+02 6.975528e+01 4.555194e+01
      vertex 9.890495e+01 6.975528e+01 4.386147e+01
      vertex 1.022238e+02 6.945503e+01 4.620890e+01
    endloop
  endfacet
  facet normal -1.617279e-01 9.238806e-01 3.468266e-01
    outer loop
      vertex 1.022238e+02 6.945503e+01 4.620890e+01
      vertex 9.890495e+01 6.975528e+01 4.386147e+01
      vertex 9.859861e+01 6.945503e+01 4.451842e+01
    endloop
  endfacet
  facet normal -2.208190e-01 8.526379e-01 4.735479e-01
    outer loop
      vertex 1.022238e+02 6.945503e+01 4.620890e+01
      vertex 9.859861e+01 6.945503e+01 4.451842e+01
      vertex 1.019411e+02 6.904508e+01 4.681519e+01
    endloop
  endfacet
  facet normal -2.208189e-01 8.526379e-01 4.735478e-01
    outer loop
      vertex 1.019411e+02 6.904508e+01 4.681519e+01
      vertex 9.859861e+01 6.945503e+01 4.451842e+01
      vertex 9.831590e+01 6.904508e+01 4.512472e+01
    endloop
  endfacet
  facet normal -2.744665e-01 7.604101e-01 5.885954e-01
    outer loop
      vertex 1.019411e+02 6.904508e+01 4.681519e+01
      vertex 9.831590e+01 6.904508e+01 4.512472e+01
      vertex 1.016890e+02 6.853554e+01 4.735590e+01
    endloop
  endfacet
  facet normal -2.744665e-01 7.604101e-01 5.885954e-01
    outer loop
      vertex 1.016890e+02 6.853554e+01 4.735590e+01
      vertex 9.831590e+01 6.904508e+01 4.512472e+01
      vertex 9.806376e+01 6.853554e+01 4.566543e+01
    endloop
  endfacet
  facet normal -3.213617e-01 6.494471e-01 6.891626e-01
    outer loop
      vertex 1.016890e+02 6.853554e+01 4.735590e+01
      vertex 9.806376e+01 6.853554e+01 4.566543e+01
      vertex 1.014736e+02 6.793893e+01 4.781771e+01
    endloop
  endfacet
  facet normal -3.213617e-01 6.494471e-01 6.891626e-01
    outer loop
      vertex 1.014736e+02 6.793893e+01 4.781771e+01
      vertex 9.806376e+01 6.853554e+01 4.566543e+01
      vertex 9.784841e+01 6.793893e+01 4.612724e+01
    endloop
  endfacet
  facet normal -3.603415e-01 5.224973e-01 7.727551e-01
    outer loop
      vertex 1.014736e+02 6.793893e+01 4.781771e+01
      vertex 9.784841e+01 6.793893e+01 4.612724e+01
      vertex 1.013004e+02 6.726995e+01 4.818925e+01
    endloop
  endfacet
  facet normal -3.603417e-01 5.224971e-01 7.727552e-01
    outer loop
      vertex 1.013004e+02 6.726995e+01 4.818925e+01
      vertex 9.784841e+01 6.793893e+01 4.612724e+01
      vertex 9.767516e+01 6.726995e+01 4.649878e+01
    endloop
  endfacet
  facet normal -3.904486e-01 3.826821e-01 8.373197e-01
    outer loop
      vertex 1.013004e+02 6.726995e+01 4.818925e+01
      vertex 9.767516e+01 6.726995e+01 4.649878e+01
      vertex 1.011735e+02 6.654508e+01 4.846137e+01
    endloop
  endfacet
  facet normal -3.904485e-01 3.826823e-01 8.373197e-01
    outer loop
      vertex 1.011735e+02 6.654508e+01 4.846137e+01
      vertex 9.767516e+01 6.726995e+01 4.649878e+01
      vertex 9.754827e+01 6.654508e+01 4.677090e+01
    endloop
  endfacet
  facet normal -4.109409e-01 2.334492e-01 8.812656e-01
    outer loop
      vertex 1.011735e+02 6.654508e+01 4.846137e+01
      vertex 9.754827e+01 6.654508e+01 4.677090e+01
      vertex 1.010961e+02 6.578217e+01 4.862737e+01
    endloop
  endfacet
  facet normal -4.109420e-01 2.334451e-01 8.812662e-01
    outer loop
      vertex 1.010961e+02 6.578217e+01 4.862737e+01
      vertex 9.754827e+01 6.654508e+01 4.677090e+01
      vertex 9.747086e+01 6.578217e+01 4.693689e+01
    endloop
  endfacet
  facet normal -4.213162e-01 7.845838e-02 9.035137e-01
    outer loop
      vertex 1.010961e+02 6.578217e+01 4.862737e+01
      vertex 9.747086e+01 6.578217e+01 4.693689e+01
      vertex 1.010701e+02 6.500000e+01 4.868316e+01
    endloop
  endfacet
  facet normal -4.213162e-01 7.845836e-02 9.035137e-01
    outer loop
      vertex 1.010701e+02 6.500000e+01 4.868316e+01
      vertex 9.747086e+01 6.578217e+01 4.693689e+01
      vertex 9.744485e+01 6.500000e+01 4.699268e+01
    endloop
  endfacet
  facet normal -4.213162e-01 -7.845848e-02 9.035137e-01
    outer loop
      vertex 1.010701e+02 5.000000e+00 4.868316e+01
      vertex 9.744485e+01 5.000000e+00 4.699268e+01
      vertex 1.010961e+02 4.217828e+00 4.862737e+01
    endloop
  endfacet
  facet normal -4.213162e-01 -7.845847e-02 9.035137e-01
    outer loop
      vertex 1.010961e+02 4.217828e+00 4.862737e+01
      vertex 9.744485e+01 5.000000e+00 4.699268e+01
      vertex 9.747086e+01 4.217828e+00 4.693689e+01
    endloop
  endfacet
  facet normal -4.109417e-01 -2.334481e-01 8.812655e-01
    outer loop
      vertex 1.010961e+02 4.217828e+00 4.862737e+01
      vertex 9.747086e+01 4.217828e+00 4.693689e+01
      vertex 1.011735e+02 3.454915e+00 4.846137e+01
    endloop
  endfacet
  facet normal -4.109414e-01 -2.334439e-01 8.812668e-01
    outer loop
      vertex 1.011735e+02 3.454915e+00 4.846137e+01
      vertex 9.747086e+01 4.217828e+00 4.693689e+01
      vertex 9.754827e+01 3.454915e+00 4.677090e+01
    endloop
  endfacet
  facet normal -3.904485e-01 -3.826826e-01 8.373196e-01
    outer loop
      vertex 1.011735e+02 3.454915e+00 4.846137e+01
      vertex 9.754827e+01 3.454915e+00 4.677090e+01
      vertex 1.013004e+02 2.730047e+00 4.818925e+01
    endloop
  endfacet
  facet normal -3.904485e-01 -3.826828e-01 8.373195e-01
    outer loop
      vertex 1.013004e+02 2.730047e+00 4.818925e+01
      vertex 9.754827e+01 3.454915e+00 4.677090e+01
      vertex 9.767516e+01 2.730047e+00 4.649878e+01
    endloop
  endfacet
  facet normal -3.603413e-01 -5.224985e-01 7.727544e-01
    outer loop
      vertex 1.013004e+02 2.730047e+00 4.818925e+01
      vertex 9.767516e+01 2.730047e+00 4.649878e+01
      vertex 1.014736e+02 2.061074e+00 4.781771e+01
    endloop
  endfacet
  facet normal -3.603413e-01 -5.224983e-01 7.727546e-01
    outer loop
      vertex 1.014736e+02 2.061074e+00 4.781771e+01
      vertex 9.767516e+01 2.730047e+00 4.649878e+01
      vertex 9.784841e+01 2.061074e+00 4.612724e+01
    endloop
  endfacet
  facet normal -3.213609e-01 -6.494492e-01 6.891609e-01
    outer loop
      vertex 1.014736e+02 2.061074e+00 4.781771e+01
      vertex 9.784841e+01 2.061074e+00 4.612724e+01
      vertex 1.016890e+02 1.464466e+00 4.735590e+01
    endloop
  endfacet
  facet normal -3.213610e-01 -6.494491e-01 6.891610e-01
    outer loop
      vertex 1.016890e+02 1.464466e+00 4.735590e+01
      vertex 9.784841e+01 2.061074e+00 4.612724e+01
      vertex 9.806376e+01 1.464466e+00 4.566543e+01
    endloop
  endfacet
  facet normal -2.744686e-01 -7.604059e-01 5.885999e-01
    outer loop
      vertex 1.016890e+02 1.464466e+00 4.735590e+01
      vertex 9.806376e+01 1.464466e+00 4.566543e+01
      vertex 1.019411e+02 9.549150e-01 4.681519e+01
    endloop
  endfacet
  facet normal -2.744686e-01 -7.604059e-01 5.885999e-01
    outer loop
      vertex 1.019411e+02 9.549150e-01 4.681519e+01
      vertex 9.806376e+01 1.464466e+00 4.566543e+01
      vertex 9.831590e+01 9.549150e-01 4.512472e+01
    endloop
  endfacet
  facet normal -2.208180e-01 -8.526393e-01 4.735457e-01
    outer loop
      vertex 1.019411e+02 9.549150e-01 4.681519e+01
      vertex 9.831590e+01 9.549150e-01 4.512472e+01
      vertex 1.022238e+02 5.449674e-01 4.620890e+01
    endloop
  endfacet
  facet normal -2.208179e-01 -8.526394e-01 4.735456e-01
    outer loop
      vertex 1.022238e+02 5.449674e-01 4.620890e+01
      vertex 9.831590e+01 9.549150e-01 4.512472e+01
      vertex 9.859861e+01 5.449674e-01 4.451842e+01
    endloop
  endfacet
  facet normal -1.617285e-01 -9.238801e-01 3.468278e-01
    outer loop
      vertex 1.022238e+02 5.449674e-01 4.620890e+01
      vertex 9.859861e+01 5.449674e-01 4.451842e+01
      vertex 1.025302e+02 2.447174e-01 4.555194e+01
    endloop
  endfacet
  facet normal -1.617288e-01 -9.238794e-01 3.468294e-01
    outer loop
      vertex 1.025302e+02 2.447174e-01 4.555194e+01
      vertex 9.859861e+01 5.449674e-01 4.451842e+01
      vertex 9.890495e+01 2.447174e-01 4.386147e+01
    endloop
  endfacet
  facet normal -9.865830e-02 -9.723698e-01 2.115739e-01
    outer loop
      vertex 1.025302e+02 2.447174e-01 4.555194e+01
      vertex 9.890495e+01 2.447174e-01 4.386147e+01
      vertex 1.028526e+02 6.155830e-02 4.486051e+01
    endloop
  endfacet
  facet normal -9.865807e-02 -9.723700e-01 2.115730e-01
    outer loop
      vertex 1.028526e+02 6.155830e-02 4.486051e+01
      vertex 9.890495e+01 2.447174e-01 4.386147e+01
      vertex 9.922738e+01 6.155830e-02 4.317004e+01
    endloop
  endfacet
  facet normal -3.315826e-02 -9.969173e-01 7.110814e-02
    outer loop
      vertex 1.028526e+02 6.155830e-02 4.486051e+01
      vertex 9.922738e+01 6.155830e-02 4.317004e+01
      vertex 1.031832e+02 0.000000e+00 4.415162e+01
    endloop
  endfacet
  facet normal -3.315827e-02 -9.969173e-01 7.110814e-02
    outer loop
      vertex 1.031832e+02 0.000000e+00 4.415162e+01
      vertex 9.922738e+01 6.155830e-02 4.317004e+01
      vertex 9.955794e+01 0.000000e+00 4.246115e+01
    endloop
  endfacet
  facet normal -9.063033e-01 2.756302e-07 -4.226279e-01
    outer loop
      vertex 9.744485e+01 6.500000e+01 4.699268e+01
      vertex 9.747086e+01 6.578217e+01 4.693689e+01
      vertex 9.754827e+01 6.654508e+01 4.677090e+01
    endloop
  endfacet
  facet normal -9.063272e-01 9.244210e-06 -4.225766e-01
    outer loop
      vertex 9.744485e+01 6.500000e+01 4.699268e+01
      vertex 9.754827e+01 6.654508e+01 4.677090e+01
      vertex 9.767516e+01 6.726995e+01 4.649878e+01
    endloop
  endfacet
  facet normal -9.062970e-01 -7.950912e-06 -4.226414e-01
    outer loop
      vertex 9.744485e+01 6.500000e+01 4.699268e+01
      vertex 9.767516e+01 6.726995e+01 4.649878e+01
      vertex 9.784841e+01 6.793893e+01 4.612724e+01
    endloop
  endfacet
  facet normal -9.063065e-01 -5.781704e-07 -4.226210e-01
    outer loop
      vertex 9.744485e+01 6.500000e+01 4.699268e+01
      vertex 9.784841e+01 6.793893e+01 4.612724e+01
      vertex 9.806376e+01 6.853554e+01 4.566543e+01
    endloop
  endfacet
  facet normal -9.063094e-01 2.098881e-06 -4.226149e-01
    outer loop
      vertex 9.744485e+01 6.500000e+01 4.699268e+01
      vertex 9.806376e+01 6.853554e+01 4.566543e+01
      vertex 9.831590e+01 6.904508e+01 4.512472e+01
    endloop
  endfacet
  facet normal -9.063128e-01 6.405287e-06 -4.226076e-01
    outer loop
      vertex 9.744485e+01 6.500000e+01 4.699268e+01
      vertex 9.831590e+01 6.904508e+01 4.512472e+01
      vertex 9.859861e+01 6.945503e+01 4.451842e+01
    endloop
  endfacet
  facet normal -9.063066e-01 -2.671505e-06 -4.226210e-01
    outer loop
      vertex 9.744485e+01 6.500000e+01 4.699268e+01
      vertex 9.859861e+01 6.945503e+01 4.451842e+01
      vertex 9.890495e+01 6.975528e+01 4.386147e+01
    endloop
  endfacet
  facet normal -9.063044e-01 -6.368290e-06 -4.226255e-01
    outer loop
      vertex 9.744485e+01 6.500000e+01 4.699268e+01
      vertex 9.890495e+01 6.975528e+01 4.386147e+01
      vertex 9.922738e+01 6.993844e+01 4.317004e+01
    endloop
  endfacet
  facet normal -9.063086e-01 2.117481e-06 -4.226165e-01
    outer loop
      vertex 9.744485e+01 6.500000e+01 4.699268e+01
      vertex 9.922738e+01 6.993844e+01 4.317004e+01
      vertex 9.955794e+01 7.000000e+01 4.246115e+01
    endloop
  endfacet
  facet normal -9.063089e-01 2.670293e-06 -4.226159e-01
    outer loop
      vertex 9.744485e+01 6.500000e+01 4.699268e+01
      vertex 9.955794e+01 7.000000e+01 4.246115e+01
      vertex 9.998055e+01 7.000000e+01 4.155484e+01
    endloop
  endfacet
  facet normal -9.063080e-01 0.000000e+00 -4.226180e-01
    outer loop
      vertex 9.744485e+01 6.500000e+01 4.699268e+01
      vertex 9.998055e+01 7.000000e+01 4.155484e+01
      vertex 9.998055e+01 0.000000e+00 4.155484e+01
    endloop
  endfacet
  facet normal -9.063079e-01 -0.000000e+00 -4.226179e-01
    outer loop
      vertex 9.744485e+01 6.500000e+01 4.699268e+01
      vertex 9.998055e+01 0.000000e+00 4.155484e+01
      vertex 9.744485e+01 5.000000e+00 4.699268e+01
    endloop
  endfacet
  facet normal -9.063089e-01 -1.065092e-05 -4.226159e-01
    outer loop
      vertex 9.998055e+01 0.000000e+00 4.155484e+01
      vertex 9.955794e+01 0.000000e+00 4.246115e+01
      vertex 9.922738e+01 6.155830e-02 4.317004e+01
    endloop
  endfacet
  facet normal -9.063094e-01 -4.223089e-05 -4.226148e-01
    outer loop
      vertex 9.998055e+01 0.000000e+00 4.155484e+01
      vertex 9.922738e+01 6.155830e-02 4.317004e+01
      vertex 9.890495e+01 2.447174e-01 4.386147e+01
    endloop
  endfacet
  facet normal -9.063078e-01 -4.469532e-06 -4.226181e-01
    outer loop
      vertex 9.998055e+01 0.000000e+00 4.155484e+01
      vertex 9.890495e+01 2.447174e-01 4.386147e+01
      vertex 9.859861e+01 5.449674e-01 4.451842e+01
    endloop
  endfacet
  facet normal -9.063062e-01 1.905509e-05 -4.226217e-01
    outer loop
      vertex 9.998055e+01 0.000000e+00 4.155484e+01
      vertex 9.859861e+01 5.449674e-01 4.451842e+01
      vertex 9.831590e+01 9.549150e-01 4.512472e+01
    endloop
  endfacet
  facet normal -9.063081e-01 1.326969e-06 -4.226177e-01
    outer loop
      vertex 9.998055e+01 0.000000e+00 4.155484e+01
      vertex 9.831590e+01 9.549150e-01 4.512472e+01
      vertex 9.806376e+01 1.464466e+00 4.566543e+01
    endloop
  endfacet
  facet normal -9.063087e-01 -3.893125e-06 -4.226163e-01
    outer loop
      vertex 9.998055e+01 0.000000e+00 4.155484e+01
      vertex 9.806376e+01 1.464466e+00 4.566543e+01
      vertex 9.784841e+01 2.061074e+00 4.612724e+01
    endloop
  endfacet
  facet normal -9.063100e-01 -1.093103e-05 -4.226137e-01
    outer loop
      vertex 9.998055e+01 0.000000e+00 4.155484e+01
      vertex 9.784841e+01 2.061074e+00 4.612724e+01
      vertex 9.767516e+01 2.730047e+00 4.649878e+01
    endloop
  endfacet
  facet normal -9.063050e-01 1.247437e-05 -4.226242e-01
    outer loop
      vertex 9.998055e+01 0.000000e+00 4.155484e+01
      vertex 9.767516e+01 2.730047e+00 4.649878e+01
      vertex 9.754827e+01 3.454915e+00 4.677090e+01
    endloop
  endfacet
  facet normal -9.063089e-01 -3.552823e-06 -4.226157e-01
    outer loop
      vertex 9.998055e+01 0.000000e+00 4.155484e+01
      vertex 9.754827e+01 3.454915e+00 4.677090e+01
      vertex 9.747086e+01 4.217828e+00 4.693689e+01
    endloop
  endfacet
  facet normal -9.063084e-01 -1.304842e-06 -4.226170e-01
    outer loop
      vertex 9.998055e+01 0.000000e+00 4.155484e+01
      vertex 9.747086e+01 4.217828e+00 4.693689e+01
      vertex 9.744485e+01 5.000000e+00 4.699268e+01
    endloop
  endfacet
  facet normal -4.226190e-01 0.000000e+00 9.063075e-01
    outer loop
      vertex 1.010701e+02 5.000000e+00 4.868316e+01
      vertex 1.010701e+02 6.500000e+01 4.868316e+01
      vertex 9.744485e+01 5.000000e+00 4.699268e+01
    endloop
  endfacet
  facet normal -4.226190e-01 0.000000e+00 9.063075e-01
    outer loop
      vertex 9.744485e+01 5.000000e+00 4.699268e+01
      vertex 1.010701e+02 6.500000e+01 4.868316e+01
      vertex 9.744485e+01 6.500000e+01 4.699268e+01
    endloop
  endfacet
  facet normal 9.063078e-01 0.000000e+00 4.226183e-01
    outer loop
      vertex 1.010701e+02 6.500000e+01 4.868316e+01
      vertex 1.010701e+02 5.000000e+00 4.868316e+01
      vertex 1.033945e+02 0.000000e+00 4.369846e+01
    endloop
  endfacet
  facet normal 9.063078e-01 0.000000e+00 4.226183e-01
    outer loop
      vertex 1.010701e+02 6.500000e+01 4.868316e+01
      vertex 1.033945e+02 0.000000e+00 4.369846e+01
      vertex 1.033945e+02 7.000000e+01 4.369846e+01
    endloop
  endfacet
  facet normal 9.063067e-01 3.051743e-06 4.226207e-01
    outer loop
      vertex 1.010701e+02 6.500000e+01 4.868316e+01
      vertex 1.033945e+02 7.000000e+01 4.369846e+01
      vertex 1.031832e+02 7.000000e+01 4.415162e+01
    endloop
  endfacet
  facet normal 9.063086e-01 -1.852796e-06 4.226165e-01
    outer loop
      vertex 1.010701e+02 6.500000e+01 4.868316e+01
      vertex 1.031832e+02 7.000000e+01 4.415162e+01
      vertex 1.028526e+02 6.993844e+01 4.486051e+01
    endloop
  endfacet
  facet normal 9.063093e-01 -3.024954e-06 4.226150e-01
    outer loop
      vertex 1.010701e+02 6.500000e+01 4.868316e+01
      vertex 1.028526e+02 6.993844e+01 4.486051e+01
      vertex 1.025302e+02 6.975528e+01 4.555194e+01
    endloop
  endfacet
  facet normal 9.063082e-01 -1.187328e-06 4.226172e-01
    outer loop
      vertex 1.010701e+02 6.500000e+01 4.868316e+01
      vertex 1.025302e+02 6.975528e+01 4.555194e+01
      vertex 1.022238e+02 6.945503e+01 4.620890e+01
    endloop
  endfacet
  facet normal 9.063047e-01 3.715071e-06 4.226249e-01
    outer loop
      vertex 1.010701e+02 6.500000e+01 4.868316e+01
      vertex 1.022238e+02 6.945503e+01 4.620890e+01
      vertex 1.019411e+02 6.904508e+01 4.681519e+01
    endloop
  endfacet
  facet normal 9.063091e-01 -1.399256e-06 4.226154e-01
    outer loop
      vertex 1.010701e+02 6.500000e+01 4.868316e+01
      vertex 1.019411e+02 6.904508e+01 4.681519e+01
      vertex 1.016890e+02 6.853554e+01 4.735590e+01
    endloop
  endfacet
  facet normal 9.063061e-01 1.477550e-06 4.226218e-01
    outer loop
      vertex 1.010701e+02 6.500000e+01 4.868316e+01
      vertex 1.016890e+02 6.853554e+01 4.735590e+01
      vertex 1.014736e+02 6.793893e+01 4.781771e+01
    endloop
  endfacet
  facet normal 9.063149e-01 -5.265521e-06 4.226031e-01
    outer loop
      vertex 1.010701e+02 6.500000e+01 4.868316e+01
      vertex 1.014736e+02 6.793893e+01 4.781771e+01
      vertex 1.013004e+02 6.726995e+01 4.818925e+01
    endloop
  endfacet
  facet normal 9.063061e-01 -2.730385e-07 4.226220e-01
    outer loop
      vertex 1.010701e+02 6.500000e+01 4.868316e+01
      vertex 1.013004e+02 6.726995e+01 4.818925e+01
      vertex 1.011735e+02 6.654508e+01 4.846137e+01
    endloop
  endfacet
  facet normal 9.063088e-01 -1.305580e-06 4.226161e-01
    outer loop
      vertex 1.010701e+02 6.500000e+01 4.868316e+01
      vertex 1.011735e+02 6.654508e+01 4.846137e+01
      vertex 1.010961e+02 6.578217e+01 4.862737e+01
    endloop
  endfacet
  facet normal 9.063082e-01 9.550687e-07 4.226174e-01
    outer loop
      vertex 1.033945e+02 0.000000e+00 4.369846e+01
      vertex 1.010701e+02 5.000000e+00 4.868316e+01
      vertex 1.010961e+02 4.217828e+00 4.862737e+01
    endloop
  endfacet
  facet normal 9.063082e-01 8.473301e-07 4.226174e-01
    outer loop
      vertex 1.033945e+02 0.000000e+00 4.369846e+01
      vertex 1.010961e+02 4.217828e+00 4.862737e+01
      vertex 1.011735e+02 3.454915e+00 4.846137e+01
    endloop
  endfacet
  facet normal 9.063087e-01 2.752259e-06 4.226163e-01
    outer loop
      vertex 1.033945e+02 0.000000e+00 4.369846e+01
      vertex 1.011735e+02 3.454915e+00 4.846137e+01
      vertex 1.013004e+02 2.730047e+00 4.818925e+01
    endloop
  endfacet
  facet normal 9.063065e-01 -7.384032e-06 4.226212e-01
    outer loop
      vertex 1.033945e+02 0.000000e+00 4.369846e+01
      vertex 1.013004e+02 2.730047e+00 4.818925e+01
      vertex 1.014736e+02 2.061074e+00 4.781771e+01
    endloop
  endfacet
  facet normal 9.063082e-01 2.870079e-06 4.226173e-01
    outer loop
      vertex 1.033945e+02 0.000000e+00 4.369846e+01
      vertex 1.014736e+02 2.061074e+00 4.781771e+01
      vertex 1.016890e+02 1.464466e+00 4.735590e+01
    endloop
  endfacet
  facet normal 9.063073e-01 -3.628900e-06 4.226192e-01
    outer loop
      vertex 1.033945e+02 0.000000e+00 4.369846e+01
      vertex 1.016890e+02 1.464466e+00 4.735590e+01
      vertex 1.019411e+02 9.549150e-01 4.681519e+01
    endloop
  endfacet
  facet normal 9.063092e-01 1.391604e-05 4.226150e-01
    outer loop
      vertex 1.033945e+02 0.000000e+00 4.369846e+01
      vertex 1.019411e+02 9.549150e-01 4.681519e+01
      vertex 1.022238e+02 5.449674e-01 4.620890e+01
    endloop
  endfacet
  facet normal 9.063084e-01 2.184079e-06 4.226171e-01
    outer loop
      vertex 1.033945e+02 0.000000e+00 4.369846e+01
      vertex 1.022238e+02 5.449674e-01 4.620890e+01
      vertex 1.025302e+02 2.447174e-01 4.555194e+01
    endloop
  endfacet
  facet normal 9.063076e-01 -1.395905e-05 4.226187e-01
    outer loop
      vertex 1.033945e+02 0.000000e+00 4.369846e+01
      vertex 1.025302e+02 2.447174e-01 4.555194e+01
      vertex 1.028526e+02 6.155830e-02 4.486051e+01
    endloop
  endfacet
  facet normal 9.063067e-01 -5.664313e-05 4.226207e-01
    outer loop
      vertex 1.033945e+02 0.000000e+00 4.369846e+01
      vertex 1.028526e+02 6.155830e-02 4.486051e+01
      vertex 1.031832e+02 0.000000e+00 4.415162e+01
    endloop
  endfacet
  facet normal 4.095390e-01 -2.289488e-01 -8.830969e-01
    outer loop
      vertex 5.996121e+01 4.083842e+01 8.478497e+01
      vertex 6.452368e+01 4.110495e+01 8.683173e+01
      vertex 6.438963e+01 3.975624e+01 8.711922e+01
    endloop
  endfacet
  facet normal 4.051565e-01 -2.979127e-01 -8.643472e-01
    outer loop
      vertex 6.452368e+01 4.110495e+01 8.683173e+01
      vertex 5.996121e+01 4.083842e+01 8.478497e+01
      vertex 6.012635e+01 4.209047e+01 8.443083e+01
    endloop
  endfacet
  facet normal 3.985164e-01 -3.177910e-01 -8.603451e-01
    outer loop
      vertex 6.012635e+01 4.209047e+01 8.443083e+01
      vertex 6.470976e+01 4.241862e+01 8.643268e+01
      vertex 6.452368e+01 4.110495e+01 8.683173e+01
    endloop
  endfacet
  facet normal 3.929211e-01 -3.801658e-01 -8.373094e-01
    outer loop
      vertex 6.470976e+01 4.241862e+01 8.643268e+01
      vertex 6.012635e+01 4.209047e+01 8.443083e+01
      vertex 6.033708e+01 4.330359e+01 8.397892e+01
    endloop
  endfacet
  facet normal 3.841418e-01 -4.039196e-01 -8.302313e-01
    outer loop
      vertex 6.033708e+01 4.330359e+01 8.397892e+01
      vertex 6.494627e+01 4.368608e+01 8.592548e+01
      vertex 6.470976e+01 4.241862e+01 8.643268e+01
    endloop
  endfacet
  facet normal 3.776321e-01 -4.595079e-01 -8.038945e-01
    outer loop
      vertex 6.494627e+01 4.368608e+01 8.592548e+01
      vertex 6.033708e+01 4.330359e+01 8.397892e+01
      vertex 6.059179e+01 4.446852e+01 8.343269e+01
    endloop
  endfacet
  facet normal 3.665346e-01 -4.866024e-01 -7.930135e-01
    outer loop
      vertex 6.059179e+01 4.446852e+01 8.343269e+01
      vertex 6.523120e+01 4.489648e+01 8.531445e+01
      vertex 6.494627e+01 4.368608e+01 8.592548e+01
    endloop
  endfacet
  facet normal 3.594066e-01 -5.353382e-01 -7.643560e-01
    outer loop
      vertex 6.523120e+01 4.489648e+01 8.531445e+01
      vertex 6.059179e+01 4.446852e+01 8.343269e+01
      vertex 6.088853e+01 4.557635e+01 8.279633e+01
    endloop
  endfacet
  facet normal 3.458433e-01 -5.651340e-01 -7.490099e-01
    outer loop
      vertex 6.088853e+01 4.557635e+01 8.279633e+01
      vertex 6.556211e+01 4.603952e+01 8.460481e+01
      vertex 6.523120e+01 4.489648e+01 8.531445e+01
    endloop
  endfacet
  facet normal 3.383851e-01 -6.070776e-01 -7.189939e-01
    outer loop
      vertex 6.556211e+01 4.603952e+01 8.460481e+01
      vertex 6.088853e+01 4.557635e+01 8.279633e+01
      vertex 6.122504e+01 4.661861e+01 8.207468e+01
    endloop
  endfacet
  facet normal 3.222449e-01 -6.388428e-01 -6.985973e-01
    outer loop
      vertex 6.122504e+01 4.661861e+01 8.207468e+01
      vertex 6.593618e+01 4.710543e+01 8.380262e+01
      vertex 6.556211e+01 4.603952e+01 8.460481e+01
    endloop
  endfacet
  facet normal 3.147309e-01 -6.741747e-01 -6.681564e-01
    outer loop
      vertex 6.593618e+01 4.710543e+01 8.380262e+01
      vertex 6.122504e+01 4.661861e+01 8.207468e+01
      vertex 6.159874e+01 4.758732e+01 8.127327e+01
    endloop
  endfacet
  facet normal 2.959381e-01 -7.071036e-01 -6.422033e-01
    outer loop
      vertex 6.159874e+01 4.758732e+01 8.127327e+01
      vertex 6.635022e+01 4.808513e+01 8.291471e+01
      vertex 6.593618e+01 4.710543e+01 8.380262e+01
    endloop
  endfacet
  facet normal 2.886247e-01 -7.361140e-01 -6.122352e-01
    outer loop
      vertex 6.200678e+01 4.847509e+01 8.039823e+01
      vertex 6.635022e+01 4.808513e+01 8.291471e+01
      vertex 6.159874e+01 4.758732e+01 8.127327e+01
    endloop
  endfacet
  facet normal 2.671475e-01 -7.693303e-01 -5.803129e-01
    outer loop
      vertex 6.680069e+01 4.897026e+01 8.194866e+01
      vertex 6.635022e+01 4.808513e+01 8.291471e+01
      vertex 6.200678e+01 4.847509e+01 8.039823e+01
    endloop
  endfacet
  facet normal 2.602642e-01 -7.924274e-01 -5.516532e-01
    outer loop
      vertex 6.244603e+01 4.927512e+01 7.945626e+01
      vertex 6.680069e+01 4.897026e+01 8.194866e+01
      vertex 6.200678e+01 4.847509e+01 8.039823e+01
    endloop
  endfacet
  facet normal 2.361204e-01 -8.249929e-01 -5.134529e-01
    outer loop
      vertex 6.728376e+01 4.975326e+01 8.091272e+01
      vertex 6.680069e+01 4.897026e+01 8.194866e+01
      vertex 6.244603e+01 4.927512e+01 7.945626e+01
    endloop
  endfacet
  facet normal 2.298670e-01 -8.426830e-01 -4.868743e-01
    outer loop
      vertex 6.291314e+01 4.998129e+01 7.845454e+01
      vertex 6.728376e+01 4.975326e+01 8.091272e+01
      vertex 6.244603e+01 4.927512e+01 7.945626e+01
    endloop
  endfacet
  facet normal 2.031204e-01 -8.736196e-01 -4.421888e-01
    outer loop
      vertex 6.779530e+01 5.042745e+01 7.981572e+01
      vertex 6.728376e+01 4.975326e+01 8.091272e+01
      vertex 6.291314e+01 4.998129e+01 7.845454e+01
    endloop
  endfacet
  facet normal 1.976634e-01 -8.864955e-01 -4.183956e-01
    outer loop
      vertex 6.340453e+01 5.058821e+01 7.740075e+01
      vertex 6.779530e+01 5.042745e+01 7.981572e+01
      vertex 6.291314e+01 4.998129e+01 7.845454e+01
    endloop
  endfacet
  facet normal 1.684331e-01 -9.147910e-01 -3.671344e-01
    outer loop
      vertex 6.833095e+01 5.098708e+01 7.866702e+01
      vertex 6.779530e+01 5.042745e+01 7.981572e+01
      vertex 6.340453e+01 5.058821e+01 7.740075e+01
    endloop
  endfacet
  facet normal 1.638986e-01 -9.235306e-01 -3.467399e-01
    outer loop
      vertex 6.391645e+01 5.109124e+01 7.630293e+01
      vertex 6.833095e+01 5.098708e+01 7.866702e+01
      vertex 6.340453e+01 5.058821e+01 7.740075e+01
    endloop
  endfacet
  facet normal 1.323555e-01 -9.481586e-01 -2.889243e-01
    outer loop
      vertex 6.888613e+01 5.142738e+01 7.747642e+01
      vertex 6.833095e+01 5.098708e+01 7.866702e+01
      vertex 6.391645e+01 5.109124e+01 7.630293e+01
    endloop
  endfacet
  facet normal 1.288294e-01 -9.535031e-01 -2.724606e-01
    outer loop
      vertex 6.444499e+01 5.148653e+01 7.516948e+01
      vertex 6.888613e+01 5.142738e+01 7.747642e+01
      vertex 6.391645e+01 5.109124e+01 7.630293e+01
    endloop
  endfacet
  facet normal 9.519903e-02 -9.734361e-01 -2.082290e-01
    outer loop
      vertex 6.945612e+01 5.174460e+01 7.625408e+01
      vertex 6.888613e+01 5.142738e+01 7.747642e+01
      vertex 6.444499e+01 5.148653e+01 7.516948e+01
    endloop
  endfacet
  facet normal 9.272047e-02 -9.761857e-01 -1.961233e-01
    outer loop
      vertex 6.498610e+01 5.177106e+01 7.400907e+01
      vertex 6.945612e+01 5.174460e+01 7.625408e+01
      vertex 6.444499e+01 5.148653e+01 7.516948e+01
    endloop
  endfacet
  facet normal 5.728047e-02 -9.904099e-01 -1.257266e-01
    outer loop
      vertex 7.003604e+01 5.193601e+01 7.501043e+01
      vertex 6.945612e+01 5.174460e+01 7.625408e+01
      vertex 6.498610e+01 5.177106e+01 7.400907e+01
    endloop
  endfacet
  facet normal 4.213818e-01 -4.618153e-02 -9.057067e-01
    outer loop
      vertex 6.430872e+01 3.838403e+01 8.729270e+01
      vertex 6.428168e+01 3.700000e+01 8.735069e+01
      vertex 5.977227e+01 3.828321e+01 8.518725e+01
    endloop
  endfacet
  facet normal 4.222299e-01 -4.281404e-02 -9.054771e-01
    outer loop
      vertex 5.977227e+01 3.828321e+01 8.518725e+01
      vertex 6.428168e+01 3.700000e+01 8.735069e+01
      vertex 5.974816e+01 3.700000e+01 8.523668e+01
    endloop
  endfacet
  facet normal 5.584249e-02 -9.914051e-01 -1.183108e-01
    outer loop
      vertex 6.498610e+01 5.177106e+01 7.400907e+01
      vertex 6.553564e+01 5.194266e+01 7.283057e+01
      vertex 7.003604e+01 5.193601e+01 7.501043e+01
    endloop
  endfacet
  facet normal 1.785709e-02 -9.990436e-01 -3.991206e-02
    outer loop
      vertex 7.003604e+01 5.193601e+01 7.501043e+01
      vertex 6.553564e+01 5.194266e+01 7.283057e+01
      vertex 6.608942e+01 5.200000e+01 7.164298e+01
    endloop
  endfacet
  facet normal 1.951803e-02 -9.989330e-01 -4.185658e-02
    outer loop
      vertex 7.003604e+01 5.193601e+01 7.501043e+01
      vertex 6.608942e+01 5.200000e+01 7.164298e+01
      vertex 7.062096e+01 5.200000e+01 7.375607e+01
    endloop
  endfacet
  facet normal 4.142406e-01 -2.133842e-01 -8.848005e-01
    outer loop
      vertex 5.984293e+01 3.955702e+01 8.503862e+01
      vertex 5.996121e+01 4.083842e+01 8.478497e+01
      vertex 6.438963e+01 3.975624e+01 8.711922e+01
    endloop
  endfacet
  facet normal 4.171173e-01 -1.381597e-01 -8.982900e-01
    outer loop
      vertex 5.984293e+01 3.955702e+01 8.503862e+01
      vertex 6.438963e+01 3.975624e+01 8.711922e+01
      vertex 6.430872e+01 3.838403e+01 8.729270e+01
    endloop
  endfacet
  facet normal 4.198581e-01 -1.281285e-01 -8.985000e-01
    outer loop
      vertex 5.984293e+01 3.955702e+01 8.503862e+01
      vertex 6.430872e+01 3.838403e+01 8.729270e+01
      vertex 5.977227e+01 3.828321e+01 8.518725e+01
    endloop
  endfacet
  facet normal 0.000000e+00 -1.000000e+00 -0.000000e+00
    outer loop
      vertex 7.062096e+01 5.200000e+01 7.375607e+01
      vertex 6.608942e+01 5.200000e+01 7.164298e+01
      vertex 7.484714e+01 5.200000e+01 6.469300e+01
    endloop
  endfacet
  facet normal -0.000000e+00 -1.000000e+00 0.000000e+00
    outer loop
      vertex 7.484714e+01 5.200000e+01 6.469300e+01
      vertex 6.608942e+01 5.200000e+01 7.164298e+01
      vertex 7.031561e+01 5.200000e+01 6.257991e+01
    endloop
  endfacet
  facet normal -2.699877e-01 -7.693349e-01 5.789908e-01
    outer loop
      vertex 7.458634e+01 4.808513e+01 5.342127e+01
      vertex 7.866740e+01 4.897026e+01 5.650041e+01
      vertex 7.413586e+01 4.897026e+01 5.438732e+01
    endloop
  endfacet
  facet normal -2.388379e-01 -8.249959e-01 5.121897e-01
    outer loop
      vertex 7.413586e+01 4.897026e+01 5.438732e+01
      vertex 7.866740e+01 4.897026e+01 5.650041e+01
      vertex 7.818434e+01 4.975326e+01 5.753635e+01
    endloop
  endfacet
  facet normal -2.388378e-01 -8.249959e-01 5.121897e-01
    outer loop
      vertex 7.413586e+01 4.897026e+01 5.438732e+01
      vertex 7.818434e+01 4.975326e+01 5.753635e+01
      vertex 7.365280e+01 4.975326e+01 5.542326e+01
    endloop
  endfacet
  facet normal -2.056470e-01 -8.736236e-01 4.410116e-01
    outer loop
      vertex 7.365280e+01 4.975326e+01 5.542326e+01
      vertex 7.818434e+01 4.975326e+01 5.753635e+01
      vertex 7.767280e+01 5.042745e+01 5.863336e+01
    endloop
  endfacet
  facet normal -2.056477e-01 -8.736230e-01 4.410124e-01
    outer loop
      vertex 7.365280e+01 4.975326e+01 5.542326e+01
      vertex 7.767280e+01 5.042745e+01 5.863336e+01
      vertex 7.314126e+01 5.042745e+01 5.652026e+01
    endloop
  endfacet
  facet normal -1.707053e-01 -9.147931e-01 3.660783e-01
    outer loop
      vertex 7.314126e+01 5.042745e+01 5.652026e+01
      vertex 7.767280e+01 5.042745e+01 5.863336e+01
      vertex 7.713715e+01 5.098708e+01 5.978205e+01
    endloop
  endfacet
  facet normal -1.707047e-01 -9.147935e-01 3.660776e-01
    outer loop
      vertex 7.314126e+01 5.042745e+01 5.652026e+01
      vertex 7.713715e+01 5.098708e+01 5.978205e+01
      vertex 7.260561e+01 5.098708e+01 5.766896e+01
    endloop
  endfacet
  facet normal -1.343036e-01 -9.481613e-01 2.880152e-01
    outer loop
      vertex 7.260561e+01 5.098708e+01 5.766896e+01
      vertex 7.713715e+01 5.098708e+01 5.978205e+01
      vertex 7.658196e+01 5.142738e+01 6.097266e+01
    endloop
  endfacet
  facet normal -1.343041e-01 -9.481611e-01 2.880157e-01
    outer loop
      vertex 7.260561e+01 5.098708e+01 5.766896e+01
      vertex 7.658196e+01 5.142738e+01 6.097266e+01
      vertex 7.205043e+01 5.142738e+01 5.885957e+01
    endloop
  endfacet
  facet normal -9.675969e-02 -9.734376e-01 2.075016e-01
    outer loop
      vertex 7.205043e+01 5.142738e+01 5.885957e+01
      vertex 7.658196e+01 5.142738e+01 6.097266e+01
      vertex 7.601198e+01 5.174460e+01 6.219500e+01
    endloop
  endfacet
  facet normal -9.675971e-02 -9.734375e-01 2.075016e-01
    outer loop
      vertex 7.205043e+01 5.142738e+01 5.885957e+01
      vertex 7.601198e+01 5.174460e+01 6.219500e+01
      vertex 7.148044e+01 5.174460e+01 6.008190e+01
    endloop
  endfacet
  facet normal -5.838685e-02 -9.904106e-01 1.252109e-01
    outer loop
      vertex 7.148044e+01 5.174460e+01 6.008190e+01
      vertex 7.601198e+01 5.174460e+01 6.219500e+01
      vertex 7.543205e+01 5.193601e+01 6.343864e+01
    endloop
  endfacet
  facet normal -5.838663e-02 -9.904107e-01 1.252106e-01
    outer loop
      vertex 7.148044e+01 5.174460e+01 6.008190e+01
      vertex 7.543205e+01 5.193601e+01 6.343864e+01
      vertex 7.090051e+01 5.193601e+01 6.132555e+01
    endloop
  endfacet
  facet normal -1.951803e-02 -9.989330e-01 4.185658e-02
    outer loop
      vertex 7.090051e+01 5.193601e+01 6.132555e+01
      vertex 7.543205e+01 5.193601e+01 6.343864e+01
      vertex 7.484714e+01 5.200000e+01 6.469300e+01
    endloop
  endfacet
  facet normal -1.951818e-02 -9.989329e-01 4.185675e-02
    outer loop
      vertex 7.090051e+01 5.193601e+01 6.132555e+01
      vertex 7.484714e+01 5.200000e+01 6.469300e+01
      vertex 7.031561e+01 5.200000e+01 6.257991e+01
    endloop
  endfacet
  facet normal -2.699877e-01 -7.693349e-01 5.789908e-01
    outer loop
      vertex 7.866740e+01 4.897026e+01 5.650041e+01
      vertex 7.458634e+01 4.808513e+01 5.342127e+01
      vertex 7.911788e+01 4.808513e+01 5.553436e+01
    endloop
  endfacet
  facet normal -2.988359e-01 -7.071072e-01 6.408560e-01
    outer loop
      vertex 7.911788e+01 4.808513e+01 5.553436e+01
      vertex 7.458634e+01 4.808513e+01 5.342127e+01
      vertex 7.500038e+01 4.710543e+01 5.253336e+01
    endloop
  endfacet
  facet normal -2.988359e-01 -7.071072e-01 6.408560e-01
    outer loop
      vertex 7.911788e+01 4.808513e+01 5.553436e+01
      vertex 7.500038e+01 4.710543e+01 5.253336e+01
      vertex 7.953192e+01 4.710543e+01 5.464645e+01
    endloop
  endfacet
  facet normal -3.251347e-01 -6.388460e-01 6.972541e-01
    outer loop
      vertex 7.953192e+01 4.710543e+01 5.464645e+01
      vertex 7.500038e+01 4.710543e+01 5.253336e+01
      vertex 7.537445e+01 4.603952e+01 5.173117e+01
    endloop
  endfacet
  facet normal -3.251348e-01 -6.388460e-01 6.972541e-01
    outer loop
      vertex 7.953192e+01 4.710543e+01 5.464645e+01
      vertex 7.537445e+01 4.603952e+01 5.173117e+01
      vertex 7.990599e+01 4.603952e+01 5.384426e+01
    endloop
  endfacet
  facet normal -3.486587e-01 -5.651367e-01 7.477015e-01
    outer loop
      vertex 7.990599e+01 4.603952e+01 5.384426e+01
      vertex 7.537445e+01 4.603952e+01 5.173117e+01
      vertex 7.570536e+01 4.489648e+01 5.102153e+01
    endloop
  endfacet
  facet normal -3.486597e-01 -5.651351e-01 7.477023e-01
    outer loop
      vertex 7.990599e+01 4.603952e+01 5.384426e+01
      vertex 7.570536e+01 4.489648e+01 5.102153e+01
      vertex 8.023690e+01 4.489648e+01 5.313462e+01
    endloop
  endfacet
  facet normal -3.692091e-01 -4.866045e-01 7.917706e-01
    outer loop
      vertex 8.023690e+01 4.489648e+01 5.313462e+01
      vertex 7.570536e+01 4.489648e+01 5.102153e+01
      vertex 7.599029e+01 4.368608e+01 5.041051e+01
    endloop
  endfacet
  facet normal -3.692081e-01 -4.866064e-01 7.917699e-01
    outer loop
      vertex 8.023690e+01 4.489648e+01 5.313462e+01
      vertex 7.599029e+01 4.368608e+01 5.041051e+01
      vertex 8.052183e+01 4.368608e+01 5.252360e+01
    endloop
  endfacet
  facet normal -3.866084e-01 -4.039211e-01 8.290848e-01
    outer loop
      vertex 8.052183e+01 4.368608e+01 5.252360e+01
      vertex 7.599029e+01 4.368608e+01 5.041051e+01
      vertex 7.622680e+01 4.241862e+01 4.990331e+01
    endloop
  endfacet
  facet normal -3.866084e-01 -4.039212e-01 8.290848e-01
    outer loop
      vertex 8.052183e+01 4.368608e+01 5.252360e+01
      vertex 7.622680e+01 4.241862e+01 4.990331e+01
      vertex 8.075834e+01 4.241862e+01 5.201640e+01
    endloop
  endfacet
  facet normal -4.007097e-01 -3.177918e-01 8.593253e-01
    outer loop
      vertex 8.075834e+01 4.241862e+01 5.201640e+01
      vertex 7.622680e+01 4.241862e+01 4.990331e+01
      vertex 7.641288e+01 4.110495e+01 4.950426e+01
    endloop
  endfacet
  facet normal -4.007097e-01 -3.177918e-01 8.593253e-01
    outer loop
      vertex 8.075834e+01 4.241862e+01 5.201640e+01
      vertex 7.641288e+01 4.110495e+01 4.950426e+01
      vertex 8.094442e+01 4.110495e+01 5.161735e+01
    endloop
  endfacet
  facet normal -4.113926e-01 -2.289492e-01 8.822349e-01
    outer loop
      vertex 8.094442e+01 4.110495e+01 5.161735e+01
      vertex 7.641288e+01 4.110495e+01 4.950426e+01
      vertex 7.654694e+01 3.975624e+01 4.921677e+01
    endloop
  endfacet
  facet normal -4.113926e-01 -2.289492e-01 8.822349e-01
    outer loop
      vertex 8.094442e+01 4.110495e+01 5.161735e+01
      vertex 7.654694e+01 3.975624e+01 4.921677e+01
      vertex 8.107848e+01 3.975624e+01 5.132986e+01
    endloop
  endfacet
  facet normal -4.185653e-01 -1.381577e-01 8.976166e-01
    outer loop
      vertex 8.107848e+01 3.975624e+01 5.132986e+01
      vertex 7.654694e+01 3.975624e+01 4.921677e+01
      vertex 7.662783e+01 3.838403e+01 4.904328e+01
    endloop
  endfacet
  facet normal -4.185660e-01 -1.381551e-01 8.976167e-01
    outer loop
      vertex 8.107848e+01 3.975624e+01 5.132986e+01
      vertex 7.662783e+01 3.838403e+01 4.904328e+01
      vertex 8.115937e+01 3.838403e+01 5.115638e+01
    endloop
  endfacet
  facet normal -4.221677e-01 -4.618384e-02 9.053405e-01
    outer loop
      vertex 8.115937e+01 3.838403e+01 5.115638e+01
      vertex 7.662783e+01 3.838403e+01 4.904328e+01
      vertex 7.665488e+01 3.700000e+01 4.898529e+01
    endloop
  endfacet
  facet normal -4.221671e-01 -4.618636e-02 9.053407e-01
    outer loop
      vertex 8.115937e+01 3.838403e+01 5.115638e+01
      vertex 7.665488e+01 3.700000e+01 4.898529e+01
      vertex 8.118642e+01 3.700000e+01 5.109838e+01
    endloop
  endfacet
  facet normal -4.219532e-01 -5.606812e-02 9.048822e-01
    outer loop
      vertex 8.118642e+01 1.000000e+01 5.109838e+01
      vertex 7.665488e+01 1.000000e+01 4.898529e+01
      vertex 8.121299e+01 8.880355e+00 5.104140e+01
    endloop
  endfacet
  facet normal -4.219538e-01 -5.607120e-02 9.048817e-01
    outer loop
      vertex 8.121299e+01 8.880355e+00 5.104140e+01
      vertex 7.665488e+01 1.000000e+01 4.898529e+01
      vertex 7.668145e+01 8.880355e+00 4.892830e+01
    endloop
  endfacet
  facet normal -4.166474e-01 -1.675076e-01 8.935021e-01
    outer loop
      vertex 8.121299e+01 8.880355e+00 5.104140e+01
      vertex 7.668145e+01 8.880355e+00 4.892830e+01
      vertex 8.129237e+01 7.774791e+00 5.087115e+01
    endloop
  endfacet
  facet normal -4.166470e-01 -1.675046e-01 8.935029e-01
    outer loop
      vertex 8.129237e+01 7.774791e+00 5.087115e+01
      vertex 7.668145e+01 8.880355e+00 4.892830e+01
      vertex 7.676083e+01 7.774791e+00 4.875806e+01
    endloop
  endfacet
  facet normal -4.061008e-01 -2.768373e-01 8.708865e-01
    outer loop
      vertex 8.129237e+01 7.774791e+00 5.087115e+01
      vertex 7.676083e+01 7.774791e+00 4.875806e+01
      vertex 8.142358e+01 6.697209e+00 5.058979e+01
    endloop
  endfacet
  facet normal -4.061008e-01 -2.768373e-01 8.708864e-01
    outer loop
      vertex 8.142358e+01 6.697209e+00 5.058979e+01
      vertex 7.676083e+01 7.774791e+00 4.875806e+01
      vertex 7.689204e+01 6.697209e+00 4.847670e+01
    endloop
  endfacet
  facet normal -3.904487e-01 -3.826800e-01 8.373206e-01
    outer loop
      vertex 8.142358e+01 6.697209e+00 5.058979e+01
      vertex 7.689204e+01 6.697209e+00 4.847670e+01
      vertex 8.160493e+01 5.661162e+00 5.020086e+01
    endloop
  endfacet
  facet normal -3.904489e-01 -3.826824e-01 8.373195e-01
    outer loop
      vertex 8.160493e+01 5.661162e+00 5.020086e+01
      vertex 7.689204e+01 6.697209e+00 4.847670e+01
      vertex 7.707340e+01 5.661162e+00 4.808776e+01
    endloop
  endfacet
  facet normal -3.698858e-01 -4.837187e-01 7.932218e-01
    outer loop
      vertex 8.160493e+01 5.661162e+00 5.020086e+01
      vertex 7.707340e+01 5.661162e+00 4.808776e+01
      vertex 8.183418e+01 4.679679e+00 4.970923e+01
    endloop
  endfacet
  facet normal -3.698858e-01 -4.837186e-01 7.932218e-01
    outer loop
      vertex 8.183418e+01 4.679679e+00 4.970923e+01
      vertex 7.707340e+01 5.661162e+00 4.808776e+01
      vertex 7.730265e+01 4.679679e+00 4.759614e+01
    endloop
  endfacet
  facet normal -3.446710e-01 -5.786722e-01 7.391484e-01
    outer loop
      vertex 8.183418e+01 4.679679e+00 4.970923e+01
      vertex 7.730265e+01 4.679679e+00 4.759614e+01
      vertex 8.210844e+01 3.765102e+00 4.912111e+01
    endloop
  endfacet
  facet normal -3.446709e-01 -5.786724e-01 7.391483e-01
    outer loop
      vertex 8.210844e+01 3.765102e+00 4.912111e+01
      vertex 7.730265e+01 4.679679e+00 4.759614e+01
      vertex 7.757690e+01 3.765102e+00 4.700801e+01
    endloop
  endfacet
  facet normal -3.151222e-01 -6.663469e-01 6.757809e-01
    outer loop
      vertex 8.210844e+01 3.765102e+00 4.912111e+01
      vertex 7.757690e+01 3.765102e+00 4.700801e+01
      vertex 8.242423e+01 2.928932e+00 4.844387e+01
    endloop
  endfacet
  facet normal -3.151224e-01 -6.663452e-01 6.757825e-01
    outer loop
      vertex 8.242423e+01 2.928932e+00 4.844387e+01
      vertex 7.757690e+01 3.765102e+00 4.700801e+01
      vertex 7.789269e+01 2.928932e+00 4.633078e+01
    endloop
  endfacet
  facet normal -2.816096e-01 -7.456433e-01 6.039140e-01
    outer loop
      vertex 8.242423e+01 2.928932e+00 4.844387e+01
      vertex 7.789269e+01 2.928932e+00 4.633078e+01
      vertex 8.277762e+01 2.181685e+00 4.768604e+01
    endloop
  endfacet
  facet normal -2.816096e-01 -7.456433e-01 6.039140e-01
    outer loop
      vertex 8.277762e+01 2.181685e+00 4.768604e+01
      vertex 7.789269e+01 2.928932e+00 4.633078e+01
      vertex 7.824608e+01 2.181685e+00 4.557295e+01
    endloop
  endfacet
  facet normal -2.445574e-01 -8.155602e-01 5.244553e-01
    outer loop
      vertex 8.277762e+01 2.181685e+00 4.768604e+01
      vertex 7.824608e+01 2.181685e+00 4.557295e+01
      vertex 8.316413e+01 1.532758e+00 4.685715e+01
    endloop
  endfacet
  facet normal -2.445574e-01 -8.155602e-01 5.244553e-01
    outer loop
      vertex 8.316413e+01 1.532758e+00 4.685715e+01
      vertex 7.824608e+01 2.181685e+00 4.557295e+01
      vertex 7.863259e+01 1.532758e+00 4.474406e+01
    endloop
  endfacet
  facet normal -2.044282e-01 -8.752237e-01 4.383978e-01
    outer loop
      vertex 8.316413e+01 1.532758e+00 4.685715e+01
      vertex 7.863259e+01 1.532758e+00 4.474406e+01
      vertex 8.357893e+01 9.903113e-01 4.596762e+01
    endloop
  endfacet
  facet normal -2.044282e-01 -8.752237e-01 4.383978e-01
    outer loop
      vertex 8.357893e+01 9.903113e-01 4.596762e+01
      vertex 7.863259e+01 1.532758e+00 4.474406e+01
      vertex 7.904739e+01 9.903113e-01 4.385453e+01
    endloop
  endfacet
  facet normal -1.617291e-01 -9.238794e-01 3.468294e-01
    outer loop
      vertex 8.357893e+01 9.903113e-01 4.596762e+01
      vertex 7.904739e+01 9.903113e-01 4.385453e+01
      vertex 8.401678e+01 5.611667e-01 4.502865e+01
    endloop
  endfacet
  facet normal -1.617291e-01 -9.238794e-01 3.468294e-01
    outer loop
      vertex 8.401678e+01 5.611667e-01 4.502865e+01
      vertex 7.904739e+01 9.903113e-01 4.385453e+01
      vertex 7.948524e+01 5.611667e-01 4.291556e+01
    endloop
  endfacet
  facet normal -1.169957e-01 -9.609173e-01 2.508982e-01
    outer loop
      vertex 8.401678e+01 5.611667e-01 4.502865e+01
      vertex 7.948524e+01 5.611667e-01 4.291556e+01
      vertex 8.447218e+01 2.507209e-01 4.405203e+01
    endloop
  endfacet
  facet normal -1.169957e-01 -9.609173e-01 2.508983e-01
    outer loop
      vertex 8.447218e+01 2.507209e-01 4.405203e+01
      vertex 7.948524e+01 5.611667e-01 4.291556e+01
      vertex 7.994064e+01 2.507209e-01 4.193894e+01
    endloop
  endfacet
  facet normal -7.079107e-02 -9.858711e-01 1.518120e-01
    outer loop
      vertex 8.447218e+01 2.507209e-01 4.405203e+01
      vertex 7.994064e+01 2.507209e-01 4.193894e+01
      vertex 8.493941e+01 6.287790e-02 4.305005e+01
    endloop
  endfacet
  facet normal -7.079107e-02 -9.858711e-01 1.518120e-01
    outer loop
      vertex 8.493941e+01 6.287790e-02 4.305005e+01
      vertex 7.994064e+01 2.507209e-01 4.193894e+01
      vertex 8.040788e+01 6.287790e-02 4.093695e+01
    endloop
  endfacet
  facet normal -2.369643e-02 -9.984268e-01 5.081719e-02
    outer loop
      vertex 8.493941e+01 6.287790e-02 4.305005e+01
      vertex 8.040788e+01 6.287790e-02 4.093695e+01
      vertex 8.541260e+01 0.000000e+00 4.203531e+01
    endloop
  endfacet
  facet normal -2.369643e-02 -9.984268e-01 5.081719e-02
    outer loop
      vertex 8.541260e+01 0.000000e+00 4.203531e+01
      vertex 8.040788e+01 6.287790e-02 4.093695e+01
      vertex 8.088106e+01 0.000000e+00 3.992221e+01
    endloop
  endfacet
  facet normal 4.226174e-01 0.000000e+00 -9.063082e-01
    outer loop
      vertex 5.974816e+01 1.000000e+01 8.523668e+01
      vertex 5.974816e+01 3.700000e+01 8.523668e+01
      vertex 6.428168e+01 1.000000e+01 8.735069e+01
    endloop
  endfacet
  facet normal 4.226174e-01 0.000000e+00 -9.063082e-01
    outer loop
      vertex 6.428168e+01 1.000000e+01 8.735069e+01
      vertex 5.974816e+01 3.700000e+01 8.523668e+01
      vertex 6.428168e+01 3.700000e+01 8.735069e+01
    endloop
  endfacet
  facet normal 0.000000e+00 -1.000000e+00 -0.000000e+00
    outer loop
      vertex 3.087121e+01 4.700000e+01 7.496220e+01
      vertex 1.616434e+01 4.700000e+01 3.455542e+01
      vertex 3.556967e+01 4.700000e+01 7.325210e+01
    endloop
  endfacet
  facet normal 0.000000e+00 -1.000000e+00 0.000000e+00
    outer loop
      vertex 3.556967e+01 4.700000e+01 7.325210e+01
      vertex 1.616434e+01 4.700000e+01 3.455542e+01
      vertex 2.086281e+01 4.700000e+01 3.284531e+01
    endloop
  endfacet
  facet normal -4.630114e-02 -9.904101e-01 -1.301692e-01
    outer loop
      vertex 3.647202e+01 4.676616e+01 7.573128e+01
      vertex 3.181390e+01 4.674460e+01 7.755222e+01
      vertex 3.134457e+01 4.693601e+01 7.626276e+01
    endloop
  endfacet
  facet normal -7.588077e-02 -9.756768e-01 -2.056621e-01
    outer loop
      vertex 3.181390e+01 4.674460e+01 7.755222e+01
      vertex 3.647202e+01 4.676616e+01 7.573128e+01
      vertex 3.691438e+01 4.647557e+01 7.694664e+01
    endloop
  endfacet
  facet normal -7.694712e-02 -9.734368e-01 -2.156385e-01
    outer loop
      vertex 3.691438e+01 4.647557e+01 7.694664e+01
      vertex 3.227518e+01 4.642738e+01 7.881959e+01
      vertex 3.181390e+01 4.674460e+01 7.755222e+01
    endloop
  endfacet
  facet normal -1.054349e-01 -9.525126e-01 -2.856629e-01
    outer loop
      vertex 3.227518e+01 4.642738e+01 7.881959e+01
      vertex 3.691438e+01 4.647557e+01 7.694664e+01
      vertex 3.734623e+01 4.607193e+01 7.813316e+01
    endloop
  endfacet
  facet normal -1.069693e-01 -9.481590e-01 -2.992526e-01
    outer loop
      vertex 3.734623e+01 4.607193e+01 7.813316e+01
      vertex 3.272449e+01 4.598708e+01 8.005404e+01
      vertex 3.227518e+01 4.642738e+01 7.881959e+01
    endloop
  endfacet
  facet normal -1.341302e-01 -9.219098e-01 -3.634438e-01
    outer loop
      vertex 3.272449e+01 4.598708e+01 8.005404e+01
      vertex 3.734623e+01 4.607193e+01 7.813316e+01
      vertex 3.776421e+01 4.555838e+01 7.928155e+01
    endloop
  endfacet
  facet normal -1.361089e-01 -9.147918e-01 -3.803028e-01
    outer loop
      vertex 3.776421e+01 4.555838e+01 7.928155e+01
      vertex 3.315798e+01 4.542745e+01 8.124506e+01
      vertex 3.272449e+01 4.598708e+01 8.005404e+01
    endloop
  endfacet
  facet normal -1.617463e-01 -8.841061e-01 -4.383999e-01
    outer loop
      vertex 3.315798e+01 4.542745e+01 8.124506e+01
      vertex 3.776421e+01 4.555838e+01 7.928155e+01
      vertex 3.816505e+01 4.493895e+01 8.038285e+01
    endloop
  endfacet
  facet normal -1.641155e-01 -8.736194e-01 -4.580996e-01
    outer loop
      vertex 3.816505e+01 4.493895e+01 8.038285e+01
      vertex 3.357196e+01 4.475326e+01 8.238246e+01
      vertex 3.315798e+01 4.542745e+01 8.124506e+01
    endloop
  endfacet
  facet normal -1.880699e-01 -8.393963e-01 -5.099447e-01
    outer loop
      vertex 3.357196e+01 4.475326e+01 8.238246e+01
      vertex 3.816505e+01 4.493895e+01 8.038285e+01
      vertex 3.854562e+01 4.421846e+01 8.142846e+01
    endloop
  endfacet
  facet normal -1.907475e-01 -8.249938e-01 -5.319780e-01
    outer loop
      vertex 3.854562e+01 4.421846e+01 8.142846e+01
      vertex 3.396291e+01 4.397026e+01 8.345657e+01
      vertex 3.357196e+01 4.475326e+01 8.238246e+01
    endloop
  endfacet
  facet normal -2.128941e-01 -7.881361e-01 -5.775098e-01
    outer loop
      vertex 3.396291e+01 4.397026e+01 8.345657e+01
      vertex 3.854562e+01 4.421846e+01 8.142846e+01
      vertex 3.890295e+01 4.340255e+01 8.241022e+01
    endloop
  endfacet
  facet normal -2.157737e-01 -7.693312e-01 -6.013079e-01
    outer loop
      vertex 3.890295e+01 4.340255e+01 8.241022e+01
      vertex 3.432747e+01 4.308513e+01 8.445820e+01
      vertex 3.396291e+01 4.397026e+01 8.345657e+01
    endloop
  endfacet
  facet normal -2.360324e-01 -7.307131e-01 -6.405833e-01
    outer loop
      vertex 3.432747e+01 4.308513e+01 8.445820e+01
      vertex 3.890295e+01 4.340255e+01 8.241022e+01
      vertex 3.923425e+01 4.249758e+01 8.332044e+01
    endloop
  endfacet
  facet normal -2.389831e-01 -7.071037e-01 -6.655009e-01
    outer loop
      vertex 3.923425e+01 4.249758e+01 8.332044e+01
      vertex 3.466255e+01 4.210543e+01 8.537881e+01
      vertex 3.432747e+01 4.308513e+01 8.445820e+01
    endloop
  endfacet
  facet normal -2.962055e-01 -4.866017e-01 -8.218766e-01
    outer loop
      vertex 4.020336e+01 3.908976e+01 8.563268e+01
      vertex 3.546367e+01 3.868608e+01 8.757987e+01
      vertex 3.523308e+01 3.989648e+01 8.694634e+01
    endloop
  endfacet
  facet normal -3.100534e-01 -4.356627e-01 -8.450236e-01
    outer loop
      vertex 3.546367e+01 3.868608e+01 8.757987e+01
      vertex 4.020336e+01 3.908976e+01 8.563268e+01
      vertex 4.047900e+01 3.796401e+01 8.611193e+01
    endloop
  endfacet
  facet normal -3.100563e-01 -4.039202e-01 -8.606472e-01
    outer loop
      vertex 4.047900e+01 3.796401e+01 8.611193e+01
      vertex 3.565508e+01 3.741862e+01 8.810576e+01
      vertex 3.546367e+01 3.868608e+01 8.757987e+01
    endloop
  endfacet
  facet normal -3.215128e-01 -3.591969e-01 -8.761320e-01
    outer loop
      vertex 3.565508e+01 3.741862e+01 8.810576e+01
      vertex 4.047900e+01 3.796401e+01 8.611193e+01
      vertex 4.072636e+01 3.679711e+01 8.649957e+01
    endloop
  endfacet
  facet normal -3.214650e-01 -3.177908e-01 -8.920029e-01
    outer loop
      vertex 4.072636e+01 3.679711e+01 8.649957e+01
      vertex 3.580566e+01 3.610495e+01 8.851951e+01
      vertex 3.565508e+01 3.741862e+01 8.810576e+01
    endloop
  endfacet
  facet normal -3.305455e-01 -2.801914e-01 -9.012395e-01
    outer loop
      vertex 4.093240e+01 3.559634e+01 8.679731e+01
      vertex 3.580566e+01 3.610495e+01 8.851951e+01
      vertex 4.072636e+01 3.679711e+01 8.649957e+01
    endloop
  endfacet
  facet normal -3.303138e-01 -2.289492e-01 -9.156829e-01
    outer loop
      vertex 3.591416e+01 3.475624e+01 8.881759e+01
      vertex 3.580566e+01 3.610495e+01 8.851951e+01
      vertex 4.093240e+01 3.559634e+01 8.679731e+01
    endloop
  endfacet
  facet normal -3.367989e-01 -2.005324e-01 -9.199746e-01
    outer loop
      vertex 4.108182e+01 3.441166e+01 8.700084e+01
      vertex 3.591416e+01 3.475624e+01 8.881759e+01
      vertex 4.093240e+01 3.559634e+01 8.679731e+01
    endloop
  endfacet
  facet normal -3.366679e-01 -1.381546e-01 -9.314333e-01
    outer loop
      vertex 3.597963e+01 3.338403e+01 8.899746e+01
      vertex 3.591416e+01 3.475624e+01 8.881759e+01
      vertex 4.108182e+01 3.441166e+01 8.700084e+01
    endloop
  endfacet
  facet normal -4.569564e-02 -9.912209e-01 -1.240686e-01
    outer loop
      vertex 3.647202e+01 4.676616e+01 7.573128e+01
      vertex 3.134457e+01 4.693601e+01 7.626276e+01
      vertex 3.602261e+01 4.694143e+01 7.449654e+01
    endloop
  endfacet
  facet normal -1.529781e-02 -9.989328e-01 -4.357971e-02
    outer loop
      vertex 3.602261e+01 4.694143e+01 7.449654e+01
      vertex 3.134457e+01 4.693601e+01 7.626276e+01
      vertex 3.087121e+01 4.700000e+01 7.496220e+01
    endloop
  endfacet
  facet normal -1.511286e-02 -9.990233e-01 -4.152228e-02
    outer loop
      vertex 3.602261e+01 4.694143e+01 7.449654e+01
      vertex 3.087121e+01 4.700000e+01 7.496220e+01
      vertex 3.556967e+01 4.700000e+01 7.325210e+01
    endloop
  endfacet
  facet normal -2.962405e-01 -5.009480e-01 -8.131991e-01
    outer loop
      vertex 4.020336e+01 3.908976e+01 8.563268e+01
      vertex 3.523308e+01 3.989648e+01 8.694634e+01
      vertex 3.997929e+01 3.993037e+01 8.519646e+01
    endloop
  endfacet
  facet normal -2.818332e-01 -5.651362e-01 -7.753652e-01
    outer loop
      vertex 3.997929e+01 3.993037e+01 8.519646e+01
      vertex 3.523308e+01 3.989648e+01 8.694634e+01
      vertex 3.496528e+01 4.103952e+01 8.621056e+01
    endloop
  endfacet
  facet normal -2.811748e-01 -5.557997e-01 -7.823218e-01
    outer loop
      vertex 3.997929e+01 3.993037e+01 8.519646e+01
      vertex 3.496528e+01 4.103952e+01 8.621056e+01
      vertex 3.975447e+01 4.073857e+01 8.470309e+01
    endloop
  endfacet
  facet normal -3.405384e-01 -1.208719e-01 -9.324288e-01
    outer loop
      vertex 4.108182e+01 3.441166e+01 8.700084e+01
      vertex 4.117475e+01 3.321017e+01 8.712265e+01
      vertex 3.597963e+01 3.338403e+01 8.899746e+01
    endloop
  endfacet
  facet normal -3.403689e-01 -4.034878e-02 -9.394258e-01
    outer loop
      vertex 3.597963e+01 3.338403e+01 8.899746e+01
      vertex 4.117475e+01 3.321017e+01 8.712265e+01
      vertex 4.120629e+01 3.200000e+01 8.716320e+01
    endloop
  endfacet
  facet normal -3.416554e-01 -4.618264e-02 -9.386899e-01
    outer loop
      vertex 3.597963e+01 3.338403e+01 8.899746e+01
      vertex 4.120629e+01 3.200000e+01 8.716320e+01
      vertex 3.600151e+01 3.200000e+01 8.905759e+01
    endloop
  endfacet
  facet normal -2.727729e-01 -6.086485e-01 -7.450784e-01
    outer loop
      vertex 3.953693e+01 4.151063e+01 8.415204e+01
      vertex 3.975447e+01 4.073857e+01 8.470309e+01
      vertex 3.496528e+01 4.103952e+01 8.621056e+01
    endloop
  endfacet
  facet normal -2.601731e-01 -6.388456e-01 -7.240071e-01
    outer loop
      vertex 3.953693e+01 4.151063e+01 8.415204e+01
      vertex 3.496528e+01 4.103952e+01 8.621056e+01
      vertex 3.466255e+01 4.210543e+01 8.537881e+01
    endloop
  endfacet
  facet normal -2.573003e-01 -6.675899e-01 -6.986560e-01
    outer loop
      vertex 3.953693e+01 4.151063e+01 8.415204e+01
      vertex 3.466255e+01 4.210543e+01 8.537881e+01
      vertex 3.923425e+01 4.249758e+01 8.332044e+01
    endloop
  endfacet
  facet normal 1.211945e-01 -9.505459e-01 -2.859621e-01
    outer loop
      vertex 5.495972e+01 6.435352e-01 9.014333e+01
      vertex 5.459756e+01 3.637128e-01 9.091998e+01
      vertex 5.421898e+01 4.432551e-01 9.049512e+01
    endloop
  endfacet
  facet normal 3.013333e-02 -9.904311e-01 -1.346781e-01
    outer loop
      vertex 5.384873e+01 4.063236e-02 9.252586e+01
      vertex 5.370060e+01 1.800995e-01 9.146706e+01
      vertex 5.422623e+01 1.621993e-01 9.171631e+01
    endloop
  endfacet
  facet normal 4.720387e-02 -9.733756e-01 -2.243030e-01
    outer loop
      vertex 5.459756e+01 3.637128e-01 9.091998e+01
      vertex 5.422623e+01 1.621993e-01 9.171631e+01
      vertex 5.421898e+01 4.432551e-01 9.049512e+01
    endloop
  endfacet
  facet normal 7.316897e-02 -9.718160e-01 -2.240983e-01
    outer loop
      vertex 5.421898e+01 4.432551e-01 9.049512e+01
      vertex 5.422623e+01 1.621993e-01 9.171631e+01
      vertex 5.370060e+01 1.800995e-01 9.146706e+01
    endloop
  endfacet
  facet normal 5.038997e-02 -9.704739e-01 -2.358839e-01
    outer loop
      vertex 5.421898e+01 4.432551e-01 9.049512e+01
      vertex 5.370060e+01 1.800995e-01 9.146706e+01
      vertex 5.343824e+01 3.295347e-01 9.079621e+01
    endloop
  endfacet
  facet normal -3.221375e-02 -9.779930e-01 -2.061361e-01
    outer loop
      vertex 5.262986e+01 3.050100e-01 9.103889e+01
      vertex 5.343824e+01 3.295347e-01 9.079621e+01
      vertex 5.290610e+01 1.359456e-01 9.179784e+01
    endloop
  endfacet
  facet normal -3.126141e-02 -9.781250e-01 -2.056556e-01
    outer loop
      vertex 5.290610e+01 1.359456e-01 9.179784e+01
      vertex 5.343824e+01 3.295347e-01 9.079621e+01
      vertex 5.370060e+01 1.800995e-01 9.146706e+01
    endloop
  endfacet
  facet normal 3.781971e-04 -9.913266e-01 -1.314208e-01
    outer loop
      vertex 5.290610e+01 1.359456e-01 9.179784e+01
      vertex 5.370060e+01 1.800995e-01 9.146706e+01
      vertex 5.318616e+01 3.404436e-02 9.256730e+01
    endloop
  endfacet
  facet normal 1.674708e-03 -9.914041e-01 -1.308248e-01
    outer loop
      vertex 5.318616e+01 3.404436e-02 9.256730e+01
      vertex 5.370060e+01 1.800995e-01 9.146706e+01
      vertex 5.384873e+01 4.063236e-02 9.252586e+01
    endloop
  endfacet
  facet normal 7.026587e-03 -9.988958e-01 -4.645223e-02
    outer loop
      vertex 5.318616e+01 3.404436e-02 9.256730e+01
      vertex 5.384873e+01 4.063236e-02 9.252586e+01
      vertex 5.346814e+01 0.000000e+00 9.334203e+01
    endloop
  endfacet
  facet normal -6.998406e-02 -9.787853e-01 -1.925652e-01
    outer loop
      vertex 5.262986e+01 3.050100e-01 9.103889e+01
      vertex 5.290610e+01 1.359456e-01 9.179784e+01
      vertex 3.859573e+01 2.959977e-01 9.618513e+01
    endloop
  endfacet
  facet normal -2.591907e-01 -6.584265e-01 -7.066079e-01
    outer loop
      vertex 4.328332e+01 3.250177e+00 8.919714e+01
      vertex 3.697589e+01 3.009881e+00 9.173468e+01
      vertex 3.672701e+01 3.841682e+00 9.105089e+01
    endloop
  endfacet
  facet normal -2.943018e-01 -5.037226e-01 -8.121885e-01
    outer loop
      vertex 4.201147e+01 5.363388e+00 8.808318e+01
      vertex 4.238046e+01 4.567628e+00 8.844300e+01
      vertex 3.651105e+01 4.748701e+00 9.045752e+01
    endloop
  endfacet
  facet normal -3.027593e-01 -4.772959e-01 -8.249397e-01
    outer loop
      vertex 3.651105e+01 4.748701e+00 9.045752e+01
      vertex 3.633063e+01 5.719860e+00 8.996184e+01
      vertex 4.201147e+01 5.363388e+00 8.808318e+01
    endloop
  endfacet
  facet normal -3.084538e-01 -4.215344e-01 -8.527397e-01
    outer loop
      vertex 4.171788e+01 6.209272e+00 8.777122e+01
      vertex 4.201147e+01 5.363388e+00 8.808318e+01
      vertex 3.633063e+01 5.719860e+00 8.996184e+01
    endloop
  endfacet
  facet normal -3.191926e-01 -3.774196e-01 -8.692932e-01
    outer loop
      vertex 3.633063e+01 5.719860e+00 8.996184e+01
      vertex 3.618797e+01 6.743297e+00 8.956988e+01
      vertex 4.171788e+01 6.209272e+00 8.777122e+01
    endloop
  endfacet
  facet normal -3.205384e-01 -3.349235e-01 -8.860482e-01
    outer loop
      vertex 4.171788e+01 6.209272e+00 8.777122e+01
      vertex 3.618797e+01 6.743297e+00 8.956988e+01
      vertex 4.149487e+01 7.095073e+00 8.751707e+01
    endloop
  endfacet
  facet normal -3.312814e-01 -2.729255e-01 -9.031968e-01
    outer loop
      vertex 4.149487e+01 7.095073e+00 8.751707e+01
      vertex 3.618797e+01 6.743297e+00 8.956988e+01
      vertex 3.608480e+01 7.806511e+00 8.928644e+01
    endloop
  endfacet
  facet normal -3.302555e-01 -2.431224e-01 -9.120432e-01
    outer loop
      vertex 4.149487e+01 7.095073e+00 8.751707e+01
      vertex 3.608480e+01 7.806511e+00 8.928644e+01
      vertex 4.133300e+01 8.045660e+00 8.732229e+01
    endloop
  endfacet
  facet normal -3.390912e-01 -1.651018e-01 -9.261526e-01
    outer loop
      vertex 4.133300e+01 8.045660e+00 8.732229e+01
      vertex 3.608480e+01 7.806511e+00 8.928644e+01
      vertex 3.602240e+01 8.896517e+00 8.911497e+01
    endloop
  endfacet
  facet normal -1.411105e-02 -9.991485e-01 -3.876981e-02
    outer loop
      vertex 5.346814e+01 0.000000e+00 9.334203e+01
      vertex 3.949748e+01 0.000000e+00 9.842693e+01
      vertex 5.318616e+01 3.404436e-02 9.256730e+01
    endloop
  endfacet
  facet normal -1.097709e-02 -9.994451e-01 -3.145030e-02
    outer loop
      vertex 5.318616e+01 3.404436e-02 9.256730e+01
      vertex 3.949748e+01 0.000000e+00 9.842693e+01
      vertex 3.921315e+01 2.213480e-02 9.782276e+01
    endloop
  endfacet
  facet normal -4.273269e-02 -9.923453e-01 -1.158647e-01
    outer loop
      vertex 5.318616e+01 3.404436e-02 9.256730e+01
      vertex 3.921315e+01 2.213480e-02 9.782276e+01
      vertex 5.290610e+01 1.359456e-01 9.179784e+01
    endloop
  endfacet
  facet normal -3.315495e-02 -9.950060e-01 -9.414748e-02
    outer loop
      vertex 5.290610e+01 1.359456e-01 9.179784e+01
      vertex 3.921315e+01 2.213480e-02 9.782276e+01
      vertex 3.896701e+01 8.876642e-02 9.720524e+01
    endloop
  endfacet
  facet normal -6.491843e-02 -9.822624e-01 -1.759155e-01
    outer loop
      vertex 5.290610e+01 1.359456e-01 9.179784e+01
      vertex 3.896701e+01 8.876642e-02 9.720524e+01
      vertex 3.859573e+01 2.959977e-01 9.618513e+01
    endloop
  endfacet
  facet normal -1.940148e-01 -8.235336e-01 -5.330578e-01
    outer loop
      vertex 4.545847e+01 1.611156e+00 9.046489e+01
      vertex 3.755987e+01 1.611529e+00 9.333913e+01
      vertex 4.488046e+01 1.924418e+00 9.019130e+01
    endloop
  endfacet
  facet normal -2.035592e-01 -8.074812e-01 -5.536585e-01
    outer loop
      vertex 4.488046e+01 1.924418e+00 9.019130e+01
      vertex 3.755987e+01 1.611529e+00 9.333913e+01
      vertex 3.725465e+01 2.263458e+00 9.250055e+01
    endloop
  endfacet
  facet normal -2.096197e-01 -7.899353e-01 -5.762481e-01
    outer loop
      vertex 4.488046e+01 1.924418e+00 9.019130e+01
      vertex 3.725465e+01 2.263458e+00 9.250055e+01
      vertex 4.434016e+01 2.282668e+00 8.989674e+01
    endloop
  endfacet
  facet normal -2.255885e-01 -7.519481e-01 -6.194223e-01
    outer loop
      vertex 4.434016e+01 2.282668e+00 8.989674e+01
      vertex 3.725465e+01 2.263458e+00 9.250055e+01
      vertex 4.384127e+01 2.686436e+00 8.958828e+01
    endloop
  endfacet
  facet normal -2.329422e-01 -7.374589e-01 -6.339498e-01
    outer loop
      vertex 4.384127e+01 2.686436e+00 8.958828e+01
      vertex 3.725465e+01 2.263458e+00 9.250055e+01
      vertex 3.697589e+01 3.009881e+00 9.173468e+01
    endloop
  endfacet
  facet normal -2.420938e-01 -7.033353e-01 -6.683637e-01
    outer loop
      vertex 4.384127e+01 2.686436e+00 8.958828e+01
      vertex 3.697589e+01 3.009881e+00 9.173468e+01
      vertex 4.328332e+01 3.250177e+00 8.919714e+01
    endloop
  endfacet
  facet normal -2.821418e-01 -5.713556e-01 -7.706807e-01
    outer loop
      vertex 3.651105e+01 4.748701e+00 9.045752e+01
      vertex 4.238046e+01 4.567628e+00 8.844300e+01
      vertex 3.672701e+01 3.841682e+00 9.105089e+01
    endloop
  endfacet
  facet normal -2.793459e-01 -5.782570e-01 -7.665408e-01
    outer loop
      vertex 3.672701e+01 3.841682e+00 9.105089e+01
      vertex 4.238046e+01 4.567628e+00 8.844300e+01
      vertex 4.279632e+01 3.879179e+00 8.881080e+01
    endloop
  endfacet
  facet normal -2.613896e-01 -6.439943e-01 -7.189901e-01
    outer loop
      vertex 3.672701e+01 3.841682e+00 9.105089e+01
      vertex 4.279632e+01 3.879179e+00 8.881080e+01
      vertex 4.328332e+01 3.250177e+00 8.919714e+01
    endloop
  endfacet
  facet normal -3.414977e-01 -5.526011e-02 -9.382566e-01
    outer loop
      vertex 3.600151e+01 1.000000e+01 8.905759e+01
      vertex 4.120629e+01 1.000000e+01 8.716320e+01
      vertex 3.602240e+01 8.896517e+00 8.911497e+01
    endloop
  endfacet
  facet normal -3.427433e-01 -4.920216e-02 -9.381398e-01
    outer loop
      vertex 3.602240e+01 8.896517e+00 8.911497e+01
      vertex 4.120629e+01 1.000000e+01 8.716320e+01
      vertex 4.123773e+01 9.017555e+00 8.720324e+01
    endloop
  endfacet
  facet normal -3.374209e-01 -1.469704e-01 -9.298101e-01
    outer loop
      vertex 3.602240e+01 8.896517e+00 8.911497e+01
      vertex 4.123773e+01 9.017555e+00 8.720324e+01
      vertex 4.133300e+01 8.045660e+00 8.732229e+01
    endloop
  endfacet
  facet normal -1.132525e-01 -9.435425e-01 -3.112900e-01
    outer loop
      vertex 3.823453e+01 6.217543e-01 9.519275e+01
      vertex 4.876201e+01 6.313731e-01 9.133352e+01
      vertex 4.969920e+01 5.007651e-01 9.138844e+01
    endloop
  endfacet
  facet normal -1.017860e-01 -9.556519e-01 -2.763494e-01
    outer loop
      vertex 3.823453e+01 6.217543e-01 9.519275e+01
      vertex 4.969920e+01 5.007651e-01 9.138844e+01
      vertex 5.064209e+01 4.077115e-01 9.136294e+01
    endloop
  endfacet
  facet normal -9.147660e-02 -9.658594e-01 -2.423792e-01
    outer loop
      vertex 3.823453e+01 6.217543e-01 9.519275e+01
      vertex 5.064209e+01 4.077115e-01 9.136294e+01
      vertex 5.164269e+01 3.421347e-01 9.124662e+01
    endloop
  endfacet
  facet normal -7.785193e-02 -9.776589e-01 -1.952495e-01
    outer loop
      vertex 3.823453e+01 6.217543e-01 9.519275e+01
      vertex 5.164269e+01 3.421347e-01 9.124662e+01
      vertex 5.262986e+01 3.050100e-01 9.103889e+01
    endloop
  endfacet
  facet normal -1.009367e-01 -9.555725e-01 -2.769345e-01
    outer loop
      vertex 3.823453e+01 6.217543e-01 9.519275e+01
      vertex 5.262986e+01 3.050100e-01 9.103889e+01
      vertex 3.859573e+01 2.959977e-01 9.618513e+01
    endloop
  endfacet
  facet normal -1.700506e-01 -8.676462e-01 -4.671969e-01
    outer loop
      vertex 3.788783e+01 1.062057e+00 9.424020e+01
      vertex 3.755987e+01 1.611529e+00 9.333913e+01
      vertex 4.545847e+01 1.611156e+00 9.046489e+01
    endloop
  endfacet
  facet normal -1.788505e-01 -8.569944e-01 -4.832940e-01
    outer loop
      vertex 3.788783e+01 1.062057e+00 9.424020e+01
      vertex 4.545847e+01 1.611156e+00 9.046489e+01
      vertex 4.621457e+01 1.284998e+00 9.076344e+01
    endloop
  endfacet
  facet normal -1.590092e-01 -8.850126e-01 -4.375715e-01
    outer loop
      vertex 3.788783e+01 1.062057e+00 9.424020e+01
      vertex 4.621457e+01 1.284998e+00 9.076344e+01
      vertex 4.701171e+01 1.019368e+00 9.101102e+01
    endloop
  endfacet
  facet normal -1.427532e-01 -9.091140e-01 -3.913225e-01
    outer loop
      vertex 3.788783e+01 1.062057e+00 9.424020e+01
      vertex 4.701171e+01 1.019368e+00 9.101102e+01
      vertex 4.784039e+01 8.077740e-01 9.120029e+01
    endloop
  endfacet
  facet normal -1.285260e-01 -9.305184e-01 -3.429528e-01
    outer loop
      vertex 3.788783e+01 1.062057e+00 9.424020e+01
      vertex 4.784039e+01 8.077740e-01 9.120029e+01
      vertex 4.876201e+01 6.313731e-01 9.133352e+01
    endloop
  endfacet
  facet normal -1.363860e-01 -9.172111e-01 -3.743296e-01
    outer loop
      vertex 3.788783e+01 1.062057e+00 9.424020e+01
      vertex 4.876201e+01 6.313731e-01 9.133352e+01
      vertex 3.823453e+01 6.217543e-01 9.519275e+01
    endloop
  endfacet
  facet normal -3.420203e-01 -0.000000e+00 -9.396926e-01
    outer loop
      vertex 3.600151e+01 3.200000e+01 8.905759e+01
      vertex 4.120629e+01 3.200000e+01 8.716320e+01
      vertex 3.600151e+01 1.000000e+01 8.905759e+01
    endloop
  endfacet
  facet normal -3.420203e-01 0.000000e+00 -9.396926e-01
    outer loop
      vertex 3.600151e+01 1.000000e+01 8.905759e+01
      vertex 4.120629e+01 3.200000e+01 8.716320e+01
      vertex 4.120629e+01 1.000000e+01 8.716320e+01
    endloop
  endfacet
  facet normal 7.266242e-02 -9.858687e-01 -1.509401e-01
    outer loop
      vertex 6.052868e+01 6.287790e-02 9.539902e+01
      vertex 5.422623e+01 1.621993e-01 9.171631e+01
      vertex 6.099591e+01 2.507209e-01 9.439705e+01
    endloop
  endfacet
  facet normal 9.320524e-02 -9.746940e-01 -2.031860e-01
    outer loop
      vertex 6.099591e+01 2.507209e-01 9.439705e+01
      vertex 5.422623e+01 1.621993e-01 9.171631e+01
      vertex 5.459756e+01 3.637128e-01 9.091998e+01
    endloop
  endfacet
  facet normal 1.188949e-01 -9.609154e-01 -2.500111e-01
    outer loop
      vertex 6.099591e+01 2.507209e-01 9.439705e+01
      vertex 5.459756e+01 3.637128e-01 9.091998e+01
      vertex 6.145132e+01 5.611667e-01 9.342043e+01
    endloop
  endfacet
  facet normal 2.223414e-01 -8.492115e-01 -4.789617e-01
    outer loop
      vertex 5.643125e+01 1.332162e+00 8.922138e+01
      vertex 5.693641e+01 1.689202e+00 8.882285e+01
      vertex 6.230397e+01 1.532758e+00 9.159193e+01
    endloop
  endfacet
  facet normal 2.463565e-01 -8.155611e-01 -5.236111e-01
    outer loop
      vertex 6.269048e+01 2.181685e+00 9.076303e+01
      vertex 6.230397e+01 1.532758e+00 9.159193e+01
      vertex 5.693641e+01 1.689202e+00 8.882285e+01
    endloop
  endfacet
  facet normal 2.501113e-01 -8.054419e-01 -5.373153e-01
    outer loop
      vertex 5.693641e+01 1.689202e+00 8.882285e+01
      vertex 5.751515e+01 2.216237e+00 8.830221e+01
      vertex 6.269048e+01 2.181685e+00 9.076303e+01
    endloop
  endfacet
  facet normal 3.174387e-01 -6.663455e-01 -6.746973e-01
    outer loop
      vertex 6.304387e+01 2.928932e+00 9.000521e+01
      vertex 5.844411e+01 3.491827e+00 8.728514e+01
      vertex 6.335966e+01 3.765102e+00 8.932797e+01
    endloop
  endfacet
  facet normal 3.316395e-01 -6.145293e-01 -7.157995e-01
    outer loop
      vertex 6.335966e+01 3.765102e+00 8.932797e+01
      vertex 5.844411e+01 3.491827e+00 8.728514e+01
      vertex 5.879933e+01 4.226840e+00 8.681870e+01
    endloop
  endfacet
  facet normal 3.474130e-01 -5.786676e-01 -7.378672e-01
    outer loop
      vertex 6.335966e+01 3.765102e+00 8.932797e+01
      vertex 5.879933e+01 4.226840e+00 8.681870e+01
      vertex 6.363391e+01 4.679679e+00 8.873985e+01
    endloop
  endfacet
  facet normal 3.548021e-01 -5.349681e-01 -7.667624e-01
    outer loop
      vertex 5.879933e+01 4.226840e+00 8.681870e+01
      vertex 5.910960e+01 5.083783e+00 8.636438e+01
      vertex 6.363391e+01 4.679679e+00 8.873985e+01
    endloop
  endfacet
  facet normal 3.726043e-01 -4.837165e-01 -7.919497e-01
    outer loop
      vertex 6.386316e+01 5.661162e+00 8.824822e+01
      vertex 6.363391e+01 4.679679e+00 8.873985e+01
      vertex 5.910960e+01 5.083783e+00 8.636438e+01
    endloop
  endfacet
  facet normal 3.760007e-01 -4.465924e-01 -8.118982e-01
    outer loop
      vertex 5.910960e+01 5.083783e+00 8.636438e+01
      vertex 5.935002e+01 5.993713e+00 8.597520e+01
      vertex 6.386316e+01 5.661162e+00 8.824822e+01
    endloop
  endfacet
  facet normal 3.929283e-01 -3.826837e-01 -8.361582e-01
    outer loop
      vertex 6.404453e+01 6.697209e+00 8.785928e+01
      vertex 6.386316e+01 5.661162e+00 8.824822e+01
      vertex 5.935002e+01 5.993713e+00 8.597520e+01
    endloop
  endfacet
  facet normal 3.935566e-01 -3.534195e-01 -8.486506e-01
    outer loop
      vertex 5.935002e+01 5.993713e+00 8.597520e+01
      vertex 5.952818e+01 6.945985e+00 8.566125e+01
      vertex 6.404453e+01 6.697209e+00 8.785928e+01
    endloop
  endfacet
  facet normal 4.081345e-01 -2.768337e-01 -8.699364e-01
    outer loop
      vertex 6.417573e+01 7.774791e+00 8.757793e+01
      vertex 6.404453e+01 6.697209e+00 8.785928e+01
      vertex 5.952818e+01 6.945985e+00 8.566125e+01
    endloop
  endfacet
  facet normal 4.072046e-01 -2.557469e-01 -8.767998e-01
    outer loop
      vertex 5.952818e+01 6.945985e+00 8.566125e+01
      vertex 5.965228e+01 7.945611e+00 8.542731e+01
      vertex 6.417573e+01 7.774791e+00 8.757793e+01
    endloop
  endfacet
  facet normal 4.181447e-01 -1.675103e-01 -8.928020e-01
    outer loop
      vertex 6.425511e+01 8.880355e+00 8.740768e+01
      vertex 6.417573e+01 7.774791e+00 8.757793e+01
      vertex 5.965228e+01 7.945611e+00 8.542731e+01
    endloop
  endfacet
  facet normal 2.369631e-02 -9.984268e-01 -5.081686e-02
    outer loop
      vertex 6.005550e+01 0.000000e+00 9.641377e+01
      vertex 5.346814e+01 0.000000e+00 9.334203e+01
      vertex 6.052868e+01 6.287790e-02 9.539902e+01
    endloop
  endfacet
  facet normal 2.058852e-02 -9.989823e-01 -4.013252e-02
    outer loop
      vertex 6.052868e+01 6.287790e-02 9.539902e+01
      vertex 5.346814e+01 0.000000e+00 9.334203e+01
      vertex 5.384873e+01 4.063236e-02 9.252586e+01
    endloop
  endfacet
  facet normal 5.605604e-02 -9.908650e-01 -1.226553e-01
    outer loop
      vertex 6.052868e+01 6.287790e-02 9.539902e+01
      vertex 5.384873e+01 4.063236e-02 9.252586e+01
      vertex 5.422623e+01 1.621993e-01 9.171631e+01
    endloop
  endfacet
  facet normal 1.579697e-01 -9.306169e-01 -3.301481e-01
    outer loop
      vertex 5.529449e+01 7.649368e-01 8.996130e+01
      vertex 6.188918e+01 9.903113e-01 9.248145e+01
      vertex 5.495972e+01 6.435352e-01 9.014333e+01
    endloop
  endfacet
  facet normal 1.630529e-01 -9.238781e-01 -3.462124e-01
    outer loop
      vertex 5.495972e+01 6.435352e-01 9.014333e+01
      vertex 6.188918e+01 9.903113e-01 9.248145e+01
      vertex 6.145132e+01 5.611667e-01 9.342043e+01
    endloop
  endfacet
  facet normal 1.301907e-01 -9.506030e-01 -2.817876e-01
    outer loop
      vertex 5.495972e+01 6.435352e-01 9.014333e+01
      vertex 6.145132e+01 5.611667e-01 9.342043e+01
      vertex 5.459756e+01 3.637128e-01 9.091998e+01
    endloop
  endfacet
  facet normal 2.010160e-01 -8.834393e-01 -4.232344e-01
    outer loop
      vertex 5.643125e+01 1.332162e+00 8.922138e+01
      vertex 6.230397e+01 1.532758e+00 9.159193e+01
      vertex 5.588278e+01 1.024374e+00 8.960335e+01
    endloop
  endfacet
  facet normal 2.049817e-01 -8.752232e-01 -4.381402e-01
    outer loop
      vertex 5.588278e+01 1.024374e+00 8.960335e+01
      vertex 6.230397e+01 1.532758e+00 9.159193e+01
      vertex 6.188918e+01 9.903113e-01 9.248145e+01
    endloop
  endfacet
  facet normal 1.740892e-01 -9.109051e-01 -3.740921e-01
    outer loop
      vertex 5.588278e+01 1.024374e+00 8.960335e+01
      vertex 6.188918e+01 9.903113e-01 9.248145e+01
      vertex 5.529449e+01 7.649368e-01 8.996130e+01
    endloop
  endfacet
  facet normal 2.820761e-01 -7.456397e-01 -6.037005e-01
    outer loop
      vertex 6.269048e+01 2.181685e+00 9.076303e+01
      vertex 5.751515e+01 2.216237e+00 8.830221e+01
      vertex 6.304387e+01 2.928932e+00 9.000521e+01
    endloop
  endfacet
  facet normal 2.812712e-01 -7.492687e-01 -5.995690e-01
    outer loop
      vertex 6.304387e+01 2.928932e+00 9.000521e+01
      vertex 5.751515e+01 2.216237e+00 8.830221e+01
      vertex 5.801730e+01 2.819123e+00 8.778436e+01
    endloop
  endfacet
  facet normal 3.068852e-01 -6.850348e-01 -6.607184e-01
    outer loop
      vertex 6.304387e+01 2.928932e+00 9.000521e+01
      vertex 5.801730e+01 2.819123e+00 8.778436e+01
      vertex 5.844411e+01 3.491827e+00 8.728514e+01
    endloop
  endfacet
  facet normal 4.220523e-01 -5.170292e-02 -9.050961e-01
    outer loop
      vertex 5.974816e+01 1.000000e+01 8.523668e+01
      vertex 6.428168e+01 1.000000e+01 8.735069e+01
      vertex 5.972448e+01 8.967275e+00 8.528463e+01
    endloop
  endfacet
  facet normal 4.227713e-01 -5.606808e-02 -9.045003e-01
    outer loop
      vertex 5.972448e+01 8.967275e+00 8.528463e+01
      vertex 6.428168e+01 1.000000e+01 8.735069e+01
      vertex 6.425511e+01 8.880355e+00 8.740768e+01
    endloop
  endfacet
  facet normal 4.167897e-01 -1.545551e-01 -8.957673e-01
    outer loop
      vertex 5.972448e+01 8.967275e+00 8.528463e+01
      vertex 6.425511e+01 8.880355e+00 8.740768e+01
      vertex 5.965228e+01 7.945611e+00 8.542731e+01
    endloop
  endfacet
  facet normal -7.179479e-01 7.529860e-05 -6.960970e-01
    outer loop
      vertex 5.786467e+01 7.000000e+01 8.794905e+01
      vertex 5.801730e+01 2.819123e+00 8.778436e+01
      vertex 5.751515e+01 2.216237e+00 8.830221e+01
    endloop
  endfacet
  facet normal -6.886411e-01 -2.269376e-04 -7.251023e-01
    outer loop
      vertex 5.751515e+01 2.216237e+00 8.830221e+01
      vertex 5.701084e+01 7.000000e+01 8.875995e+01
      vertex 5.786467e+01 7.000000e+01 8.794905e+01
    endloop
  endfacet
  facet normal -3.598273e-01 9.237767e-05 -9.330189e-01
    outer loop
      vertex 5.400231e+01 7.000000e+01 9.058557e+01
      vertex 5.421898e+01 4.432551e-01 9.049512e+01
      vertex 5.343824e+01 3.295347e-01 9.079621e+01
    endloop
  endfacet
  facet normal -3.251937e-01 -2.262056e-04 -9.456474e-01
    outer loop
      vertex 5.343824e+01 3.295347e-01 9.079621e+01
      vertex 5.288877e+01 7.000000e+01 9.096850e+01
      vertex 5.400231e+01 7.000000e+01 9.058557e+01
    endloop
  endfacet
  facet normal -9.913077e-03 -1.743085e-04 -9.999509e-01
    outer loop
      vertex 4.969920e+01 5.007651e-01 9.138844e+01
      vertex 4.939373e+01 7.000000e+01 9.137935e+01
      vertex 5.057121e+01 7.000000e+01 9.136768e+01
    endloop
  endfacet
  facet normal 5.851404e-02 1.266663e-04 -9.982866e-01
    outer loop
      vertex 4.939373e+01 7.000000e+01 9.137935e+01
      vertex 4.969920e+01 5.007651e-01 9.138844e+01
      vertex 4.876201e+01 6.313731e-01 9.133352e+01
    endloop
  endfacet
  facet normal 9.703140e-02 -2.260864e-04 -9.952813e-01
    outer loop
      vertex 4.876201e+01 6.313731e-01 9.133352e+01
      vertex 4.822176e+01 7.000000e+01 9.126509e+01
      vertex 4.939373e+01 7.000000e+01 9.137935e+01
    endloop
  endfacet
  facet normal 1.431017e-01 1.382156e-04 -9.897080e-01
    outer loop
      vertex 4.784039e+01 8.077740e-01 9.120029e+01
      vertex 4.822176e+01 7.000000e+01 9.126509e+01
      vertex 4.876201e+01 6.313731e-01 9.133352e+01
    endloop
  endfacet
  facet normal 2.028616e-01 -2.009946e-04 -9.792074e-01
    outer loop
      vertex 4.706871e+01 7.000000e+01 9.102621e+01
      vertex 4.822176e+01 7.000000e+01 9.126509e+01
      vertex 4.784039e+01 8.077740e-01 9.120029e+01
    endloop
  endfacet
  facet normal 6.981662e-01 1.085963e-05 -7.159357e-01
    outer loop
      vertex 4.201147e+01 5.363388e+00 8.808318e+01
      vertex 4.203391e+01 7.000000e+01 8.810604e+01
      vertex 4.238046e+01 4.567628e+00 8.844300e+01
    endloop
  endfacet
  facet normal 9.301427e-01 0.000000e+00 -3.671982e-01
    outer loop
      vertex 3.953693e+01 7.000000e+01 8.415204e+01
      vertex 3.975447e+01 4.073857e+01 8.470309e+01
      vertex 3.953693e+01 4.151063e+01 8.415204e+01
    endloop
  endfacet
  facet normal -7.956136e-01 5.909537e-05 -6.058044e-01
    outer loop
      vertex 5.879933e+01 4.226840e+00 8.681870e+01
      vertex 5.844411e+01 3.491827e+00 8.728514e+01
      vertex 5.862693e+01 7.000000e+01 8.705153e+01
    endloop
  endfacet
  facet normal -7.599520e-01 -1.940965e-04 -6.499791e-01
    outer loop
      vertex 5.862693e+01 7.000000e+01 8.705153e+01
      vertex 5.844411e+01 3.491827e+00 8.728514e+01
      vertex 5.801730e+01 2.819123e+00 8.778436e+01
    endloop
  endfacet
  facet normal -7.622062e-01 -1.447907e-04 -6.473343e-01
    outer loop
      vertex 5.862693e+01 7.000000e+01 8.705153e+01
      vertex 5.801730e+01 2.819123e+00 8.778436e+01
      vertex 5.786467e+01 7.000000e+01 8.794905e+01
    endloop
  endfacet
  facet normal -6.688253e-01 4.418739e-05 -7.434196e-01
    outer loop
      vertex 5.751515e+01 2.216237e+00 8.830221e+01
      vertex 5.693641e+01 1.689202e+00 8.882285e+01
      vertex 5.701084e+01 7.000000e+01 8.875995e+01
    endloop
  endfacet
  facet normal -6.193572e-01 -4.809345e-05 -7.851093e-01
    outer loop
      vertex 5.701084e+01 7.000000e+01 8.875995e+01
      vertex 5.693641e+01 1.689202e+00 8.882285e+01
      vertex 5.643125e+01 1.332162e+00 8.922138e+01
    endloop
  endfacet
  facet normal -6.071845e-01 -2.143492e-04 -7.945608e-01
    outer loop
      vertex 5.701084e+01 7.000000e+01 8.875995e+01
      vertex 5.643125e+01 1.332162e+00 8.922138e+01
      vertex 5.607521e+01 7.000000e+01 8.947493e+01
    endloop
  endfacet
  facet normal -5.715147e-01 6.671053e-05 -8.205919e-01
    outer loop
      vertex 5.643125e+01 1.332162e+00 8.922138e+01
      vertex 5.588278e+01 1.024374e+00 8.960335e+01
      vertex 5.607521e+01 7.000000e+01 8.947493e+01
    endloop
  endfacet
  facet normal -5.197643e-01 -1.404444e-04 -8.543096e-01
    outer loop
      vertex 5.607521e+01 7.000000e+01 8.947493e+01
      vertex 5.588278e+01 1.024374e+00 8.960335e+01
      vertex 5.529449e+01 7.649368e-01 8.996130e+01
    endloop
  endfacet
  facet normal -5.187765e-01 -1.558000e-04 -8.549099e-01
    outer loop
      vertex 5.607521e+01 7.000000e+01 8.947493e+01
      vertex 5.529449e+01 7.649368e-01 8.996130e+01
      vertex 5.506853e+01 7.000000e+01 9.008581e+01
    endloop
  endfacet
  facet normal -4.776806e-01 2.081000e-05 -8.785336e-01
    outer loop
      vertex 5.529449e+01 7.649368e-01 8.996130e+01
      vertex 5.495972e+01 6.435352e-01 9.014333e+01
      vertex 5.506853e+01 7.000000e+01 9.008581e+01
    endloop
  endfacet
  facet normal -4.289852e-01 -7.613216e-05 -9.033115e-01
    outer loop
      vertex 5.506853e+01 7.000000e+01 9.008581e+01
      vertex 5.495972e+01 6.435352e-01 9.014333e+01
      vertex 5.421898e+01 4.432551e-01 9.049512e+01
    endloop
  endfacet
  facet normal -4.244152e-01 -1.446372e-04 -9.054677e-01
    outer loop
      vertex 5.506853e+01 7.000000e+01 9.008581e+01
      vertex 5.421898e+01 4.432551e-01 9.049512e+01
      vertex 5.400231e+01 7.000000e+01 9.058557e+01
    endloop
  endfacet
  facet normal -2.702791e-02 4.052541e-05 -9.996347e-01
    outer loop
      vertex 4.969920e+01 5.007651e-01 9.138844e+01
      vertex 5.057121e+01 7.000000e+01 9.136768e+01
      vertex 5.064209e+01 4.077115e-01 9.136294e+01
    endloop
  endfacet
  facet normal -1.167536e-01 -5.130737e-05 -9.931609e-01
    outer loop
      vertex 5.064209e+01 4.077115e-01 9.136294e+01
      vertex 5.057121e+01 7.000000e+01 9.136768e+01
      vertex 5.174069e+01 7.000000e+01 9.123019e+01
    endloop
  endfacet
  facet normal -1.154756e-01 -7.176787e-05 -9.933103e-01
    outer loop
      vertex 5.064209e+01 4.077115e-01 9.136294e+01
      vertex 5.174069e+01 7.000000e+01 9.123019e+01
      vertex 5.164269e+01 3.421347e-01 9.124662e+01
    endloop
  endfacet
  facet normal 2.226714e-01 3.079259e-05 -9.748935e-01
    outer loop
      vertex 4.784039e+01 8.077740e-01 9.120029e+01
      vertex 4.701171e+01 1.019368e+00 9.101102e+01
      vertex 4.706871e+01 7.000000e+01 9.102621e+01
    endloop
  endfacet
  facet normal 2.966017e-01 -3.467912e-05 -9.550012e-01
    outer loop
      vertex 4.706871e+01 7.000000e+01 9.102621e+01
      vertex 4.701171e+01 1.019368e+00 9.101102e+01
      vertex 4.621457e+01 1.284998e+00 9.076344e+01
    endloop
  endfacet
  facet normal 3.063784e-01 -1.680263e-04 -9.519097e-01
    outer loop
      vertex 4.706871e+01 7.000000e+01 9.102621e+01
      vertex 4.621457e+01 1.284998e+00 9.076344e+01
      vertex 4.594780e+01 7.000000e+01 9.066544e+01
    endloop
  endfacet
  facet normal 3.672930e-01 9.955774e-05 -9.301053e-01
    outer loop
      vertex 4.621457e+01 1.284998e+00 9.076344e+01
      vertex 4.545847e+01 1.611156e+00 9.046489e+01
      vertex 4.594780e+01 7.000000e+01 9.066544e+01
    endloop
  endfacet
  facet normal 4.276442e-01 -4.089723e-04 -9.039471e-01
    outer loop
      vertex 4.594780e+01 7.000000e+01 9.066544e+01
      vertex 4.545847e+01 1.611156e+00 9.046489e+01
      vertex 4.488046e+01 1.924418e+00 9.019130e+01
    endloop
  endfacet
  facet normal 4.063705e-01 -7.440040e-06 -9.137084e-01
    outer loop
      vertex 4.594780e+01 7.000000e+01 9.066544e+01
      vertex 4.488046e+01 1.924418e+00 9.019130e+01
      vertex 4.487188e+01 7.000000e+01 9.018693e+01
    endloop
  endfacet
  facet normal 4.786630e-01 3.967666e-06 -8.779987e-01
    outer loop
      vertex 4.487188e+01 7.000000e+01 9.018693e+01
      vertex 4.488046e+01 1.924418e+00 9.019130e+01
      vertex 4.434016e+01 2.282668e+00 8.989674e+01
    endloop
  endfacet
  facet normal 5.017176e-01 -2.326244e-04 -8.650315e-01
    outer loop
      vertex 4.487188e+01 7.000000e+01 9.018693e+01
      vertex 4.434016e+01 2.282668e+00 8.989674e+01
      vertex 4.385327e+01 7.000000e+01 8.959614e+01
    endloop
  endfacet
  facet normal 5.259015e-01 5.562979e-06 -8.505455e-01
    outer loop
      vertex 4.434016e+01 2.282668e+00 8.989674e+01
      vertex 4.384127e+01 2.686436e+00 8.958828e+01
      vertex 4.385327e+01 7.000000e+01 8.959614e+01
    endloop
  endfacet
  facet normal 5.740157e-01 -6.713177e-06 -8.188444e-01
    outer loop
      vertex 4.385327e+01 7.000000e+01 8.959614e+01
      vertex 4.384127e+01 2.686436e+00 8.958828e+01
      vertex 4.328332e+01 3.250177e+00 8.919714e+01
    endloop
  endfacet
  facet normal 5.913109e-01 -2.285156e-04 -8.064437e-01
    outer loop
      vertex 4.385327e+01 7.000000e+01 8.959614e+01
      vertex 4.328332e+01 3.250177e+00 8.919714e+01
      vertex 4.290366e+01 7.000000e+01 8.889985e+01
    endloop
  endfacet
  facet normal 6.215369e-01 4.610542e-05 -7.833849e-01
    outer loop
      vertex 4.328332e+01 3.250177e+00 8.919714e+01
      vertex 4.279632e+01 3.879179e+00 8.881080e+01
      vertex 4.290366e+01 7.000000e+01 8.889985e+01
    endloop
  endfacet
  facet normal 6.624337e-01 -6.642917e-05 -7.491206e-01
    outer loop
      vertex 4.290366e+01 7.000000e+01 8.889985e+01
      vertex 4.279632e+01 3.879179e+00 8.881080e+01
      vertex 4.238046e+01 4.567628e+00 8.844300e+01
    endloop
  endfacet
  facet normal 6.741262e-01 -2.332630e-04 -7.386162e-01
    outer loop
      vertex 4.290366e+01 7.000000e+01 8.889985e+01
      vertex 4.238046e+01 4.567628e+00 8.844300e+01
      vertex 4.203391e+01 7.000000e+01 8.810604e+01
    endloop
  endfacet
  facet normal 8.895338e-01 2.910800e-05 -4.568694e-01
    outer loop
      vertex 4.020336e+01 3.908976e+01 8.563268e+01
      vertex 3.997929e+01 3.993037e+01 8.519646e+01
      vertex 3.999832e+01 7.000000e+01 8.523542e+01
    endloop
  endfacet
  facet normal 9.099503e-01 -3.841754e-05 -4.147174e-01
    outer loop
      vertex 3.999832e+01 7.000000e+01 8.523542e+01
      vertex 3.997929e+01 3.993037e+01 8.519646e+01
      vertex 3.975447e+01 4.073857e+01 8.470309e+01
    endloop
  endfacet
  facet normal 9.200388e-01 -5.389206e-04 -3.918268e-01
    outer loop
      vertex 3.999832e+01 7.000000e+01 8.523542e+01
      vertex 3.975447e+01 4.073857e+01 8.470309e+01
      vertex 3.953693e+01 7.000000e+01 8.415204e+01
    endloop
  endfacet
  facet normal -2.059127e-01 5.894617e-05 -9.785703e-01
    outer loop
      vertex 5.262986e+01 3.050100e-01 9.103889e+01
      vertex 5.164269e+01 3.421347e-01 9.124662e+01
      vertex 5.174069e+01 7.000000e+01 9.123019e+01
    endloop
  endfacet
  facet normal -2.222412e-01 -1.591966e-04 -9.749917e-01
    outer loop
      vertex 5.262986e+01 3.050100e-01 9.103889e+01
      vertex 5.174069e+01 7.000000e+01 9.123019e+01
      vertex 5.288877e+01 7.000000e+01 9.096850e+01
    endloop
  endfacet
  facet normal -2.875361e-01 1.007635e-04 -9.577698e-01
    outer loop
      vertex 5.262986e+01 3.050100e-01 9.103889e+01
      vertex 5.288877e+01 7.000000e+01 9.096850e+01
      vertex 5.343824e+01 3.295347e-01 9.079621e+01
    endloop
  endfacet
  facet normal 8.157260e-01 -1.014808e-04 -5.784385e-01
    outer loop
      vertex 4.120629e+01 3.200000e+01 8.716320e+01
      vertex 4.057287e+01 7.000000e+01 8.626327e+01
      vertex 4.125400e+01 7.000000e+01 8.722382e+01
    endloop
  endfacet
  facet normal 7.861578e-01 -1.209317e-06 -6.180258e-01
    outer loop
      vertex 4.120629e+01 3.200000e+01 8.716320e+01
      vertex 4.125400e+01 7.000000e+01 8.722382e+01
      vertex 4.123773e+01 9.017555e+00 8.720324e+01
    endloop
  endfacet
  facet normal 7.864951e-01 0.000000e+00 -6.175965e-01
    outer loop
      vertex 4.120629e+01 3.200000e+01 8.716320e+01
      vertex 4.123773e+01 9.017555e+00 8.720324e+01
      vertex 4.120629e+01 1.000000e+01 8.716320e+01
    endloop
  endfacet
  facet normal -8.823869e-01 0.000000e+00 -4.705245e-01
    outer loop
      vertex 5.928888e+01 7.000000e+01 8.607766e+01
      vertex 5.984293e+01 7.000000e+01 8.503862e+01
      vertex 5.984293e+01 3.955702e+01 8.503862e+01
    endloop
  endfacet
  facet normal -8.985146e-01 -1.371464e-03 -4.389415e-01
    outer loop
      vertex 5.928888e+01 7.000000e+01 8.607766e+01
      vertex 5.984293e+01 3.955702e+01 8.503862e+01
      vertex 5.977227e+01 3.828321e+01 8.518725e+01
    endloop
  endfacet
  facet normal -8.904646e-01 -7.965065e-04 -4.550517e-01
    outer loop
      vertex 5.928888e+01 7.000000e+01 8.607766e+01
      vertex 5.977227e+01 3.828321e+01 8.518725e+01
      vertex 5.974816e+01 3.700000e+01 8.523668e+01
    endloop
  endfacet
  facet normal -8.776475e-01 0.000000e+00 -4.793067e-01
    outer loop
      vertex 5.928888e+01 7.000000e+01 8.607766e+01
      vertex 5.974816e+01 3.700000e+01 8.523668e+01
      vertex 5.974816e+01 1.000000e+01 8.523668e+01
    endloop
  endfacet
  facet normal -8.922789e-01 -5.019647e-04 -4.514843e-01
    outer loop
      vertex 5.928888e+01 7.000000e+01 8.607766e+01
      vertex 5.974816e+01 1.000000e+01 8.523668e+01
      vertex 5.972448e+01 8.967275e+00 8.528463e+01
    endloop
  endfacet
  facet normal -8.909528e-01 -4.585742e-04 -4.540956e-01
    outer loop
      vertex 5.928888e+01 7.000000e+01 8.607766e+01
      vertex 5.972448e+01 8.967275e+00 8.528463e+01
      vertex 5.965228e+01 7.945611e+00 8.542731e+01
    endloop
  endfacet
  facet normal -8.829604e-01 -2.508780e-04 -4.694473e-01
    outer loop
      vertex 5.928888e+01 7.000000e+01 8.607766e+01
      vertex 5.965228e+01 7.945611e+00 8.542731e+01
      vertex 5.952818e+01 6.945985e+00 8.566125e+01
    endloop
  endfacet
  facet normal -8.696594e-01 -4.055060e-05 -4.936521e-01
    outer loop
      vertex 5.928888e+01 7.000000e+01 8.607766e+01
      vertex 5.952818e+01 6.945985e+00 8.566125e+01
      vertex 5.935002e+01 5.993713e+00 8.597520e+01
    endloop
  endfacet
  facet normal -8.507844e-01 2.848286e-05 -5.255150e-01
    outer loop
      vertex 5.928888e+01 7.000000e+01 8.607766e+01
      vertex 5.935002e+01 5.993713e+00 8.597520e+01
      vertex 5.910960e+01 5.083783e+00 8.636438e+01
    endloop
  endfacet
  facet normal -8.256076e-01 -2.121061e-04 -5.642446e-01
    outer loop
      vertex 5.928888e+01 7.000000e+01 8.607766e+01
      vertex 5.910960e+01 5.083783e+00 8.636438e+01
      vertex 5.879933e+01 4.226840e+00 8.681870e+01
    endloop
  endfacet
  facet normal -8.270379e-01 -1.778205e-04 -5.621463e-01
    outer loop
      vertex 5.928888e+01 7.000000e+01 8.607766e+01
      vertex 5.879933e+01 4.226840e+00 8.681870e+01
      vertex 5.862693e+01 7.000000e+01 8.705153e+01
    endloop
  endfacet
  facet normal 7.492167e-01 -2.582973e-05 -6.623248e-01
    outer loop
      vertex 4.125400e+01 7.000000e+01 8.722382e+01
      vertex 4.203391e+01 7.000000e+01 8.810604e+01
      vertex 4.201147e+01 5.363388e+00 8.808318e+01
    endloop
  endfacet
  facet normal 7.274096e-01 -5.988553e-04 -6.862032e-01
    outer loop
      vertex 4.125400e+01 7.000000e+01 8.722382e+01
      vertex 4.201147e+01 5.363388e+00 8.808318e+01
      vertex 4.171788e+01 6.209272e+00 8.777122e+01
    endloop
  endfacet
  facet normal 7.512965e-01 -1.999875e-04 -6.599647e-01
    outer loop
      vertex 4.125400e+01 7.000000e+01 8.722382e+01
      vertex 4.171788e+01 6.209272e+00 8.777122e+01
      vertex 4.149487e+01 7.095073e+00 8.751707e+01
    endloop
  endfacet
  facet normal 7.690296e-01 -3.534552e-05 -6.392132e-01
    outer loop
      vertex 4.125400e+01 7.000000e+01 8.722382e+01
      vertex 4.149487e+01 7.095073e+00 8.751707e+01
      vertex 4.133300e+01 8.045660e+00 8.732229e+01
    endloop
  endfacet
  facet normal 7.807739e-01 2.517462e-06 -6.248137e-01
    outer loop
      vertex 4.125400e+01 7.000000e+01 8.722382e+01
      vertex 4.133300e+01 8.045660e+00 8.732229e+01
      vertex 4.123773e+01 9.017555e+00 8.720324e+01
    endloop
  endfacet
  facet normal 7.228125e-01 -4.316672e-03 -6.910306e-01
    outer loop
      vertex 4.057287e+01 7.000000e+01 8.626327e+01
      vertex 4.120629e+01 3.200000e+01 8.716320e+01
      vertex 4.117475e+01 3.321017e+01 8.712265e+01
    endloop
  endfacet
  facet normal 7.878801e-01 -1.495496e-03 -6.158269e-01
    outer loop
      vertex 4.057287e+01 7.000000e+01 8.626327e+01
      vertex 4.117475e+01 3.321017e+01 8.712265e+01
      vertex 4.108182e+01 3.441166e+01 8.700084e+01
    endloop
  endfacet
  facet normal 8.037630e-01 -8.356675e-04 -5.949492e-01
    outer loop
      vertex 4.057287e+01 7.000000e+01 8.626327e+01
      vertex 4.108182e+01 3.441166e+01 8.700084e+01
      vertex 4.093240e+01 3.559634e+01 8.679731e+01
    endloop
  endfacet
  facet normal 8.218280e-01 -2.554940e-04 -5.697355e-01
    outer loop
      vertex 4.057287e+01 7.000000e+01 8.626327e+01
      vertex 4.093240e+01 3.559634e+01 8.679731e+01
      vertex 4.072636e+01 3.679711e+01 8.649957e+01
    endloop
  endfacet
  facet normal 8.430868e-01 7.022049e-05 -5.377775e-01
    outer loop
      vertex 4.057287e+01 7.000000e+01 8.626327e+01
      vertex 4.072636e+01 3.679711e+01 8.649957e+01
      vertex 4.047900e+01 3.796401e+01 8.611193e+01
    endloop
  endfacet
  facet normal 8.666659e-01 -1.825731e-04 -4.988890e-01
    outer loop
      vertex 4.057287e+01 7.000000e+01 8.626327e+01
      vertex 4.047900e+01 3.796401e+01 8.611193e+01
      vertex 4.020336e+01 3.908976e+01 8.563268e+01
    endloop
  endfacet
  facet normal 8.728836e-01 -4.805068e-04 -4.879283e-01
    outer loop
      vertex 4.057287e+01 7.000000e+01 8.626327e+01
      vertex 4.020336e+01 3.908976e+01 8.563268e+01
      vertex 3.999832e+01 7.000000e+01 8.523542e+01
    endloop
  endfacet
  facet normal 0.000000e+00 -1.000000e+00 0.000000e+00
    outer loop
      vertex 4.338229e+01 0.000000e+00 1.027133e+02
      vertex 5.453751e+01 0.000000e+00 1.031181e+02
      vertex 4.440057e+01 0.000000e+00 1.032898e+02
    endloop
  endfacet
  facet normal 0.000000e+00 -1.000000e+00 0.000000e+00
    outer loop
      vertex 4.440057e+01 0.000000e+00 1.032898e+02
      vertex 5.453751e+01 0.000000e+00 1.031181e+02
      vertex 5.348012e+01 0.000000e+00 1.036193e+02
    endloop
  endfacet
  facet normal 0.000000e+00 -1.000000e+00 0.000000e+00
    outer loop
      vertex 4.440057e+01 0.000000e+00 1.032898e+02
      vertex 5.348012e+01 0.000000e+00 1.036193e+02
      vertex 4.547434e+01 0.000000e+00 1.037550e+02
    endloop
  endfacet
  facet normal 0.000000e+00 -1.000000e+00 0.000000e+00
    outer loop
      vertex 4.547434e+01 0.000000e+00 1.037550e+02
      vertex 5.348012e+01 0.000000e+00 1.036193e+02
      vertex 5.237546e+01 0.000000e+00 1.040054e+02
    endloop
  endfacet
  facet normal 0.000000e+00 -1.000000e+00 0.000000e+00
    outer loop
      vertex 4.547434e+01 0.000000e+00 1.037550e+02
      vertex 5.237546e+01 0.000000e+00 1.040054e+02
      vertex 4.659145e+01 0.000000e+00 1.041034e+02
    endloop
  endfacet
  facet normal 0.000000e+00 -1.000000e+00 0.000000e+00
    outer loop
      vertex 4.659145e+01 0.000000e+00 1.041034e+02
      vertex 5.237546e+01 0.000000e+00 1.040054e+02
      vertex 5.123605e+01 0.000000e+00 1.042719e+02
    endloop
  endfacet
  facet normal 0.000000e+00 -1.000000e+00 0.000000e+00
    outer loop
      vertex 4.659145e+01 0.000000e+00 1.041034e+02
      vertex 5.123605e+01 0.000000e+00 1.042719e+02
      vertex 4.773924e+01 0.000000e+00 1.043312e+02
    endloop
  endfacet
  facet normal 0.000000e+00 -1.000000e+00 0.000000e+00
    outer loop
      vertex 4.773924e+01 0.000000e+00 1.043312e+02
      vertex 5.123605e+01 0.000000e+00 1.042719e+02
      vertex 5.007476e+01 0.000000e+00 1.044160e+02
    endloop
  endfacet
  facet normal 0.000000e+00 -1.000000e+00 0.000000e+00
    outer loop
      vertex 4.773924e+01 0.000000e+00 1.043312e+02
      vertex 5.007476e+01 0.000000e+00 1.044160e+02
      vertex 4.890474e+01 0.000000e+00 1.044358e+02
    endloop
  endfacet
  facet normal 0.000000e+00 -1.000000e+00 -0.000000e+00
    outer loop
      vertex 5.453751e+01 0.000000e+00 1.031181e+02
      vertex 4.338229e+01 0.000000e+00 1.027133e+02
      vertex 5.553567e+01 0.000000e+00 1.025073e+02
    endloop
  endfacet
  facet normal -0.000000e+00 -1.000000e+00 0.000000e+00
    outer loop
      vertex 5.553567e+01 0.000000e+00 1.025073e+02
      vertex 4.338229e+01 0.000000e+00 1.027133e+02
      vertex 4.243102e+01 0.000000e+00 1.020318e+02
    endloop
  endfacet
  facet normal 0.000000e+00 -1.000000e+00 -0.000000e+00
    outer loop
      vertex 5.553567e+01 0.000000e+00 1.025073e+02
      vertex 4.243102e+01 0.000000e+00 1.020318e+02
      vertex 5.646331e+01 0.000000e+00 1.017940e+02
    endloop
  endfacet
  facet normal -0.000000e+00 -1.000000e+00 0.000000e+00
    outer loop
      vertex 5.646331e+01 0.000000e+00 1.017940e+02
      vertex 4.243102e+01 0.000000e+00 1.020318e+02
      vertex 4.155753e+01 0.000000e+00 1.012531e+02
    endloop
  endfacet
  facet normal 0.000000e+00 -1.000000e+00 -0.000000e+00
    outer loop
      vertex 5.646331e+01 0.000000e+00 1.017940e+02
      vertex 4.155753e+01 0.000000e+00 1.012531e+02
      vertex 5.730992e+01 0.000000e+00 1.009862e+02
    endloop
  endfacet
  facet normal -0.000000e+00 -1.000000e+00 0.000000e+00
    outer loop
      vertex 5.730992e+01 0.000000e+00 1.009862e+02
      vertex 4.155753e+01 0.000000e+00 1.012531e+02
      vertex 4.077169e+01 0.000000e+00 1.003861e+02
    endloop
  endfacet
  facet normal 0.000000e+00 -1.000000e+00 -0.000000e+00
    outer loop
      vertex 5.730992e+01 0.000000e+00 1.009862e+02
      vertex 4.077169e+01 0.000000e+00 1.003861e+02
      vertex 5.806592e+01 0.000000e+00 1.000930e+02
    endloop
  endfacet
  facet normal -0.000000e+00 -1.000000e+00 0.000000e+00
    outer loop
      vertex 5.806592e+01 0.000000e+00 1.000930e+02
      vertex 4.077169e+01 0.000000e+00 1.003861e+02
      vertex 4.008241e+01 0.000000e+00 9.944044e+01
    endloop
  endfacet
  facet normal 0.000000e+00 -1.000000e+00 -0.000000e+00
    outer loop
      vertex 5.806592e+01 0.000000e+00 1.000930e+02
      vertex 4.008241e+01 0.000000e+00 9.944044e+01
      vertex 5.872277e+01 0.000000e+00 9.912456e+01
    endloop
  endfacet
  facet normal -0.000000e+00 -1.000000e+00 0.000000e+00
    outer loop
      vertex 5.872277e+01 0.000000e+00 9.912456e+01
      vertex 4.008241e+01 0.000000e+00 9.944044e+01
      vertex 3.949748e+01 0.000000e+00 9.842693e+01
    endloop
  endfacet
  facet normal 0.000000e+00 -1.000000e+00 -0.000000e+00
    outer loop
      vertex 5.872277e+01 0.000000e+00 9.912456e+01
      vertex 3.949748e+01 0.000000e+00 9.842693e+01
      vertex 5.927302e+01 0.000000e+00 9.809181e+01
    endloop
  endfacet
  facet normal -0.000000e+00 -1.000000e+00 0.000000e+00
    outer loop
      vertex 5.927302e+01 0.000000e+00 9.809181e+01
      vertex 3.949748e+01 0.000000e+00 9.842693e+01
      vertex 5.346814e+01 0.000000e+00 9.334203e+01
    endloop
  endfacet
  facet normal 0.000000e+00 -1.000000e+00 -0.000000e+00
    outer loop
      vertex 5.927302e+01 0.000000e+00 9.809181e+01
      vertex 5.346814e+01 0.000000e+00 9.334203e+01
      vertex 6.005550e+01 0.000000e+00 9.641377e+01
    endloop
  endfacet
  facet normal 6.886411e-01 2.200663e-05 7.251024e-01
    outer loop
      vertex 5.729475e+01 7.000000e+01 1.010022e+02
      vertex 5.644092e+01 7.000000e+01 1.018131e+02
      vertex 5.646331e+01 0.000000e+00 1.017940e+02
    endloop
  endfacet
  facet normal 6.095778e-01 -2.176065e-05 7.927263e-01
    outer loop
      vertex 5.553567e+01 0.000000e+00 1.025073e+02
      vertex 5.646331e+01 0.000000e+00 1.017940e+02
      vertex 5.644092e+01 7.000000e+01 1.018131e+02
    endloop
  endfacet
  facet normal 6.071903e-01 2.726579e-05 7.945565e-01
    outer loop
      vertex 5.644092e+01 7.000000e+01 1.018131e+02
      vertex 5.550530e+01 7.000000e+01 1.025281e+02
      vertex 5.553567e+01 0.000000e+00 1.025073e+02
    endloop
  endfacet
  facet normal 5.219138e-01 -2.710030e-05 8.529982e-01
    outer loop
      vertex 5.453751e+01 0.000000e+00 1.031181e+02
      vertex 5.553567e+01 0.000000e+00 1.025073e+02
      vertex 5.550530e+01 7.000000e+01 1.025281e+02
    endloop
  endfacet
  facet normal 5.187718e-01 3.247524e-05 8.549128e-01
    outer loop
      vertex 5.550530e+01 7.000000e+01 1.025281e+02
      vertex 5.449862e+01 7.000000e+01 1.031390e+02
      vertex 5.453751e+01 0.000000e+00 1.031181e+02
    endloop
  endfacet
  facet normal 4.283524e-01 -3.233498e-05 9.036118e-01
    outer loop
      vertex 5.348012e+01 0.000000e+00 1.036193e+02
      vertex 5.453751e+01 0.000000e+00 1.031181e+02
      vertex 5.449862e+01 7.000000e+01 1.031390e+02
    endloop
  endfacet
  facet normal 4.244140e-01 3.770827e-05 9.054683e-01
    outer loop
      vertex 5.449862e+01 7.000000e+01 1.031390e+02
      vertex 5.343239e+01 7.000000e+01 1.036388e+02
      vertex 5.348012e+01 0.000000e+00 1.036193e+02
    endloop
  endfacet
  facet normal 3.299361e-01 -3.741591e-05 9.440033e-01
    outer loop
      vertex 5.237546e+01 0.000000e+00 1.040054e+02
      vertex 5.348012e+01 0.000000e+00 1.036193e+02
      vertex 5.343239e+01 7.000000e+01 1.036388e+02
    endloop
  endfacet
  facet normal 3.251947e-01 4.278476e-05 9.456471e-01
    outer loop
      vertex 5.343239e+01 7.000000e+01 1.036388e+02
      vertex 5.231886e+01 7.000000e+01 1.040217e+02
      vertex 5.237546e+01 0.000000e+00 1.040054e+02
    endloop
  endfacet
  facet normal 2.277905e-01 -4.250491e-05 9.737102e-01
    outer loop
      vertex 5.123605e+01 0.000000e+00 1.042719e+02
      vertex 5.237546e+01 0.000000e+00 1.040054e+02
      vertex 5.231886e+01 7.000000e+01 1.040217e+02
    endloop
  endfacet
  facet normal 2.222467e-01 4.782905e-05 9.749905e-01
    outer loop
      vertex 5.231886e+01 7.000000e+01 1.040217e+02
      vertex 5.117078e+01 7.000000e+01 1.042834e+02
      vertex 5.123605e+01 0.000000e+00 1.042719e+02
    endloop
  endfacet
  facet normal 1.230617e-01 -4.749904e-05 9.923990e-01
    outer loop
      vertex 5.007476e+01 0.000000e+00 1.044160e+02
      vertex 5.123605e+01 0.000000e+00 1.042719e+02
      vertex 5.117078e+01 7.000000e+01 1.042834e+02
    endloop
  endfacet
  facet normal 1.167473e-01 5.281315e-05 9.931617e-01
    outer loop
      vertex 5.117078e+01 7.000000e+01 1.042834e+02
      vertex 5.000129e+01 7.000000e+01 1.044209e+02
      vertex 5.007476e+01 0.000000e+00 1.044160e+02
    endloop
  endfacet
  facet normal 1.693854e-02 -5.240373e-05 9.998565e-01
    outer loop
      vertex 4.890474e+01 0.000000e+00 1.044358e+02
      vertex 5.007476e+01 0.000000e+00 1.044160e+02
      vertex 5.000129e+01 7.000000e+01 1.044209e+02
    endloop
  endfacet
  facet normal 9.913077e-03 5.767029e-05 9.999508e-01
    outer loop
      vertex 5.000129e+01 7.000000e+01 1.044209e+02
      vertex 4.882382e+01 7.000000e+01 1.044325e+02
      vertex 4.890474e+01 0.000000e+00 1.044358e+02
    endloop
  endfacet
  facet normal -8.936086e-02 -5.728004e-05 9.959993e-01
    outer loop
      vertex 4.773924e+01 0.000000e+00 1.043312e+02
      vertex 4.890474e+01 0.000000e+00 1.044358e+02
      vertex 4.882382e+01 7.000000e+01 1.044325e+02
    endloop
  endfacet
  facet normal -9.702498e-02 6.250589e-05 9.952819e-01
    outer loop
      vertex 4.882382e+01 7.000000e+01 1.044325e+02
      vertex 4.765184e+01 7.000000e+01 1.043183e+02
      vertex 4.773924e+01 0.000000e+00 1.043312e+02
    endloop
  endfacet
  facet normal -1.946690e-01 -6.207243e-05 9.808689e-01
    outer loop
      vertex 4.659145e+01 0.000000e+00 1.041034e+02
      vertex 4.773924e+01 0.000000e+00 1.043312e+02
      vertex 4.765184e+01 7.000000e+01 1.043183e+02
    endloop
  endfacet
  facet normal -2.028679e-01 6.723157e-05 9.792062e-01
    outer loop
      vertex 4.765184e+01 7.000000e+01 1.043183e+02
      vertex 4.649879e+01 7.000000e+01 1.040794e+02
      vertex 4.659145e+01 0.000000e+00 1.041034e+02
    endloop
  endfacet
  facet normal -2.977608e-01 -6.679591e-05 9.546405e-01
    outer loop
      vertex 4.547434e+01 0.000000e+00 1.037550e+02
      vertex 4.659145e+01 0.000000e+00 1.041034e+02
      vertex 4.649879e+01 7.000000e+01 1.040794e+02
    endloop
  endfacet
  facet normal -3.063725e-01 7.188372e-05 9.519116e-01
    outer loop
      vertex 4.649879e+01 7.000000e+01 1.040794e+02
      vertex 4.537788e+01 7.000000e+01 1.037186e+02
      vertex 4.547434e+01 0.000000e+00 1.037550e+02
    endloop
  endfacet
  facet normal -3.974880e-01 -7.147582e-05 9.176074e-01
    outer loop
      vertex 4.440057e+01 0.000000e+00 1.032898e+02
      vertex 4.547434e+01 0.000000e+00 1.037550e+02
      vertex 4.537788e+01 7.000000e+01 1.037186e+02
    endloop
  endfacet
  facet normal -4.063771e-01 7.653320e-05 9.137055e-01
    outer loop
      vertex 4.537788e+01 7.000000e+01 1.037186e+02
      vertex 4.430196e+01 7.000000e+01 1.032401e+02
      vertex 4.440057e+01 0.000000e+00 1.032898e+02
    endloop
  endfacet
  facet normal -4.927171e-01 -7.600412e-05 8.701896e-01
    outer loop
      vertex 4.338229e+01 0.000000e+00 1.027133e+02
      vertex 4.440057e+01 0.000000e+00 1.032898e+02
      vertex 4.430196e+01 7.000000e+01 1.032401e+02
    endloop
  endfacet
  facet normal -5.017162e-01 8.104381e-05 8.650322e-01
    outer loop
      vertex 4.430196e+01 7.000000e+01 1.032401e+02
      vertex 4.328336e+01 7.000000e+01 1.026493e+02
      vertex 4.338229e+01 0.000000e+00 1.027133e+02
    endloop
  endfacet
  facet normal -5.823657e-01 -8.054193e-05 8.129270e-01
    outer loop
      vertex 4.243102e+01 0.000000e+00 1.020318e+02
      vertex 4.338229e+01 0.000000e+00 1.027133e+02
      vertex 4.328336e+01 7.000000e+01 1.026493e+02
    endloop
  endfacet
  facet normal -5.913109e-01 8.557073e-05 8.064438e-01
    outer loop
      vertex 4.328336e+01 7.000000e+01 1.026493e+02
      vertex 4.233374e+01 7.000000e+01 1.019530e+02
      vertex 4.243102e+01 0.000000e+00 1.020318e+02
    endloop
  endfacet
  facet normal -6.654274e-01 -8.491868e-05 7.464625e-01
    outer loop
      vertex 4.155753e+01 0.000000e+00 1.012531e+02
      vertex 4.243102e+01 0.000000e+00 1.020318e+02
      vertex 4.233374e+01 7.000000e+01 1.019530e+02
    endloop
  endfacet
  facet normal -6.741243e-01 8.995549e-05 7.386179e-01
    outer loop
      vertex 4.233374e+01 7.000000e+01 1.019530e+02
      vertex 4.146400e+01 7.000000e+01 1.011592e+02
      vertex 4.155753e+01 0.000000e+00 1.012531e+02
    endloop
  endfacet
  facet normal -7.409597e-01 -8.929991e-05 6.715495e-01
    outer loop
      vertex 4.077169e+01 0.000000e+00 1.003861e+02
      vertex 4.155753e+01 0.000000e+00 1.012531e+02
      vertex 4.146400e+01 7.000000e+01 1.011592e+02
    endloop
  endfacet
  facet normal -7.492180e-01 9.427968e-05 6.623235e-01
    outer loop
      vertex 4.146400e+01 7.000000e+01 1.011592e+02
      vertex 4.068409e+01 7.000000e+01 1.002770e+02
      vertex 4.077169e+01 0.000000e+00 1.003861e+02
    endloop
  endfacet
  facet normal -8.081077e-01 -9.360696e-05 5.890347e-01
    outer loop
      vertex 4.008241e+01 0.000000e+00 9.944044e+01
      vertex 4.077169e+01 0.000000e+00 1.003861e+02
      vertex 4.068409e+01 7.000000e+01 1.002770e+02
    endloop
  endfacet
  facet normal -8.157275e-01 9.854986e-05 5.784363e-01
    outer loop
      vertex 4.068409e+01 7.000000e+01 1.002770e+02
      vertex 4.000296e+01 7.000000e+01 9.931646e+01
      vertex 4.008241e+01 0.000000e+00 9.944044e+01
    endloop
  endfacet
  facet normal 8.825468e-01 -0.000000e+00 4.702246e-01
    outer loop
      vertex 5.927302e+01 0.000000e+00 9.809181e+01
      vertex 5.927302e+01 7.000000e+01 9.809181e+01
      vertex 5.872277e+01 0.000000e+00 9.912456e+01
    endloop
  endfacet
  facet normal 8.823884e-01 5.630581e-06 4.705218e-01
    outer loop
      vertex 5.872277e+01 0.000000e+00 9.912456e+01
      vertex 5.927302e+01 7.000000e+01 9.809181e+01
      vertex 5.871896e+01 7.000000e+01 9.913086e+01
    endloop
  endfacet
  facet normal 8.275983e-01 -5.523618e-06 5.613208e-01
    outer loop
      vertex 5.872277e+01 0.000000e+00 9.912456e+01
      vertex 5.871896e+01 7.000000e+01 9.913086e+01
      vertex 5.806592e+01 0.000000e+00 1.000930e+02
    endloop
  endfacet
  facet normal 8.270358e-01 1.111215e-05 5.621493e-01
    outer loop
      vertex 5.806592e+01 0.000000e+00 1.000930e+02
      vertex 5.871896e+01 7.000000e+01 9.913086e+01
      vertex 5.805701e+01 7.000000e+01 1.001047e+02
    endloop
  endfacet
  facet normal 7.632896e-01 -1.105898e-05 6.460565e-01
    outer loop
      vertex 5.806592e+01 0.000000e+00 1.000930e+02
      vertex 5.805701e+01 7.000000e+01 1.001047e+02
      vertex 5.730992e+01 0.000000e+00 1.009862e+02
    endloop
  endfacet
  facet normal 7.622063e-01 1.659351e-05 6.473343e-01
    outer loop
      vertex 5.730992e+01 0.000000e+00 1.009862e+02
      vertex 5.805701e+01 7.000000e+01 1.001047e+02
      vertex 5.729475e+01 7.000000e+01 1.010022e+02
    endloop
  endfacet
  facet normal 6.903391e-01 -1.644558e-05 7.234859e-01
    outer loop
      vertex 5.730992e+01 0.000000e+00 1.009862e+02
      vertex 5.729475e+01 7.000000e+01 1.010022e+02
      vertex 5.646331e+01 0.000000e+00 1.017940e+02
    endloop
  endfacet
  facet normal -9.289292e-01 0.000000e+00 3.702576e-01
    outer loop
      vertex 3.896701e+01 8.876642e-02 9.720524e+01
      vertex 3.921315e+01 2.213480e-02 9.782276e+01
      vertex 3.896701e+01 7.000000e+01 9.720524e+01
    endloop
  endfacet
  facet normal -9.200391e-01 2.216056e-04 3.918265e-01
    outer loop
      vertex 3.896701e+01 7.000000e+01 9.720524e+01
      vertex 3.921315e+01 2.213480e-02 9.782276e+01
      vertex 3.942840e+01 7.000000e+01 9.828861e+01
    endloop
  endfacet
  facet normal -8.661055e-01 -9.779944e-05 4.998613e-01
    outer loop
      vertex 3.949748e+01 0.000000e+00 9.842693e+01
      vertex 4.008241e+01 0.000000e+00 9.944044e+01
      vertex 4.000296e+01 7.000000e+01 9.931646e+01
    endloop
  endfacet
  facet normal -8.728823e-01 1.027433e-04 4.879308e-01
    outer loop
      vertex 3.949748e+01 0.000000e+00 9.842693e+01
      vertex 4.000296e+01 7.000000e+01 9.931646e+01
      vertex 3.942840e+01 7.000000e+01 9.828861e+01
    endloop
  endfacet
  facet normal -9.048101e-01 -5.150621e-05 4.258153e-01
    outer loop
      vertex 3.949748e+01 0.000000e+00 9.842693e+01
      vertex 3.942840e+01 7.000000e+01 9.828861e+01
      vertex 3.921315e+01 2.213480e-02 9.782276e+01
    endloop
  endfacet
  facet normal 3.344934e-01 -1.675045e-01 9.273922e-01
    outer loop
      vertex 1.101254e+01 8.880355e+00 2.040094e+01
      vertex 1.094829e+01 7.774791e+00 2.022443e+01
      vertex 1.567412e+01 8.160102e+00 1.858950e+01
    endloop
  endfacet
  facet normal 3.348767e-01 -2.292470e-01 9.139493e-01
    outer loop
      vertex 1.560160e+01 7.259844e+00 1.839026e+01
      vertex 1.567412e+01 8.160102e+00 1.858950e+01
      vertex 1.094829e+01 7.774791e+00 2.022443e+01
    endloop
  endfacet
  facet normal 3.257031e-01 -2.768340e-01 9.040356e-01
    outer loop
      vertex 1.094829e+01 7.774791e+00 2.022443e+01
      vertex 1.084211e+01 6.697209e+00 1.993270e+01
      vertex 1.560160e+01 7.259844e+00 1.839026e+01
    endloop
  endfacet
  facet normal 3.261004e-01 -3.181958e-01 8.901741e-01
    outer loop
      vertex 1.560160e+01 7.259844e+00 1.839026e+01
      vertex 1.084211e+01 6.697209e+00 1.993270e+01
      vertex 1.550094e+01 6.383025e+00 1.811371e+01
    endloop
  endfacet
  facet normal 3.135080e-01 -3.826827e-01 8.690608e-01
    outer loop
      vertex 1.550094e+01 6.383025e+00 1.811371e+01
      vertex 1.084211e+01 6.697209e+00 1.993270e+01
      vertex 1.069533e+01 5.661162e+00 1.952944e+01
    endloop
  endfacet
  facet normal 2.533993e-01 -6.663448e-01 7.012656e-01
    outer loop
      vertex 1.028786e+01 3.765102e+00 1.840991e+01
      vertex 1.003229e+01 2.928932e+00 1.770773e+01
      vertex 1.490725e+01 3.065275e+00 1.607574e+01
    endloop
  endfacet
  facet normal 2.364656e-01 -7.260605e-01 6.456935e-01
    outer loop
      vertex 1.479873e+01 2.426573e+00 1.539728e+01
      vertex 1.490725e+01 3.065275e+00 1.607574e+01
      vertex 1.003229e+01 2.928932e+00 1.770773e+01
    endloop
  endfacet
  facet normal 2.253781e-01 -7.456399e-01 6.270772e-01
    outer loop
      vertex 1.003229e+01 2.928932e+00 1.770773e+01
      vertex 9.746301e+00 2.181685e+00 1.692199e+01
      vertex 1.479873e+01 2.426573e+00 1.539728e+01
    endloop
  endfacet
  facet normal 2.131200e-01 -7.862976e-01 5.799274e-01
    outer loop
      vertex 1.472906e+01 1.859175e+00 1.465357e+01
      vertex 1.479873e+01 2.426573e+00 1.539728e+01
      vertex 9.746301e+00 2.181685e+00 1.692199e+01
    endloop
  endfacet
  facet normal 1.952138e-01 -8.155574e-01 5.447548e-01
    outer loop
      vertex 9.746301e+00 2.181685e+00 1.692199e+01
      vertex 9.433496e+00 1.532758e+00 1.606257e+01
      vertex 1.472906e+01 1.859175e+00 1.465357e+01
    endloop
  endfacet
  facet normal 1.418490e-01 -9.105853e-01 3.882179e-01
    outer loop
      vertex 1.481114e+01 7.585386e-01 1.250907e+01
      vertex 1.473938e+01 1.038305e+00 1.319150e+01
      vertex 9.097810e+00 9.903113e-01 1.514027e+01
    endloop
  endfacet
  facet normal 1.285272e-01 -9.238766e-01 3.604620e-01
    outer loop
      vertex 9.097810e+00 9.903113e-01 1.514027e+01
      vertex 8.743461e+00 5.611667e-01 1.416671e+01
      vertex 1.481114e+01 7.585386e-01 1.250907e+01
    endloop
  endfacet
  facet normal 9.135370e-03 -9.996431e-01 2.509922e-02
    outer loop
      vertex 1.663804e+01 0.000000e+00 7.778559e+00
      vertex 1.617435e+01 1.426857e-02 8.515613e+00
      vertex 7.613840e+00 0.000000e+00 1.106310e+01
    endloop
  endfacet
  facet normal 3.416542e-01 -4.624442e-02 9.386873e-01
    outer loop
      vertex 1.573250e+01 1.000000e+01 1.874993e+01
      vertex 1.103404e+01 1.000000e+01 2.046003e+01
      vertex 1.571788e+01 9.076099e+00 1.870973e+01
    endloop
  endfacet
  facet normal 3.397712e-01 -5.607054e-02 9.388353e-01
    outer loop
      vertex 1.571788e+01 9.076099e+00 1.870973e+01
      vertex 1.103404e+01 1.000000e+01 2.046003e+01
      vertex 1.101254e+01 8.880355e+00 2.040094e+01
    endloop
  endfacet
  facet normal 3.400778e-01 -1.383381e-01 9.301664e-01
    outer loop
      vertex 1.571788e+01 9.076099e+00 1.870973e+01
      vertex 1.101254e+01 8.880355e+00 2.040094e+01
      vertex 1.567412e+01 8.160102e+00 1.858950e+01
    endloop
  endfacet
  facet normal 2.791300e-01 -5.766729e-01 7.678118e-01
    outer loop
      vertex 1.521340e+01 4.654405e+00 1.729078e+01
      vertex 1.050981e+01 4.679679e+00 1.901970e+01
      vertex 1.505319e+01 3.827147e+00 1.672770e+01
    endloop
  endfacet
  facet normal 2.781715e-01 -5.786713e-01 7.666552e-01
    outer loop
      vertex 1.505319e+01 3.827147e+00 1.672770e+01
      vertex 1.050981e+01 4.679679e+00 1.901970e+01
      vertex 1.028786e+01 3.765102e+00 1.840991e+01
    endloop
  endfacet
  facet normal 2.587773e-01 -6.561675e-01 7.088573e-01
    outer loop
      vertex 1.505319e+01 3.827147e+00 1.672770e+01
      vertex 1.028786e+01 3.765102e+00 1.840991e+01
      vertex 1.490725e+01 3.065275e+00 1.607574e+01
    endloop
  endfacet
  facet normal 1.645698e-01 -8.752232e-01 4.548639e-01
    outer loop
      vertex 9.097810e+00 9.903113e-01 1.514027e+01
      vertex 1.473938e+01 1.038305e+00 1.319150e+01
      vertex 9.433496e+00 1.532758e+00 1.606257e+01
    endloop
  endfacet
  facet normal 1.593375e-01 -8.806689e-01 4.461321e-01
    outer loop
      vertex 9.433496e+00 1.532758e+00 1.606257e+01
      vertex 1.473938e+01 1.038305e+00 1.319150e+01
      vertex 1.471060e+01 1.368792e+00 1.385416e+01
    endloop
  endfacet
  facet normal 1.875462e-01 -8.392006e-01 5.104595e-01
    outer loop
      vertex 9.433496e+00 1.532758e+00 1.606257e+01
      vertex 1.471060e+01 1.368792e+00 1.385416e+01
      vertex 1.472906e+01 1.859175e+00 1.465357e+01
    endloop
  endfacet
  facet normal 9.320384e-02 -9.609162e-01 2.606784e-01
    outer loop
      vertex 8.374906e+00 2.507209e-01 1.315411e+01
      vertex 1.513777e+01 3.117214e-01 1.096096e+01
      vertex 8.743461e+00 5.611667e-01 1.416671e+01
    endloop
  endfacet
  facet normal 9.653787e-02 -9.588033e-01 2.671641e-01
    outer loop
      vertex 8.743461e+00 5.611667e-01 1.416671e+01
      vertex 1.513777e+01 3.117214e-01 1.096096e+01
      vertex 1.492892e+01 5.285316e-01 1.181451e+01
    endloop
  endfacet
  facet normal 1.207266e-01 -9.360681e-01 3.304568e-01
    outer loop
      vertex 8.743461e+00 5.611667e-01 1.416671e+01
      vertex 1.492892e+01 5.285316e-01 1.181451e+01
      vertex 1.481114e+01 7.585386e-01 1.250907e+01
    endloop
  endfacet
  facet normal 1.752283e-02 -9.984252e-01 5.329104e-02
    outer loop
      vertex 7.613840e+00 0.000000e+00 1.106310e+01
      vertex 1.617435e+01 1.426857e-02 8.515613e+00
      vertex 7.996780e+00 6.287790e-02 1.211522e+01
    endloop
  endfacet
  facet normal 2.829622e-02 -9.965720e-01 7.774094e-02
    outer loop
      vertex 7.996780e+00 6.287790e-02 1.211522e+01
      vertex 1.617435e+01 1.426857e-02 8.515613e+00
      vertex 1.577096e+01 6.290270e-02 9.285887e+00
    endloop
  endfacet
  facet normal 5.728909e-02 -9.858710e-01 1.574049e-01
    outer loop
      vertex 7.996780e+00 6.287790e-02 1.211522e+01
      vertex 1.577096e+01 6.290270e-02 9.285887e+00
      vertex 8.374906e+00 2.507209e-01 1.315411e+01
    endloop
  endfacet
  facet normal 4.514925e-02 -9.898996e-01 1.343891e-01
    outer loop
      vertex 8.374906e+00 2.507209e-01 1.315411e+01
      vertex 1.577096e+01 6.290270e-02 9.285887e+00
      vertex 1.541884e+01 1.592911e-01 1.011417e+01
    endloop
  endfacet
  facet normal 7.378480e-02 -9.769416e-01 2.003517e-01
    outer loop
      vertex 8.374906e+00 2.507209e-01 1.315411e+01
      vertex 1.541884e+01 1.592911e-01 1.011417e+01
      vertex 1.513777e+01 3.117214e-01 1.096096e+01
    endloop
  endfacet
  facet normal 3.138228e-01 -4.044238e-01 8.590440e-01
    outer loop
      vertex 1.537301e+01 5.537147e+00 1.776222e+01
      vertex 1.550094e+01 6.383025e+00 1.811371e+01
      vertex 1.069533e+01 5.661162e+00 1.952944e+01
    endloop
  endfacet
  facet normal 2.980672e-01 -4.837186e-01 8.229047e-01
    outer loop
      vertex 1.537301e+01 5.537147e+00 1.776222e+01
      vertex 1.069533e+01 5.661162e+00 1.952944e+01
      vertex 1.050981e+01 4.679679e+00 1.901970e+01
    endloop
  endfacet
  facet normal 2.982198e-01 -4.910516e-01 8.184945e-01
    outer loop
      vertex 1.537301e+01 5.537147e+00 1.776222e+01
      vertex 1.050981e+01 4.679679e+00 1.901970e+01
      vertex 1.521340e+01 4.654405e+00 1.729078e+01
    endloop
  endfacet
  facet normal 3.420201e-01 -0.000000e+00 9.396926e-01
    outer loop
      vertex 1.103404e+01 1.000000e+01 2.046003e+01
      vertex 1.573250e+01 1.000000e+01 1.874993e+01
      vertex 1.103404e+01 3.200000e+01 2.046003e+01
    endloop
  endfacet
  facet normal 3.420201e-01 0.000000e+00 9.396926e-01
    outer loop
      vertex 1.103404e+01 3.200000e+01 2.046003e+01
      vertex 1.573250e+01 1.000000e+01 1.874993e+01
      vertex 1.573250e+01 3.200000e+01 1.874993e+01
    endloop
  endfacet
  facet normal 9.945183e-01 1.864159e-05 1.045625e-01
    outer loop
      vertex 1.474271e+01 7.000000e+01 1.314758e+01
      vertex 1.473938e+01 1.038305e+00 1.319150e+01
      vertex 1.481114e+01 7.585386e-01 1.250907e+01
    endloop
  endfacet
  facet normal 9.914447e-01 -2.238229e-04 1.305265e-01
    outer loop
      vertex 1.481114e+01 7.585386e-01 1.250907e+01
      vertex 1.489577e+01 7.000000e+01 1.198492e+01
      vertex 1.474271e+01 7.000000e+01 1.314758e+01
    endloop
  endfacet
  facet normal 9.490865e-01 6.072011e-05 3.150155e-01
    outer loop
      vertex 1.517174e+01 7.000000e+01 1.084516e+01
      vertex 1.513777e+01 3.117214e-01 1.096096e+01
      vertex 1.541884e+01 1.592911e-01 1.011417e+01
    endloop
  endfacet
  facet normal 9.413397e-01 -2.016088e-04 3.374605e-01
    outer loop
      vertex 1.541884e+01 1.592911e-01 1.011417e+01
      vertex 1.556748e+01 7.000000e+01 9.741261e+00
      vertex 1.517174e+01 7.000000e+01 1.084516e+01
    endloop
  endfacet
  facet normal 9.202964e-01 1.302358e-04 3.912218e-01
    outer loop
      vertex 1.556748e+01 7.000000e+01 9.741261e+00
      vertex 1.541884e+01 1.592911e-01 1.011417e+01
      vertex 1.577096e+01 6.290270e-02 9.285887e+00
    endloop
  endfacet
  facet normal 9.000654e-01 -2.185885e-04 4.357548e-01
    outer loop
      vertex 1.577096e+01 6.290270e-02 9.285887e+00
      vertex 1.607849e+01 7.000000e+01 8.685761e+00
      vertex 1.556748e+01 7.000000e+01 9.741261e+00
    endloop
  endfacet
  facet normal 7.930406e-01 7.484594e-05 6.091688e-01
    outer loop
      vertex 1.735964e+01 0.000000e+00 6.839156e+00
      vertex 1.669896e+01 7.000000e+01 7.690659e+00
      vertex 1.663804e+01 0.000000e+00 7.778559e+00
    endloop
  endfacet
  facet normal 7.874135e-01 -6.653465e-05 6.164252e-01
    outer loop
      vertex 1.735964e+01 0.000000e+00 6.839156e+00
      vertex 1.742183e+01 7.000000e+01 6.767265e+00
      vertex 1.669896e+01 7.000000e+01 7.690659e+00
    endloop
  endfacet
  facet normal 7.229371e-01 6.725371e-05 6.909139e-01
    outer loop
      vertex 1.742183e+01 7.000000e+01 6.767265e+00
      vertex 1.735964e+01 0.000000e+00 6.839156e+00
      vertex 1.817807e+01 0.000000e+00 5.982795e+00
    endloop
  endfacet
  facet normal 7.173158e-01 -5.885933e-05 6.967483e-01
    outer loop
      vertex 1.817807e+01 0.000000e+00 5.982795e+00
      vertex 1.823890e+01 7.000000e+01 5.926074e+00
      vertex 1.742183e+01 7.000000e+01 6.767265e+00
    endloop
  endfacet
  facet normal 6.444511e-01 5.948646e-05 7.646456e-01
    outer loop
      vertex 1.823890e+01 7.000000e+01 5.926074e+00
      vertex 1.817807e+01 0.000000e+00 5.982795e+00
      vertex 1.908383e+01 0.000000e+00 5.219405e+00
    endloop
  endfacet
  facet normal 6.390661e-01 -5.100456e-05 7.691518e-01
    outer loop
      vertex 1.908383e+01 0.000000e+00 5.219405e+00
      vertex 1.914088e+01 7.000000e+01 5.176645e+00
      vertex 1.823890e+01 7.000000e+01 5.926074e+00
    endloop
  endfacet
  facet normal 5.584909e-01 5.153562e-05 8.295106e-01
    outer loop
      vertex 1.914088e+01 7.000000e+01 5.176645e+00
      vertex 1.908383e+01 0.000000e+00 5.219405e+00
      vertex 2.006644e+01 0.000000e+00 4.557839e+00
    endloop
  endfacet
  facet normal 5.535532e-01 -4.295091e-05 8.328138e-01
    outer loop
      vertex 2.006644e+01 0.000000e+00 4.557839e+00
      vertex 2.011752e+01 7.000000e+01 4.527497e+00
      vertex 1.914088e+01 7.000000e+01 5.176645e+00
    endloop
  endfacet
  facet normal 4.660551e-01 4.341321e-05 8.847557e-01
    outer loop
      vertex 2.011752e+01 7.000000e+01 4.527497e+00
      vertex 2.006644e+01 0.000000e+00 4.557839e+00
      vertex 2.111448e+01 0.000000e+00 4.005770e+00
    endloop
  endfacet
  facet normal 4.617484e-01 -3.473402e-05 8.870110e-01
    outer loop
      vertex 2.111448e+01 0.000000e+00 4.005770e+00
      vertex 2.115771e+01 7.000000e+01 3.986008e+00
      vertex 2.011752e+01 7.000000e+01 4.527497e+00
    endloop
  endfacet
  facet normal 3.682137e-01 3.509118e-05 9.297411e-01
    outer loop
      vertex 2.115771e+01 7.000000e+01 3.986008e+00
      vertex 2.111448e+01 0.000000e+00 4.005770e+00
      vertex 2.221582e+01 0.000000e+00 3.569599e+00
    endloop
  endfacet
  facet normal 3.646965e-01 -2.631606e-05 9.311264e-01
    outer loop
      vertex 2.221582e+01 0.000000e+00 3.569599e+00
      vertex 2.224964e+01 7.000000e+01 3.558331e+00
      vertex 2.115771e+01 7.000000e+01 3.986008e+00
    endloop
  endfacet
  facet normal 2.661034e-01 2.659990e-05 9.639444e-01
    outer loop
      vertex 2.224964e+01 7.000000e+01 3.558331e+00
      vertex 2.221582e+01 0.000000e+00 3.569599e+00
      vertex 2.335766e+01 0.000000e+00 3.254384e+00
    endloop
  endfacet
  facet normal 2.634988e-01 -1.773576e-05 9.646598e-01
    outer loop
      vertex 2.335766e+01 0.000000e+00 3.254384e+00
      vertex 2.338089e+01 7.000000e+01 3.249328e+00
      vertex 2.224964e+01 7.000000e+01 3.558331e+00
    endloop
  endfacet
  facet normal 1.609062e-01 1.791001e-05 9.869697e-01
    outer loop
      vertex 2.338089e+01 7.000000e+01 3.249328e+00
      vertex 2.335766e+01 0.000000e+00 3.254384e+00
      vertex 2.452679e+01 0.000000e+00 3.063781e+00
    endloop
  endfacet
  facet normal 9.874431e-01 3.692995e-05 -1.579753e-01
    outer loop
      vertex 1.490725e+01 3.065275e+00 1.607574e+01
      vertex 1.479873e+01 2.426573e+00 1.539728e+01
      vertex 1.481082e+01 7.000000e+01 1.548864e+01
    endloop
  endfacet
  facet normal 9.956441e-01 -5.207146e-05 -9.323520e-02
    outer loop
      vertex 1.481082e+01 7.000000e+01 1.548864e+01
      vertex 1.479873e+01 2.426573e+00 1.539728e+01
      vertex 1.472906e+01 1.859175e+00 1.465357e+01
    endloop
  endfacet
  facet normal 9.966056e-01 -1.869363e-04 -8.232452e-02
    outer loop
      vertex 1.481082e+01 7.000000e+01 1.548864e+01
      vertex 1.472906e+01 1.859175e+00 1.465357e+01
      vertex 1.471428e+01 7.000000e+01 1.431993e+01
    endloop
  endfacet
  facet normal 9.997318e-01 1.034482e-04 -2.315680e-02
    outer loop
      vertex 1.472906e+01 1.859175e+00 1.465357e+01
      vertex 1.471060e+01 1.368792e+00 1.385416e+01
      vertex 1.471428e+01 7.000000e+01 1.431993e+01
    endloop
  endfacet
  facet normal 9.990502e-01 -3.493736e-04 4.357220e-02
    outer loop
      vertex 1.471428e+01 7.000000e+01 1.431993e+01
      vertex 1.471060e+01 1.368792e+00 1.385416e+01
      vertex 1.473938e+01 1.038305e+00 1.319150e+01
    endloop
  endfacet
  facet normal 9.997062e-01 -3.275936e-05 2.423763e-02
    outer loop
      vertex 1.471428e+01 7.000000e+01 1.431993e+01
      vertex 1.473938e+01 1.038305e+00 1.319150e+01
      vertex 1.474271e+01 7.000000e+01 1.314758e+01
    endloop
  endfacet
  facet normal 9.859270e-01 6.035719e-05 1.671763e-01
    outer loop
      vertex 1.481114e+01 7.585386e-01 1.250907e+01
      vertex 1.492892e+01 5.285316e-01 1.181451e+01
      vertex 1.489577e+01 7.000000e+01 1.198492e+01
    endloop
  endfacet
  facet normal 9.713393e-01 -1.195855e-04 2.376972e-01
    outer loop
      vertex 1.489577e+01 7.000000e+01 1.198492e+01
      vertex 1.492892e+01 5.285316e-01 1.181451e+01
      vertex 1.513777e+01 3.117214e-01 1.096096e+01
    endloop
  endfacet
  facet normal 9.719154e-01 -8.281189e-05 2.353306e-01
    outer loop
      vertex 1.489577e+01 7.000000e+01 1.198492e+01
      vertex 1.513777e+01 3.117214e-01 1.096096e+01
      vertex 1.517174e+01 7.000000e+01 1.084516e+01
    endloop
  endfacet
  facet normal 8.858745e-01 8.553973e-05 4.639251e-01
    outer loop
      vertex 1.577096e+01 6.290270e-02 9.285887e+00
      vertex 1.617435e+01 1.426857e-02 8.515613e+00
      vertex 1.607849e+01 7.000000e+01 8.685761e+00
    endloop
  endfacet
  facet normal 8.464280e-01 -1.352189e-04 5.325032e-01
    outer loop
      vertex 1.607849e+01 7.000000e+01 8.685761e+00
      vertex 1.617435e+01 1.426857e-02 8.515613e+00
      vertex 1.663804e+01 0.000000e+00 7.778559e+00
    endloop
  endfacet
  facet normal 8.485616e-01 -7.401594e-05 5.290967e-01
    outer loop
      vertex 1.607849e+01 7.000000e+01 8.685761e+00
      vertex 1.663804e+01 0.000000e+00 7.778559e+00
      vertex 1.669896e+01 7.000000e+01 7.690659e+00
    endloop
  endfacet
  facet normal 1.593069e-01 -8.958103e-06 9.872290e-01
    outer loop
      vertex 2.338089e+01 7.000000e+01 3.249328e+00
      vertex 2.452679e+01 0.000000e+00 3.063781e+00
      vertex 2.453860e+01 7.000000e+01 3.062510e+00
    endloop
  endfacet
  facet normal 5.384358e-02 9.046990e-06 9.985493e-01
    outer loop
      vertex 2.453860e+01 7.000000e+01 3.062510e+00
      vertex 2.452679e+01 0.000000e+00 3.063781e+00
      vertex 2.570963e+01 0.000000e+00 3.000000e+00
    endloop
  endfacet
  facet normal 5.330433e-02 0.000000e+00 9.985783e-01
    outer loop
      vertex 2.453860e+01 7.000000e+01 3.062510e+00
      vertex 2.570963e+01 0.000000e+00 3.000000e+00
      vertex 2.570963e+01 7.000000e+01 3.000000e+00
    endloop
  endfacet
  facet normal 9.565878e-01 0.000000e+00 -2.914444e-01
    outer loop
      vertex 1.503123e+01 7.000000e+01 1.664044e+01
      vertex 1.537301e+01 7.000000e+01 1.776222e+01
      vertex 1.537301e+01 5.537147e+00 1.776222e+01
    endloop
  endfacet
  facet normal 9.474972e-01 -5.410116e-04 -3.197637e-01
    outer loop
      vertex 1.503123e+01 7.000000e+01 1.664044e+01
      vertex 1.537301e+01 5.537147e+00 1.776222e+01
      vertex 1.521340e+01 4.654405e+00 1.729078e+01
    endloop
  endfacet
  facet normal 9.618413e-01 -4.166790e-05 -2.736081e-01
    outer loop
      vertex 1.503123e+01 7.000000e+01 1.664044e+01
      vertex 1.521340e+01 4.654405e+00 1.729078e+01
      vertex 1.505319e+01 3.827147e+00 1.672770e+01
    endloop
  endfacet
  facet normal 9.758417e-01 3.567725e-05 -2.184789e-01
    outer loop
      vertex 1.503123e+01 7.000000e+01 1.664044e+01
      vertex 1.505319e+01 3.827147e+00 1.672770e+01
      vertex 1.490725e+01 3.065275e+00 1.607574e+01
    endloop
  endfacet
  facet normal 9.821780e-01 -2.335933e-04 -1.879531e-01
    outer loop
      vertex 1.503123e+01 7.000000e+01 1.664044e+01
      vertex 1.490725e+01 3.065275e+00 1.607574e+01
      vertex 1.481082e+01 7.000000e+01 1.548864e+01
    endloop
  endfacet
  facet normal 0.000000e+00 -1.000000e+00 -0.000000e+00
    outer loop
      vertex 5.052567e+00 0.000000e+00 4.026061e+00
      vertex 4.908579e+00 0.000000e+00 3.469303e+00
      vertex 2.221582e+01 0.000000e+00 3.569599e+00
    endloop
  endfacet
  facet normal 0.000000e+00 -1.000000e+00 0.000000e+00
    outer loop
      vertex 5.052567e+00 0.000000e+00 4.026061e+00
      vertex 2.221582e+01 0.000000e+00 3.569599e+00
      vertex 2.111448e+01 0.000000e+00 4.005770e+00
    endloop
  endfacet
  facet normal 0.000000e+00 -1.000000e+00 0.000000e+00
    outer loop
      vertex 5.052567e+00 0.000000e+00 4.026061e+00
      vertex 2.111448e+01 0.000000e+00 4.005770e+00
      vertex 2.006644e+01 0.000000e+00 4.557839e+00
    endloop
  endfacet
  facet normal 0.000000e+00 -1.000000e+00 0.000000e+00
    outer loop
      vertex 5.052567e+00 0.000000e+00 4.026061e+00
      vertex 2.006644e+01 0.000000e+00 4.557839e+00
      vertex 1.908383e+01 0.000000e+00 5.219405e+00
    endloop
  endfacet
  facet normal 0.000000e+00 -1.000000e+00 0.000000e+00
    outer loop
      vertex 5.052567e+00 0.000000e+00 4.026061e+00
      vertex 1.908383e+01 0.000000e+00 5.219405e+00
      vertex 1.817807e+01 0.000000e+00 5.982795e+00
    endloop
  endfacet
  facet normal 0.000000e+00 -1.000000e+00 0.000000e+00
    outer loop
      vertex 5.052567e+00 0.000000e+00 4.026061e+00
      vertex 1.817807e+01 0.000000e+00 5.982795e+00
      vertex 1.735964e+01 0.000000e+00 6.839156e+00
    endloop
  endfacet
  facet normal 0.000000e+00 -1.000000e+00 0.000000e+00
    outer loop
      vertex 5.052567e+00 0.000000e+00 4.026061e+00
      vertex 1.735964e+01 0.000000e+00 6.839156e+00
      vertex 1.663804e+01 0.000000e+00 7.778559e+00
    endloop
  endfacet
  facet normal 0.000000e+00 -1.000000e+00 0.000000e+00
    outer loop
      vertex 5.052567e+00 0.000000e+00 4.026061e+00
      vertex 1.663804e+01 0.000000e+00 7.778559e+00
      vertex 7.613840e+00 0.000000e+00 1.106310e+01
    endloop
  endfacet
  facet normal 0.000000e+00 -1.000000e+00 0.000000e+00
    outer loop
      vertex 4.873472e+00 0.000000e+00 2.895302e+00
      vertex 9.400000e+01 0.000000e+00 3.000000e+00
      vertex 2.570963e+01 0.000000e+00 3.000000e+00
    endloop
  endfacet
  facet normal 0.000000e+00 -1.000000e+00 0.000000e+00
    outer loop
      vertex 4.873472e+00 0.000000e+00 2.895302e+00
      vertex 2.570963e+01 0.000000e+00 3.000000e+00
      vertex 2.452679e+01 0.000000e+00 3.063781e+00
    endloop
  endfacet
  facet normal 0.000000e+00 -1.000000e+00 0.000000e+00
    outer loop
      vertex 4.873472e+00 0.000000e+00 2.895302e+00
      vertex 2.452679e+01 0.000000e+00 3.063781e+00
      vertex 2.335766e+01 0.000000e+00 3.254384e+00
    endloop
  endfacet
  facet normal 0.000000e+00 -1.000000e+00 0.000000e+00
    outer loop
      vertex 4.873472e+00 0.000000e+00 2.895302e+00
      vertex 2.335766e+01 0.000000e+00 3.254384e+00
      vertex 2.221582e+01 0.000000e+00 3.569599e+00
    endloop
  endfacet
  facet normal 0.000000e+00 -1.000000e+00 0.000000e+00
    outer loop
      vertex 4.873472e+00 0.000000e+00 2.895302e+00
      vertex 2.221582e+01 0.000000e+00 3.569599e+00
      vertex 4.908579e+00 0.000000e+00 3.469303e+00
    endloop
  endfacet
  facet normal 0.000000e+00 -1.000000e+00 0.000000e+00
    outer loop
      vertex 9.400000e+01 0.000000e+00 0.000000e+00
      vertex 9.400000e+01 0.000000e+00 3.000000e+00
      vertex 4.873472e+00 0.000000e+00 2.895302e+00
    endloop
  endfacet
  facet normal 0.000000e+00 -1.000000e+00 0.000000e+00
    outer loop
      vertex 9.400000e+01 0.000000e+00 0.000000e+00
      vertex 4.873472e+00 0.000000e+00 2.895302e+00
      vertex 4.948534e+00 0.000000e+00 2.325147e+00
    endloop
  endfacet
  facet normal 0.000000e+00 -1.000000e+00 0.000000e+00
    outer loop
      vertex 9.400000e+01 0.000000e+00 0.000000e+00
      vertex 4.948534e+00 0.000000e+00 2.325147e+00
      vertex 5.131008e+00 0.000000e+00 1.779790e+00
    endloop
  endfacet
  facet normal 0.000000e+00 -1.000000e+00 0.000000e+00
    outer loop
      vertex 9.400000e+01 0.000000e+00 0.000000e+00
      vertex 5.131008e+00 0.000000e+00 1.779790e+00
      vertex 5.414188e+00 0.000000e+00 1.279271e+00
    endloop
  endfacet
  facet normal 0.000000e+00 -1.000000e+00 0.000000e+00
    outer loop
      vertex 9.400000e+01 0.000000e+00 0.000000e+00
      vertex 5.414188e+00 0.000000e+00 1.279271e+00
      vertex 5.787669e+00 0.000000e+00 8.419806e-01
    endloop
  endfacet
  facet normal 0.000000e+00 -1.000000e+00 0.000000e+00
    outer loop
      vertex 9.400000e+01 0.000000e+00 0.000000e+00
      vertex 5.787669e+00 0.000000e+00 8.419806e-01
      vertex 6.237727e+00 0.000000e+00 4.839883e-01
    endloop
  endfacet
  facet normal 0.000000e+00 -1.000000e+00 0.000000e+00
    outer loop
      vertex 9.400000e+01 0.000000e+00 0.000000e+00
      vertex 6.237727e+00 0.000000e+00 4.839883e-01
      vertex 6.747825e+00 0.000000e+00 2.184484e-01
    endloop
  endfacet
  facet normal 0.000000e+00 -1.000000e+00 0.000000e+00
    outer loop
      vertex 9.400000e+01 0.000000e+00 0.000000e+00
      vertex 6.747825e+00 0.000000e+00 2.184484e-01
      vertex 7.299218e+00 0.000000e+00 5.511845e-02
    endloop
  endfacet
  facet normal 0.000000e+00 -1.000000e+00 0.000000e+00
    outer loop
      vertex 9.400000e+01 0.000000e+00 0.000000e+00
      vertex 7.299218e+00 0.000000e+00 5.511845e-02
      vertex 7.871644e+00 0.000000e+00 0.000000e+00
    endloop
  endfacet
  facet normal 8.758562e-01 2.482344e-01 -4.138306e-01
    outer loop
      vertex 1.019090e+02 4.879005e+01 3.036880e+01
      vertex 1.018015e+02 4.742769e+01 2.932409e+01
      vertex 1.015609e+02 4.896709e+01 2.973836e+01
    endloop
  endfacet
  facet normal 8.079030e-01 2.675542e-01 -5.250787e-01
    outer loop
      vertex 1.015609e+02 4.896709e+01 2.973836e+01
      vertex 1.018015e+02 4.742769e+01 2.932409e+01
      vertex 1.013615e+02 4.755627e+01 2.871261e+01
    endloop
  endfacet
  facet normal 7.972381e-01 2.771921e-01 -5.362611e-01
    outer loop
      vertex 1.015609e+02 4.896709e+01 2.973836e+01
      vertex 1.013615e+02 4.755627e+01 2.871261e+01
      vertex 1.011207e+02 4.911431e+01 2.916003e+01
    endloop
  endfacet
  facet normal 7.102742e-01 2.934932e-01 -6.398221e-01
    outer loop
      vertex 1.011207e+02 4.911431e+01 2.916003e+01
      vertex 1.013615e+02 4.755627e+01 2.871261e+01
      vertex 1.008324e+02 4.765319e+01 2.816974e+01
    endloop
  endfacet
  facet normal 7.010776e-01 3.000841e-01 -6.468692e-01
    outer loop
      vertex 1.011207e+02 4.911431e+01 2.916003e+01
      vertex 1.008324e+02 4.765319e+01 2.816974e+01
      vertex 1.005981e+02 4.922848e+01 2.864652e+01
    endloop
  endfacet
  facet normal 5.960636e-01 3.125319e-01 -7.396161e-01
    outer loop
      vertex 1.005981e+02 4.922848e+01 2.864652e+01
      vertex 1.008324e+02 4.765319e+01 2.816974e+01
      vertex 1.002266e+02 4.771621e+01 2.770815e+01
    endloop
  endfacet
  facet normal 5.894965e-01 3.163880e-01 -7.432311e-01
    outer loop
      vertex 1.005981e+02 4.922848e+01 2.864652e+01
      vertex 1.002266e+02 4.771621e+01 2.770815e+01
      vertex 1.000044e+02 4.930709e+01 2.820913e+01
    endloop
  endfacet
  facet normal 4.679418e-01 3.242536e-01 -8.221253e-01
    outer loop
      vertex 1.000044e+02 4.930709e+01 2.820913e+01
      vertex 1.002266e+02 4.771621e+01 2.770815e+01
      vertex 9.955822e+01 4.774405e+01 2.733869e+01
    endloop
  endfacet
  facet normal 4.649548e-01 3.257255e-01 -8.232375e-01
    outer loop
      vertex 1.000044e+02 4.930709e+01 2.820913e+01
      vertex 9.955822e+01 4.774405e+01 2.733869e+01
      vertex 9.935283e+01 4.934842e+01 2.785748e+01
    endloop
  endfacet
  facet normal 8.866661e-01 2.352953e-01 -3.980695e-01
    outer loop
      vertex 1.018015e+02 4.742769e+01 2.932409e+01
      vertex 1.019090e+02 4.879005e+01 3.036880e+01
      vertex 1.021421e+02 4.727047e+01 2.998988e+01
    endloop
  endfacet
  facet normal 9.351947e-01 2.138641e-01 -2.822644e-01
    outer loop
      vertex 1.021421e+02 4.727047e+01 2.998988e+01
      vertex 1.019090e+02 4.879005e+01 3.036880e+01
      vertex 1.021572e+02 4.858710e+01 3.103746e+01
    endloop
  endfacet
  facet normal 9.447122e-01 1.974575e-01 -2.617811e-01
    outer loop
      vertex 1.021421e+02 4.727047e+01 2.998988e+01
      vertex 1.021572e+02 4.858710e+01 3.103746e+01
      vertex 1.023754e+02 4.708827e+01 3.069443e+01
    endloop
  endfacet
  facet normal 9.739391e-01 1.748605e-01 -1.444515e-01
    outer loop
      vertex 1.023754e+02 4.708827e+01 3.069443e+01
      vertex 1.021572e+02 4.858710e+01 3.103746e+01
      vertex 1.023002e+02 4.836271e+01 3.172965e+01
    endloop
  endfacet
  facet normal 9.806876e-01 1.549070e-01 -1.193964e-01
    outer loop
      vertex 1.023754e+02 4.708827e+01 3.069443e+01
      vertex 1.023002e+02 4.836271e+01 3.172965e+01
      vertex 1.024960e+02 4.688536e+01 3.142129e+01
    endloop
  endfacet
  facet normal 9.912302e-01 1.321012e-01 -3.439637e-03
    outer loop
      vertex 1.024960e+02 4.688536e+01 3.142129e+01
      vertex 1.023002e+02 4.836271e+01 3.172965e+01
      vertex 1.023347e+02 4.812178e+01 3.243014e+01
    endloop
  endfacet
  facet normal 9.937500e-01 1.086195e-01 2.574188e-02
    outer loop
      vertex 1.024960e+02 4.688536e+01 3.142129e+01
      vertex 1.023347e+02 4.812178e+01 3.243014e+01
      vertex 1.025009e+02 4.666647e+01 3.215347e+01
    endloop
  endfacet
  facet normal 9.866886e-01 8.653089e-02 1.376883e-01
    outer loop
      vertex 1.025009e+02 4.666647e+01 3.215347e+01
      vertex 1.023347e+02 4.812178e+01 3.243014e+01
      vertex 1.022600e+02 4.786965e+01 3.312351e+01
    endloop
  endfacet
  facet normal 9.835956e-01 5.967508e-02 1.702307e-01
    outer loop
      vertex 1.025009e+02 4.666647e+01 3.215347e+01
      vertex 1.022600e+02 4.786965e+01 3.312351e+01
      vertex 1.023902e+02 4.643671e+01 3.287387e+01
    endloop
  endfacet
  facet normal 9.604176e-01 3.917892e-02 2.757953e-01
    outer loop
      vertex 1.023902e+02 4.643671e+01 3.287387e+01
      vertex 1.022600e+02 4.786965e+01 3.312351e+01
      vertex 1.020779e+02 4.761185e+01 3.379453e+01
    endloop
  endfacet
  facet normal 9.504661e-01 9.194002e-03 3.106922e-01
    outer loop
      vertex 1.023902e+02 4.643671e+01 3.287387e+01
      vertex 1.020779e+02 4.761185e+01 3.379453e+01
      vertex 1.021663e+02 4.620166e+01 3.356569e+01
    endloop
  endfacet
  facet normal 8.882147e-01 2.227273e-01 -4.018297e-01
    outer loop
      vertex 1.021421e+02 4.727047e+01 2.998988e+01
      vertex 1.020313e+02 4.586742e+01 2.896733e+01
      vertex 1.018015e+02 4.742769e+01 2.932409e+01
    endloop
  endfacet
  facet normal 8.193244e-01 2.397777e-01 -5.207822e-01
    outer loop
      vertex 1.018015e+02 4.742769e+01 2.932409e+01
      vertex 1.020313e+02 4.586742e+01 2.896733e+01
      vertex 1.015919e+02 4.597781e+01 2.832679e+01
    endloop
  endfacet
  facet normal 8.103107e-01 2.480490e-01 -5.309126e-01
    outer loop
      vertex 1.018015e+02 4.742769e+01 2.932409e+01
      vertex 1.015919e+02 4.597781e+01 2.832679e+01
      vertex 1.013615e+02 4.755627e+01 2.871261e+01
    endloop
  endfacet
  facet normal 7.212232e-01 2.620123e-01 -6.412383e-01
    outer loop
      vertex 1.013615e+02 4.755627e+01 2.871261e+01
      vertex 1.015919e+02 4.597781e+01 2.832679e+01
      vertex 1.010571e+02 4.605866e+01 2.775838e+01
    endloop
  endfacet
  facet normal 7.134746e-01 2.676159e-01 -6.475614e-01
    outer loop
      vertex 1.013615e+02 4.755627e+01 2.871261e+01
      vertex 1.010571e+02 4.605866e+01 2.775838e+01
      vertex 1.008324e+02 4.765319e+01 2.816974e+01
    endloop
  endfacet
  facet normal 6.053656e-01 2.777522e-01 -7.459130e-01
    outer loop
      vertex 1.008324e+02 4.765319e+01 2.816974e+01
      vertex 1.010571e+02 4.605866e+01 2.775838e+01
      vertex 1.004403e+02 4.610798e+01 2.727609e+01
    endloop
  endfacet
  facet normal 5.999774e-01 2.809426e-01 -7.490650e-01
    outer loop
      vertex 1.008324e+02 4.765319e+01 2.816974e+01
      vertex 1.004403e+02 4.610798e+01 2.727609e+01
      vertex 1.002266e+02 4.771621e+01 2.770815e+01
    endloop
  endfacet
  facet normal 4.746239e-01 2.866284e-01 -8.322118e-01
    outer loop
      vertex 1.002266e+02 4.771621e+01 2.770815e+01
      vertex 1.004403e+02 4.610798e+01 2.727609e+01
      vertex 9.975642e+01 4.612457e+01 2.689181e+01
    endloop
  endfacet
  facet normal 4.724675e-01 2.877041e-01 -8.330671e-01
    outer loop
      vertex 1.002266e+02 4.771621e+01 2.770815e+01
      vertex 9.975642e+01 4.612457e+01 2.689181e+01
      vertex 9.955822e+01 4.774405e+01 2.733869e+01
    endloop
  endfacet
  facet normal 8.972625e-01 2.115708e-01 -3.875021e-01
    outer loop
      vertex 1.020313e+02 4.586742e+01 2.896733e+01
      vertex 1.021421e+02 4.727047e+01 2.998988e+01
      vertex 1.023647e+02 4.573021e+01 2.966422e+01
    endloop
  endfacet
  facet normal 9.453510e-01 1.922657e-01 -2.633352e-01
    outer loop
      vertex 1.023647e+02 4.573021e+01 2.966422e+01
      vertex 1.021421e+02 4.727047e+01 2.998988e+01
      vertex 1.023754e+02 4.708827e+01 3.069443e+01
    endloop
  endfacet
  facet normal 9.531113e-01 1.780604e-01 -2.446905e-01
    outer loop
      vertex 1.023647e+02 4.573021e+01 2.966422e+01
      vertex 1.023754e+02 4.708827e+01 3.069443e+01
      vertex 1.025836e+02 4.556956e+01 3.040030e+01
    endloop
  endfacet
  facet normal 9.803826e-01 1.573893e-01 -1.186529e-01
    outer loop
      vertex 1.025836e+02 4.556956e+01 3.040030e+01
      vertex 1.023754e+02 4.708827e+01 3.069443e+01
      vertex 1.024960e+02 4.688536e+01 3.142129e+01
    endloop
  endfacet
  facet normal 9.854918e-01 1.400525e-01 -9.587141e-02
    outer loop
      vertex 1.025836e+02 4.556956e+01 3.040030e+01
      vertex 1.024960e+02 4.688536e+01 3.142129e+01
      vertex 1.026829e+02 4.538942e+01 3.115745e+01
    endloop
  endfacet
  facet normal 9.924836e-01 1.189321e-01 2.883348e-02
    outer loop
      vertex 1.026829e+02 4.538942e+01 3.115745e+01
      vertex 1.024960e+02 4.688536e+01 3.142129e+01
      vertex 1.025009e+02 4.666647e+01 3.215347e+01
    endloop
  endfacet
  facet normal 9.936036e-01 9.847628e-02 5.526560e-02
    outer loop
      vertex 1.026829e+02 4.538942e+01 3.115745e+01
      vertex 1.025009e+02 4.666647e+01 3.215347e+01
      vertex 1.026600e+02 4.519423e+01 3.191703e+01
    endloop
  endfacet
  facet normal 9.813679e-01 7.781681e-02 1.756740e-01
    outer loop
      vertex 1.026600e+02 4.519423e+01 3.191703e+01
      vertex 1.025009e+02 4.666647e+01 3.215347e+01
      vertex 1.023902e+02 4.643671e+01 3.287387e+01
    endloop
  endfacet
  facet normal 9.772496e-01 5.432578e-02 2.050166e-01
    outer loop
      vertex 1.026600e+02 4.519423e+01 3.191703e+01
      vertex 1.023902e+02 4.643671e+01 3.287387e+01
      vertex 1.025155e+02 4.498879e+01 3.266033e+01
    endloop
  endfacet
  facet normal 9.472974e-01 3.500650e-02 3.184371e-01
    outer loop
      vertex 1.025155e+02 4.498879e+01 3.266033e+01
      vertex 1.023902e+02 4.643671e+01 3.287387e+01
      vertex 1.021663e+02 4.620166e+01 3.356569e+01
    endloop
  endfacet
  facet normal 9.368393e-01 8.695027e-03 3.496521e-01
    outer loop
      vertex 1.025155e+02 4.498879e+01 3.266033e+01
      vertex 1.021663e+02 4.620166e+01 3.356569e+01
      vertex 1.022529e+02 4.477818e+01 3.336905e+01
    endloop
  endfacet
  facet normal 8.854012e-01 -2.447083e-01 -3.951995e-01
    outer loop
      vertex 1.021421e+02 2.272957e+01 2.998987e+01
      vertex 1.015609e+02 2.103291e+01 2.973837e+01
      vertex 1.018015e+02 2.257235e+01 2.932408e+01
    endloop
  endfacet
  facet normal 7.980849e-01 -2.697119e-01 -5.388099e-01
    outer loop
      vertex 1.018015e+02 2.257235e+01 2.932408e+01
      vertex 1.015609e+02 2.103291e+01 2.973837e+01
      vertex 1.011207e+02 2.088569e+01 2.916003e+01
    endloop
  endfacet
  facet normal 8.069143e-01 -2.748291e-01 -5.228367e-01
    outer loop
      vertex 1.018015e+02 2.257235e+01 2.932408e+01
      vertex 1.011207e+02 2.088569e+01 2.916003e+01
      vertex 1.013615e+02 2.244377e+01 2.871260e+01
    endloop
  endfacet
  facet normal 7.016774e-01 -2.947079e-01 -6.486879e-01
    outer loop
      vertex 1.013615e+02 2.244377e+01 2.871260e+01
      vertex 1.011207e+02 2.088569e+01 2.916003e+01
      vertex 1.005981e+02 2.077151e+01 2.864653e+01
    endloop
  endfacet
  facet normal 7.095612e-01 -2.987219e-01 -6.381913e-01
    outer loop
      vertex 1.013615e+02 2.244377e+01 2.871260e+01
      vertex 1.005981e+02 2.077151e+01 2.864653e+01
      vertex 1.008324e+02 2.234684e+01 2.816973e+01
    endloop
  endfacet
  facet normal 5.898744e-01 -3.130450e-01 -7.443461e-01
    outer loop
      vertex 1.008324e+02 2.234684e+01 2.816973e+01
      vertex 1.005981e+02 2.077151e+01 2.864653e+01
      vertex 1.000044e+02 2.069290e+01 2.820914e+01
    endloop
  endfacet
  facet normal 5.956187e-01 -3.157837e-01 -7.385926e-01
    outer loop
      vertex 1.008324e+02 2.234684e+01 2.816973e+01
      vertex 1.000044e+02 2.069290e+01 2.820914e+01
      vertex 1.002266e+02 2.228383e+01 2.770814e+01
    endloop
  endfacet
  facet normal 4.651104e-01 -3.243525e-01 -8.236916e-01
    outer loop
      vertex 1.002266e+02 2.228383e+01 2.770814e+01
      vertex 1.000044e+02 2.069290e+01 2.820914e+01
      vertex 9.935283e+01 2.065158e+01 2.785748e+01
    endloop
  endfacet
  facet normal 4.677600e-01 -3.255888e-01 -8.217010e-01
    outer loop
      vertex 1.002266e+02 2.228383e+01 2.770814e+01
      vertex 9.935283e+01 2.065158e+01 2.785748e+01
      vertex 9.955824e+01 2.225599e+01 2.733868e+01
    endloop
  endfacet
  facet normal 8.769681e-01 -2.385660e-01 -4.171489e-01
    outer loop
      vertex 1.015609e+02 2.103291e+01 2.973837e+01
      vertex 1.021421e+02 2.272957e+01 2.998987e+01
      vertex 1.019090e+02 2.120994e+01 3.036880e+01
    endloop
  endfacet
  facet normal 9.431770e-01 -2.091018e-01 -2.582511e-01
    outer loop
      vertex 1.019090e+02 2.120994e+01 3.036880e+01
      vertex 1.021421e+02 2.272957e+01 2.998987e+01
      vertex 1.023754e+02 2.291177e+01 3.069442e+01
    endloop
  endfacet
  facet normal 9.365904e-01 -2.019083e-01 -2.864113e-01
    outer loop
      vertex 1.019090e+02 2.120994e+01 3.036880e+01
      vertex 1.023754e+02 2.291177e+01 3.069442e+01
      vertex 1.021572e+02 2.141289e+01 3.103746e+01
    endloop
  endfacet
  facet normal 9.788817e-01 -1.688807e-01 -1.151955e-01
    outer loop
      vertex 1.021572e+02 2.141289e+01 3.103746e+01
      vertex 1.023754e+02 2.291177e+01 3.069442e+01
      vertex 1.024960e+02 2.311468e+01 3.142128e+01
    endloop
  endfacet
  facet normal 9.756531e-01 -1.605107e-01 -1.494570e-01
    outer loop
      vertex 1.021572e+02 2.141289e+01 3.103746e+01
      vertex 1.024960e+02 2.311468e+01 3.142128e+01
      vertex 1.023002e+02 2.163729e+01 3.172965e+01
    endloop
  endfacet
  facet normal 9.916779e-01 -1.250386e-01 3.066389e-02
    outer loop
      vertex 1.023002e+02 2.163729e+01 3.172965e+01
      vertex 1.024960e+02 2.311468e+01 3.142128e+01
      vertex 1.025009e+02 2.333357e+01 3.215346e+01
    endloop
  endfacet
  facet normal 9.932944e-01 -1.152344e-01 -9.342797e-03
    outer loop
      vertex 1.023002e+02 2.163729e+01 3.172965e+01
      vertex 1.025009e+02 2.333357e+01 3.215346e+01
      vertex 1.023347e+02 2.187821e+01 3.243014e+01
    endloop
  endfacet
  facet normal 9.812585e-01 -7.863955e-02 1.759196e-01
    outer loop
      vertex 1.023347e+02 2.187821e+01 3.243014e+01
      vertex 1.025009e+02 2.333357e+01 3.215346e+01
      vertex 1.023902e+02 2.356332e+01 3.287386e+01
    endloop
  endfacet
  facet normal 9.891318e-01 -6.703404e-02 1.308613e-01
    outer loop
      vertex 1.023347e+02 2.187821e+01 3.243014e+01
      vertex 1.023902e+02 2.356332e+01 3.287386e+01
      vertex 1.022601e+02 2.213035e+01 3.312352e+01
    endloop
  endfacet
  facet normal 9.478567e-01 -3.082095e-02 3.172030e-01
    outer loop
      vertex 1.022601e+02 2.213035e+01 3.312352e+01
      vertex 1.023902e+02 2.356332e+01 3.287386e+01
      vertex 1.021663e+02 2.379838e+01 3.356569e+01
    endloop
  endfacet
  facet normal 9.632629e-01 -1.691930e-02 2.680266e-01
    outer loop
      vertex 1.022601e+02 2.213035e+01 3.312352e+01
      vertex 1.021663e+02 2.379838e+01 3.356569e+01
      vertex 1.020779e+02 2.238815e+01 3.379454e+01
    endloop
  endfacet
  facet normal 8.961589e-01 -2.201101e-01 -3.852929e-01
    outer loop
      vertex 1.023647e+02 2.426979e+01 2.966422e+01
      vertex 1.018015e+02 2.257235e+01 2.932408e+01
      vertex 1.020313e+02 2.413258e+01 2.896733e+01
    endloop
  endfacet
  facet normal 8.110603e-01 -2.413176e-01 -5.328667e-01
    outer loop
      vertex 1.020313e+02 2.413258e+01 2.896733e+01
      vertex 1.018015e+02 2.257235e+01 2.932408e+01
      vertex 1.013615e+02 2.244377e+01 2.871260e+01
    endloop
  endfacet
  facet normal 8.184721e-01 -2.463402e-01 -5.190568e-01
    outer loop
      vertex 1.020313e+02 2.413258e+01 2.896733e+01
      vertex 1.013615e+02 2.244377e+01 2.871260e+01
      vertex 1.015919e+02 2.402219e+01 2.832679e+01
    endloop
  endfacet
  facet normal 7.140066e-01 -2.628371e-01 -6.489308e-01
    outer loop
      vertex 1.015919e+02 2.402219e+01 2.832679e+01
      vertex 1.013615e+02 2.244377e+01 2.871260e+01
      vertex 1.008324e+02 2.234684e+01 2.816973e+01
    endloop
  endfacet
  facet normal 7.206094e-01 -2.666668e-01 -6.400086e-01
    outer loop
      vertex 1.015919e+02 2.402219e+01 2.832679e+01
      vertex 1.008324e+02 2.234684e+01 2.816973e+01
      vertex 1.010571e+02 2.394134e+01 2.775838e+01
    endloop
  endfacet
  facet normal 6.002982e-01 -2.780568e-01 -7.498843e-01
    outer loop
      vertex 1.010571e+02 2.394134e+01 2.775838e+01
      vertex 1.008324e+02 2.234684e+01 2.816973e+01
      vertex 1.002266e+02 2.228383e+01 2.770814e+01
    endloop
  endfacet
  facet normal 6.050006e-01 -2.805562e-01 -7.451594e-01
    outer loop
      vertex 1.010571e+02 2.394134e+01 2.775838e+01
      vertex 1.002266e+02 2.228383e+01 2.770814e+01
      vertex 1.004403e+02 2.389202e+01 2.727609e+01
    endloop
  endfacet
  facet normal 4.725833e-01 -2.866623e-01 -8.333606e-01
    outer loop
      vertex 1.004403e+02 2.389202e+01 2.727609e+01
      vertex 1.002266e+02 2.228383e+01 2.770814e+01
      vertex 9.955824e+01 2.225599e+01 2.733868e+01
    endloop
  endfacet
  facet normal 4.744959e-01 -2.876390e-01 -8.319360e-01
    outer loop
      vertex 1.004403e+02 2.389202e+01 2.727609e+01
      vertex 9.955824e+01 2.225599e+01 2.733868e+01
      vertex 9.975647e+01 2.387553e+01 2.689180e+01
    endloop
  endfacet
  facet normal 8.891994e-01 -2.139723e-01 -4.044009e-01
    outer loop
      vertex 1.018015e+02 2.257235e+01 2.932408e+01
      vertex 1.023647e+02 2.426979e+01 2.966422e+01
      vertex 1.021421e+02 2.272957e+01 2.998987e+01
    endloop
  endfacet
  facet normal 9.517628e-01 -1.886690e-01 -2.419745e-01
    outer loop
      vertex 1.021421e+02 2.272957e+01 2.998987e+01
      vertex 1.023647e+02 2.426979e+01 2.966422e+01
      vertex 1.025836e+02 2.443044e+01 3.040030e+01
    endloop
  endfacet
  facet normal 9.465975e-01 -1.813986e-01 -2.665477e-01
    outer loop
      vertex 1.021421e+02 2.272957e+01 2.998987e+01
      vertex 1.025836e+02 2.443044e+01 3.040030e+01
      vertex 1.023754e+02 2.291177e+01 3.069442e+01
    endloop
  endfacet
  facet normal 9.839027e-01 -1.528286e-01 -9.262316e-02
    outer loop
      vertex 1.023754e+02 2.291177e+01 3.069442e+01
      vertex 1.025836e+02 2.443044e+01 3.040030e+01
      vertex 1.026829e+02 2.461059e+01 3.115745e+01
    endloop
  endfacet
  facet normal 9.819136e-01 -1.443097e-01 -1.225577e-01
    outer loop
      vertex 1.023754e+02 2.291177e+01 3.069442e+01
      vertex 1.026829e+02 2.461059e+01 3.115745e+01
      vertex 1.024960e+02 2.311468e+01 3.142128e+01
    endloop
  endfacet
  facet normal 9.917793e-01 -1.135085e-01 5.907345e-02
    outer loop
      vertex 1.024960e+02 2.311468e+01 3.142128e+01
      vertex 1.026829e+02 2.461059e+01 3.115745e+01
      vertex 1.026600e+02 2.480578e+01 3.191703e+01
    endloop
  endfacet
  facet normal 9.943306e-01 -1.035381e-01 2.421830e-02
    outer loop
      vertex 1.024960e+02 2.311468e+01 3.142128e+01
      vertex 1.026600e+02 2.480578e+01 3.191703e+01
      vertex 1.025009e+02 2.333357e+01 3.215346e+01
    endloop
  endfacet
  facet normal 9.751904e-01 -7.172646e-02 2.094253e-01
    outer loop
      vertex 1.025009e+02 2.333357e+01 3.215346e+01
      vertex 1.026600e+02 2.480578e+01 3.191703e+01
      vertex 1.025155e+02 2.501121e+01 3.266033e+01
    endloop
  endfacet
  facet normal 9.835606e-01 -5.998542e-02 1.703243e-01
    outer loop
      vertex 1.025009e+02 2.333357e+01 3.215346e+01
      vertex 1.025155e+02 2.501121e+01 3.266033e+01
      vertex 1.023902e+02 2.356332e+01 3.287386e+01
    endloop
  endfacet
  facet normal 9.345421e-01 -2.855145e-02 3.547053e-01
    outer loop
      vertex 1.023902e+02 2.356332e+01 3.287386e+01
      vertex 1.025155e+02 2.501121e+01 3.266033e+01
      vertex 1.022529e+02 2.522191e+01 3.336905e+01
    endloop
  endfacet
  facet normal 9.498540e-01 -1.463894e-02 3.123511e-01
    outer loop
      vertex 1.023902e+02 2.356332e+01 3.287386e+01
      vertex 1.022529e+02 2.522191e+01 3.336905e+01
      vertex 1.021663e+02 2.379838e+01 3.356569e+01
    endloop
  endfacet
  facet normal -7.995470e-01 -4.351510e-02 -5.990250e-01
    outer loop
      vertex 9.286681e+01 2.238815e+01 2.925091e+01
      vertex 9.340434e+01 2.368528e+01 2.843921e+01
      vertex 9.332613e+01 2.210879e+01 2.865811e+01
    endloop
  endfacet
  facet normal -8.257760e-01 -1.066440e-02 -5.638974e-01
    outer loop
      vertex 9.286681e+01 2.238815e+01 2.925091e+01
      vertex 9.306248e+01 2.468081e+01 2.892099e+01
      vertex 9.340434e+01 2.368528e+01 2.843921e+01
    endloop
  endfacet
  facet normal 3.410585e-01 -2.980315e-01 -8.915472e-01
    outer loop
      vertex 9.866154e+01 2.242125e+01 2.692605e+01
      vertex 9.948357e+01 2.325993e+01 2.696015e+01
      vertex 9.928360e+01 2.195054e+01 2.732136e+01
    endloop
  endfacet
  facet normal 3.205336e-01 -3.239560e-01 -8.901183e-01
    outer loop
      vertex 9.866154e+01 2.242125e+01 2.692605e+01
      vertex 9.928360e+01 2.195054e+01 2.732136e+01
      vertex 9.830592e+01 2.070970e+01 2.742090e+01
    endloop
  endfacet
  facet normal 3.425632e-01 -2.668867e-01 -9.007896e-01
    outer loop
      vertex 9.888382e+01 2.416119e+01 2.646505e+01
      vertex 9.965175e+01 2.457839e+01 2.663347e+01
      vertex 9.948357e+01 2.325993e+01 2.696015e+01
    endloop
  endfacet
  facet normal 3.239278e-01 -2.807566e-01 -9.034635e-01
    outer loop
      vertex 9.888382e+01 2.416119e+01 2.646505e+01
      vertex 9.948357e+01 2.325993e+01 2.696015e+01
      vertex 9.866154e+01 2.242125e+01 2.692605e+01
    endloop
  endfacet
  facet normal 3.260649e-01 -3.280328e-01 -8.866094e-01
    outer loop
      vertex 9.904781e+01 2.065158e+01 2.771524e+01
      vertex 9.830592e+01 2.070970e+01 2.742090e+01
      vertex 9.928360e+01 2.195054e+01 2.732136e+01
    endloop
  endfacet
  facet normal 1.896026e-01 -3.088645e-01 -9.320159e-01
    outer loop
      vertex 9.793978e+01 2.248950e+01 2.675660e+01
      vertex 9.866154e+01 2.242125e+01 2.692605e+01
      vertex 9.830592e+01 2.070970e+01 2.742090e+01
    endloop
  endfacet
  facet normal 1.739048e-01 -3.127519e-01 -9.337791e-01
    outer loop
      vertex 9.830592e+01 2.070970e+01 2.742090e+01
      vertex 9.753226e+01 2.081082e+01 2.724295e+01
      vertex 9.793978e+01 2.248950e+01 2.675660e+01
    endloop
  endfacet
  facet normal 4.420293e-02 -2.878897e-01 -9.566429e-01
    outer loop
      vertex 9.720476e+01 2.258931e+01 2.669260e+01
      vertex 9.793978e+01 2.248950e+01 2.675660e+01
      vertex 9.753226e+01 2.081082e+01 2.724295e+01
    endloop
  endfacet
  facet normal 1.661477e-02 -2.927819e-01 -9.560349e-01
    outer loop
      vertex 9.753226e+01 2.081082e+01 2.724295e+01
      vertex 9.674668e+01 2.095234e+01 2.718596e+01
      vertex 9.720476e+01 2.258931e+01 2.669260e+01
    endloop
  endfacet
  facet normal -1.022179e-01 -2.607200e-01 -9.599878e-01
    outer loop
      vertex 9.647278e+01 2.271846e+01 2.673546e+01
      vertex 9.720476e+01 2.258931e+01 2.669260e+01
      vertex 9.674668e+01 2.095234e+01 2.718596e+01
    endloop
  endfacet
  facet normal -1.410877e-01 -2.651755e-01 -9.538219e-01
    outer loop
      vertex 9.674668e+01 2.095234e+01 2.718596e+01
      vertex 9.596928e+01 2.113065e+01 2.725138e+01
      vertex 9.647278e+01 2.271846e+01 2.673546e+01
    endloop
  endfacet
  facet normal -2.464148e-01 -2.279291e-01 -9.419809e-01
    outer loop
      vertex 9.576006e+01 2.287410e+01 2.688425e+01
      vertex 9.647278e+01 2.271846e+01 2.673546e+01
      vertex 9.596928e+01 2.113065e+01 2.725138e+01
    endloop
  endfacet
  facet normal -2.951653e-01 -2.306637e-01 -9.271849e-01
    outer loop
      vertex 9.596928e+01 2.113065e+01 2.725138e+01
      vertex 9.521999e+01 2.134116e+01 2.743754e+01
      vertex 9.576006e+01 2.287410e+01 2.688425e+01
    endloop
  endfacet
  facet normal -3.851719e-01 -1.902331e-01 -9.030249e-01
    outer loop
      vertex 9.576006e+01 2.287410e+01 2.688425e+01
      vertex 9.521999e+01 2.134116e+01 2.743754e+01
      vertex 9.508243e+01 2.305276e+01 2.713564e+01
    endloop
  endfacet
  facet normal -4.416503e-01 -1.901480e-01 -8.768061e-01
    outer loop
      vertex 9.508243e+01 2.305276e+01 2.713564e+01
      vertex 9.521999e+01 2.134116e+01 2.743754e+01
      vertex 9.451799e+01 2.157850e+01 2.773967e+01
    endloop
  endfacet
  facet normal -5.154022e-01 -1.484657e-01 -8.439895e-01
    outer loop
      vertex 9.508243e+01 2.305276e+01 2.713564e+01
      vertex 9.451799e+01 2.157850e+01 2.773967e+01
      vertex 9.445489e+01 2.325049e+01 2.748409e+01
    endloop
  endfacet
  facet normal -5.767931e-01 -1.446665e-01 -8.039784e-01
    outer loop
      vertex 9.445489e+01 2.325049e+01 2.748409e+01
      vertex 9.451799e+01 2.157850e+01 2.773967e+01
      vertex 9.388126e+01 2.183658e+01 2.815003e+01
    endloop
  endfacet
  facet normal -6.342200e-01 -1.035675e-01 -7.661845e-01
    outer loop
      vertex 9.445489e+01 2.325049e+01 2.748409e+01
      vertex 9.388126e+01 2.183658e+01 2.815003e+01
      vertex 9.389136e+01 2.346290e+01 2.792184e+01
    endloop
  endfacet
  facet normal -6.971231e-01 -9.537506e-02 -7.105793e-01
    outer loop
      vertex 9.389136e+01 2.346290e+01 2.792184e+01
      vertex 9.388126e+01 2.183658e+01 2.815003e+01
      vertex 9.332613e+01 2.210879e+01 2.865811e+01
    endloop
  endfacet
  facet normal -7.389933e-01 -5.655917e-02 -6.713343e-01
    outer loop
      vertex 9.389136e+01 2.346290e+01 2.792184e+01
      vertex 9.332613e+01 2.210879e+01 2.865811e+01
      vertex 9.340434e+01 2.368528e+01 2.843921e+01
    endloop
  endfacet
  facet normal 3.383263e-01 -2.352889e-01 -9.111391e-01
    outer loop
      vertex 9.979167e+01 2.590474e+01 2.634292e+01
      vertex 9.965175e+01 2.457839e+01 2.663347e+01
      vertex 9.905741e+01 2.591829e+01 2.606677e+01
    endloop
  endfacet
  facet normal 3.303866e-01 -2.395704e-01 -9.129353e-01
    outer loop
      vertex 9.905741e+01 2.591829e+01 2.606677e+01
      vertex 9.965175e+01 2.457839e+01 2.663347e+01
      vertex 9.888382e+01 2.416119e+01 2.646505e+01
    endloop
  endfacet
  facet normal 1.872713e-01 -2.347068e-01 -9.538565e-01
    outer loop
      vertex 9.905741e+01 2.591829e+01 2.606677e+01
      vertex 9.888382e+01 2.416119e+01 2.646505e+01
      vertex 9.829047e+01 2.595861e+01 2.590628e+01
    endloop
  endfacet
  facet normal 1.932326e-01 -2.325346e-01 -9.531992e-01
    outer loop
      vertex 9.829047e+01 2.595861e+01 2.590628e+01
      vertex 9.888382e+01 2.416119e+01 2.646505e+01
      vertex 9.813754e+01 2.421443e+01 2.630077e+01
    endloop
  endfacet
  facet normal 3.214197e-02 -2.231711e-01 -9.742492e-01
    outer loop
      vertex 9.829047e+01 2.595861e+01 2.590628e+01
      vertex 9.813754e+01 2.421443e+01 2.630077e+01
      vertex 9.750974e+01 2.602471e+01 2.586538e+01
    endloop
  endfacet
  facet normal 4.210947e-02 -2.198070e-01 -9.746341e-01
    outer loop
      vertex 9.750974e+01 2.602471e+01 2.586538e+01
      vertex 9.813754e+01 2.421443e+01 2.630077e+01
      vertex 9.737772e+01 2.429673e+01 2.624938e+01
    endloop
  endfacet
  facet normal -1.237952e-01 -2.062437e-01 -9.706381e-01
    outer loop
      vertex 9.750974e+01 2.602471e+01 2.586538e+01
      vertex 9.737772e+01 2.429673e+01 2.624938e+01
      vertex 9.673444e+01 2.611497e+01 2.594508e+01
    endloop
  endfacet
  facet normal -1.099951e-01 -2.017954e-01 -9.732316e-01
    outer loop
      vertex 9.673444e+01 2.611497e+01 2.594508e+01
      vertex 9.737772e+01 2.429673e+01 2.624938e+01
      vertex 9.662218e+01 2.440616e+01 2.631208e+01
    endloop
  endfacet
  facet normal -2.767037e-01 -1.843727e-01 -9.431022e-01
    outer loop
      vertex 9.673444e+01 2.611497e+01 2.594508e+01
      vertex 9.662218e+01 2.440616e+01 2.631208e+01
      vertex 9.598367e+01 2.622715e+01 2.614343e+01
    endloop
  endfacet
  facet normal -2.595086e-01 -1.788921e-01 -9.490274e-01
    outer loop
      vertex 9.598367e+01 2.622715e+01 2.614343e+01
      vertex 9.662218e+01 2.440616e+01 2.631208e+01
      vertex 9.588866e+01 2.454016e+01 2.648740e+01
    endloop
  endfacet
  facet normal -4.228238e-01 -1.581294e-01 -8.923089e-01
    outer loop
      vertex 9.598367e+01 2.622715e+01 2.614343e+01
      vertex 9.588866e+01 2.454016e+01 2.648740e+01
      vertex 9.527591e+01 2.635850e+01 2.645553e+01
    endloop
  endfacet
  facet normal -4.029097e-01 -1.515990e-01 -9.025971e-01
    outer loop
      vertex 9.527591e+01 2.635850e+01 2.645553e+01
      vertex 9.588866e+01 2.454016e+01 2.648740e+01
      vertex 9.519437e+01 2.469559e+01 2.677122e+01
    endloop
  endfacet
  facet normal -5.585614e-01 -1.281910e-01 -8.194975e-01
    outer loop
      vertex 9.527591e+01 2.635850e+01 2.645553e+01
      vertex 9.519437e+01 2.469559e+01 2.677122e+01
      vertex 9.462859e+01 2.650578e+01 2.687370e+01
    endloop
  endfacet
  facet normal -5.368419e-01 -1.205231e-01 -8.350300e-01
    outer loop
      vertex 9.462859e+01 2.650578e+01 2.687370e+01
      vertex 9.519437e+01 2.469559e+01 2.677122e+01
      vertex 9.455561e+01 2.486878e+01 2.715689e+01
    endloop
  endfacet
  facet normal -6.805773e-01 -9.533157e-02 -7.264478e-01
    outer loop
      vertex 9.462859e+01 2.650578e+01 2.687370e+01
      vertex 9.455561e+01 2.486878e+01 2.715689e+01
      vertex 9.405765e+01 2.666536e+01 2.738764e+01
    endloop
  endfacet
  facet normal -6.581484e-01 -8.635710e-02 -7.479192e-01
    outer loop
      vertex 9.405765e+01 2.666536e+01 2.738764e+01
      vertex 9.455561e+01 2.486878e+01 2.715689e+01
      vertex 9.398737e+01 2.505569e+01 2.763534e+01
    endloop
  endfacet
  facet normal -7.858566e-01 -6.039764e-02 -6.154523e-01
    outer loop
      vertex 9.405765e+01 2.666536e+01 2.738764e+01
      vertex 9.398737e+01 2.505569e+01 2.763534e+01
      vertex 9.357714e+01 2.683332e+01 2.798471e+01
    endloop
  endfacet
  facet normal -7.639648e-01 -4.986704e-02 -6.433282e-01
    outer loop
      vertex 9.357714e+01 2.683332e+01 2.798471e+01
      vertex 9.398737e+01 2.505569e+01 2.763534e+01
      vertex 9.350298e+01 2.525191e+01 2.819535e+01
    endloop
  endfacet
  facet normal -8.718231e-01 -2.428169e-02 -4.892186e-01
    outer loop
      vertex 9.357714e+01 2.683332e+01 2.798471e+01
      vertex 9.350298e+01 2.525191e+01 2.819535e+01
      vertex 9.319891e+01 2.700553e+01 2.865020e+01
    endloop
  endfacet
  facet normal -8.508117e-01 -1.126667e-02 -5.253499e-01
    outer loop
      vertex 9.319891e+01 2.700553e+01 2.865020e+01
      vertex 9.350298e+01 2.525191e+01 2.819535e+01
      vertex 9.306248e+01 2.468081e+01 2.892099e+01
    endloop
  endfacet
  facet normal 1.880750e-01 -2.739252e-01 -9.431823e-01
    outer loop
      vertex 9.888382e+01 2.416119e+01 2.646505e+01
      vertex 9.866154e+01 2.242125e+01 2.692605e+01
      vertex 9.813754e+01 2.421443e+01 2.630077e+01
    endloop
  endfacet
  facet normal 1.955718e-01 -2.714521e-01 -9.423723e-01
    outer loop
      vertex 9.813754e+01 2.421443e+01 2.630077e+01
      vertex 9.866154e+01 2.242125e+01 2.692605e+01
      vertex 9.793978e+01 2.248950e+01 2.675660e+01
    endloop
  endfacet
  facet normal 3.718622e-02 -2.592945e-01 -9.650822e-01
    outer loop
      vertex 9.813754e+01 2.421443e+01 2.630077e+01
      vertex 9.793978e+01 2.248950e+01 2.675660e+01
      vertex 9.737772e+01 2.429673e+01 2.624938e+01
    endloop
  endfacet
  facet normal 4.935579e-02 -2.556308e-01 -9.655137e-01
    outer loop
      vertex 9.737772e+01 2.429673e+01 2.624938e+01
      vertex 9.793978e+01 2.248950e+01 2.675660e+01
      vertex 9.720476e+01 2.258931e+01 2.669260e+01
    endloop
  endfacet
  facet normal -1.146009e-01 -2.387079e-01 -9.643055e-01
    outer loop
      vertex 9.737772e+01 2.429673e+01 2.624938e+01
      vertex 9.720476e+01 2.258931e+01 2.669260e+01
      vertex 9.662218e+01 2.440616e+01 2.631208e+01
    endloop
  endfacet
  facet normal -9.792911e-02 -2.339882e-01 -9.672949e-01
    outer loop
      vertex 9.662218e+01 2.440616e+01 2.631208e+01
      vertex 9.720476e+01 2.258931e+01 2.669260e+01
      vertex 9.647278e+01 2.271846e+01 2.673546e+01
    endloop
  endfacet
  facet normal -2.637284e-01 -2.126787e-01 -9.408587e-01
    outer loop
      vertex 9.662218e+01 2.440616e+01 2.631208e+01
      vertex 9.647278e+01 2.271846e+01 2.673546e+01
      vertex 9.588866e+01 2.454016e+01 2.648740e+01
    endloop
  endfacet
  facet normal -2.430282e-01 -2.069705e-01 -9.476817e-01
    outer loop
      vertex 9.588866e+01 2.454016e+01 2.648740e+01
      vertex 9.647278e+01 2.271846e+01 2.673546e+01
      vertex 9.576006e+01 2.287410e+01 2.688425e+01
    endloop
  endfacet
  facet normal -4.066926e-01 -1.818563e-01 -8.952817e-01
    outer loop
      vertex 9.588866e+01 2.454016e+01 2.648740e+01
      vertex 9.576006e+01 2.287410e+01 2.688425e+01
      vertex 9.519437e+01 2.469559e+01 2.677122e+01
    endloop
  endfacet
  facet normal -3.827106e-01 -1.751426e-01 -9.071150e-01
    outer loop
      vertex 9.519437e+01 2.469559e+01 2.677122e+01
      vertex 9.576006e+01 2.287410e+01 2.688425e+01
      vertex 9.508243e+01 2.305276e+01 2.713564e+01
    endloop
  endfacet
  facet normal -5.401556e-01 -1.470032e-01 -8.286266e-01
    outer loop
      vertex 9.519437e+01 2.469559e+01 2.677122e+01
      vertex 9.508243e+01 2.305276e+01 2.713564e+01
      vertex 9.455561e+01 2.486878e+01 2.715689e+01
    endloop
  endfacet
  facet normal -5.138695e-01 -1.391687e-01 -8.465047e-01
    outer loop
      vertex 9.455561e+01 2.486878e+01 2.715689e+01
      vertex 9.508243e+01 2.305276e+01 2.713564e+01
      vertex 9.445489e+01 2.325049e+01 2.748409e+01
    endloop
  endfacet
  facet normal -6.609808e-01 -1.089735e-01 -7.424480e-01
    outer loop
      vertex 9.455561e+01 2.486878e+01 2.715689e+01
      vertex 9.445489e+01 2.325049e+01 2.748409e+01
      vertex 9.398737e+01 2.505569e+01 2.763534e+01
    endloop
  endfacet
  facet normal -6.335928e-01 -9.980642e-02 -7.672020e-01
    outer loop
      vertex 9.398737e+01 2.505569e+01 2.763534e+01
      vertex 9.445489e+01 2.325049e+01 2.748409e+01
      vertex 9.389136e+01 2.346290e+01 2.792184e+01
    endloop
  endfacet
  facet normal -7.663248e-01 -6.870329e-02 -6.387693e-01
    outer loop
      vertex 9.398737e+01 2.505569e+01 2.763534e+01
      vertex 9.389136e+01 2.346290e+01 2.792184e+01
      vertex 9.350298e+01 2.525191e+01 2.819535e+01
    endloop
  endfacet
  facet normal -7.392188e-01 -5.789564e-02 -6.709720e-01
    outer loop
      vertex 9.350298e+01 2.525191e+01 2.819535e+01
      vertex 9.389136e+01 2.346290e+01 2.792184e+01
      vertex 9.340434e+01 2.368528e+01 2.843921e+01
    endloop
  endfacet
  facet normal -8.436720e-01 -3.030914e-02 -5.360027e-01
    outer loop
      vertex 9.350298e+01 2.525191e+01 2.819535e+01
      vertex 9.340434e+01 2.368528e+01 2.843921e+01
      vertex 9.306248e+01 2.468081e+01 2.892099e+01
    endloop
  endfacet
  facet normal -7.995451e-01 4.351937e-02 -5.990272e-01
    outer loop
      vertex 9.332613e+01 4.789121e+01 2.865811e+01
      vertex 9.340433e+01 4.631474e+01 2.843921e+01
      vertex 9.286681e+01 4.761185e+01 2.925090e+01
    endloop
  endfacet
  facet normal -8.257807e-01 1.065988e-02 -5.638905e-01
    outer loop
      vertex 9.340433e+01 4.631474e+01 2.843921e+01
      vertex 9.306248e+01 4.531922e+01 2.892100e+01
      vertex 9.286681e+01 4.761185e+01 2.925090e+01
    endloop
  endfacet
  facet normal 3.410627e-01 2.980361e-01 -8.915440e-01
    outer loop
      vertex 9.928359e+01 4.804948e+01 2.732137e+01
      vertex 9.948356e+01 4.674011e+01 2.696016e+01
      vertex 9.866154e+01 4.757878e+01 2.692605e+01
    endloop
  endfacet
  facet normal 3.205390e-01 3.239591e-01 -8.901153e-01
    outer loop
      vertex 9.830592e+01 4.929030e+01 2.742090e+01
      vertex 9.928359e+01 4.804948e+01 2.732137e+01
      vertex 9.866154e+01 4.757878e+01 2.692605e+01
    endloop
  endfacet
  facet normal 3.425687e-01 2.668855e-01 -9.007878e-01
    outer loop
      vertex 9.948356e+01 4.674011e+01 2.696016e+01
      vertex 9.965173e+01 4.542165e+01 2.663348e+01
      vertex 9.888380e+01 4.583885e+01 2.646505e+01
    endloop
  endfacet
  facet normal 3.239295e-01 2.807585e-01 -9.034624e-01
    outer loop
      vertex 9.866154e+01 4.757878e+01 2.692605e+01
      vertex 9.948356e+01 4.674011e+01 2.696016e+01
      vertex 9.888380e+01 4.583885e+01 2.646505e+01
    endloop
  endfacet
  facet normal 3.260651e-01 3.280320e-01 -8.866097e-01
    outer loop
      vertex 9.928359e+01 4.804948e+01 2.732137e+01
      vertex 9.830592e+01 4.929030e+01 2.742090e+01
      vertex 9.904781e+01 4.934842e+01 2.771524e+01
    endloop
  endfacet
  facet normal 1.895980e-01 3.088661e-01 -9.320163e-01
    outer loop
      vertex 9.830592e+01 4.929030e+01 2.742090e+01
      vertex 9.866154e+01 4.757878e+01 2.692605e+01
      vertex 9.793977e+01 4.751053e+01 2.675661e+01
    endloop
  endfacet
  facet normal 1.739046e-01 3.127525e-01 -9.337789e-01
    outer loop
      vertex 9.793977e+01 4.751053e+01 2.675661e+01
      vertex 9.753226e+01 4.918918e+01 2.724295e+01
      vertex 9.830592e+01 4.929030e+01 2.742090e+01
    endloop
  endfacet
  facet normal 4.420494e-02 2.878907e-01 -9.566426e-01
    outer loop
      vertex 9.753226e+01 4.918918e+01 2.724295e+01
      vertex 9.793977e+01 4.751053e+01 2.675661e+01
      vertex 9.720476e+01 4.741072e+01 2.669261e+01
    endloop
  endfacet
  facet normal 1.661613e-02 2.927831e-01 -9.560345e-01
    outer loop
      vertex 9.720476e+01 4.741072e+01 2.669261e+01
      vertex 9.674668e+01 4.904766e+01 2.718595e+01
      vertex 9.753226e+01 4.918918e+01 2.724295e+01
    endloop
  endfacet
  facet normal -1.022175e-01 2.607205e-01 -9.599878e-01
    outer loop
      vertex 9.674668e+01 4.904766e+01 2.718595e+01
      vertex 9.720476e+01 4.741072e+01 2.669261e+01
      vertex 9.647277e+01 4.728156e+01 2.673547e+01
    endloop
  endfacet
  facet normal -1.410896e-01 2.651764e-01 -9.538213e-01
    outer loop
      vertex 9.647277e+01 4.728156e+01 2.673547e+01
      vertex 9.596928e+01 4.886935e+01 2.725138e+01
      vertex 9.674668e+01 4.904766e+01 2.718595e+01
    endloop
  endfacet
  facet normal -2.464151e-01 2.279305e-01 -9.419805e-01
    outer loop
      vertex 9.596928e+01 4.886935e+01 2.725138e+01
      vertex 9.647277e+01 4.728156e+01 2.673547e+01
      vertex 9.576006e+01 4.712593e+01 2.688425e+01
    endloop
  endfacet
  facet normal -2.951656e-01 2.306651e-01 -9.271843e-01
    outer loop
      vertex 9.576006e+01 4.712593e+01 2.688425e+01
      vertex 9.521999e+01 4.865884e+01 2.743754e+01
      vertex 9.596928e+01 4.886935e+01 2.725138e+01
    endloop
  endfacet
  facet normal -3.851686e-01 1.902357e-01 -9.030257e-01
    outer loop
      vertex 9.508242e+01 4.694727e+01 2.713565e+01
      vertex 9.521999e+01 4.865884e+01 2.743754e+01
      vertex 9.576006e+01 4.712593e+01 2.688425e+01
    endloop
  endfacet
  facet normal -4.416513e-01 1.901508e-01 -8.768049e-01
    outer loop
      vertex 9.451799e+01 4.842150e+01 2.773967e+01
      vertex 9.521999e+01 4.865884e+01 2.743754e+01
      vertex 9.508242e+01 4.694727e+01 2.713565e+01
    endloop
  endfacet
  facet normal -5.154024e-01 1.484687e-01 -8.439890e-01
    outer loop
      vertex 9.445488e+01 4.674954e+01 2.748409e+01
      vertex 9.451799e+01 4.842150e+01 2.773967e+01
      vertex 9.508242e+01 4.694727e+01 2.713565e+01
    endloop
  endfacet
  facet normal -5.767931e-01 1.446698e-01 -8.039778e-01
    outer loop
      vertex 9.388126e+01 4.816342e+01 2.815003e+01
      vertex 9.451799e+01 4.842150e+01 2.773967e+01
      vertex 9.445488e+01 4.674954e+01 2.748409e+01
    endloop
  endfacet
  facet normal -6.342207e-01 1.035701e-01 -7.661837e-01
    outer loop
      vertex 9.389135e+01 4.653713e+01 2.792185e+01
      vertex 9.388126e+01 4.816342e+01 2.815003e+01
      vertex 9.445488e+01 4.674954e+01 2.748409e+01
    endloop
  endfacet
  facet normal -6.971239e-01 9.537795e-02 -7.105783e-01
    outer loop
      vertex 9.332613e+01 4.789121e+01 2.865811e+01
      vertex 9.388126e+01 4.816342e+01 2.815003e+01
      vertex 9.389135e+01 4.653713e+01 2.792185e+01
    endloop
  endfacet
  facet normal -7.389928e-01 5.656296e-02 -6.713346e-01
    outer loop
      vertex 9.340433e+01 4.631474e+01 2.843921e+01
      vertex 9.332613e+01 4.789121e+01 2.865811e+01
      vertex 9.389135e+01 4.653713e+01 2.792185e+01
    endloop
  endfacet
  facet normal -2.767008e-01 1.843597e-01 -9.431056e-01
    outer loop
      vertex 9.598368e+01 4.377293e+01 2.614345e+01
      vertex 9.662217e+01 4.559388e+01 2.631209e+01
      vertex 9.673445e+01 4.388511e+01 2.594511e+01
    endloop
  endfacet
  facet normal -1.099937e-01 2.017843e-01 -9.732340e-01
    outer loop
      vertex 9.673445e+01 4.388511e+01 2.594511e+01
      vertex 9.662217e+01 4.559388e+01 2.631209e+01
      vertex 9.737771e+01 4.570332e+01 2.624939e+01
    endloop
  endfacet
  facet normal -1.237912e-01 2.062317e-01 -9.706411e-01
    outer loop
      vertex 9.673445e+01 4.388511e+01 2.594511e+01
      vertex 9.737771e+01 4.570332e+01 2.624939e+01
      vertex 9.750975e+01 4.397536e+01 2.586541e+01
    endloop
  endfacet
  facet normal 4.210786e-02 2.197968e-01 -9.746365e-01
    outer loop
      vertex 9.750975e+01 4.397536e+01 2.586541e+01
      vertex 9.737771e+01 4.570332e+01 2.624939e+01
      vertex 9.813754e+01 4.578562e+01 2.630077e+01
    endloop
  endfacet
  facet normal 3.214470e-02 2.231594e-01 -9.742518e-01
    outer loop
      vertex 9.750975e+01 4.397536e+01 2.586541e+01
      vertex 9.813754e+01 4.578562e+01 2.630077e+01
      vertex 9.829047e+01 4.404147e+01 2.590631e+01
    endloop
  endfacet
  facet normal 1.932363e-01 2.325240e-01 -9.532011e-01
    outer loop
      vertex 9.829047e+01 4.404147e+01 2.590631e+01
      vertex 9.813754e+01 4.578562e+01 2.630077e+01
      vertex 9.888380e+01 4.583885e+01 2.646505e+01
    endloop
  endfacet
  facet normal 1.872704e-01 2.346979e-01 -9.538589e-01
    outer loop
      vertex 9.829047e+01 4.404147e+01 2.590631e+01
      vertex 9.888380e+01 4.583885e+01 2.646505e+01
      vertex 9.905742e+01 4.408179e+01 2.606680e+01
    endloop
  endfacet
  facet normal 3.303899e-01 2.395642e-01 -9.129356e-01
    outer loop
      vertex 9.905742e+01 4.408179e+01 2.606680e+01
      vertex 9.888380e+01 4.583885e+01 2.646505e+01
      vertex 9.965173e+01 4.542165e+01 2.663348e+01
    endloop
  endfacet
  facet normal 3.383164e-01 2.352900e-01 -9.111425e-01
    outer loop
      vertex 9.905742e+01 4.408179e+01 2.606680e+01
      vertex 9.965173e+01 4.542165e+01 2.663348e+01
      vertex 9.979169e+01 4.409534e+01 2.634295e+01
    endloop
  endfacet
  facet normal -2.595050e-01 1.788790e-01 -9.490308e-01
    outer loop
      vertex 9.662217e+01 4.559388e+01 2.631209e+01
      vertex 9.598368e+01 4.377293e+01 2.614345e+01
      vertex 9.588865e+01 4.545988e+01 2.648740e+01
    endloop
  endfacet
  facet normal -4.228209e-01 1.581146e-01 -8.923129e-01
    outer loop
      vertex 9.588865e+01 4.545988e+01 2.648740e+01
      vertex 9.598368e+01 4.377293e+01 2.614345e+01
      vertex 9.527592e+01 4.364157e+01 2.645555e+01
    endloop
  endfacet
  facet normal -4.029100e-01 1.515853e-01 -9.025993e-01
    outer loop
      vertex 9.588865e+01 4.545988e+01 2.648740e+01
      vertex 9.527592e+01 4.364157e+01 2.645555e+01
      vertex 9.519436e+01 4.530445e+01 2.677122e+01
    endloop
  endfacet
  facet normal -5.585582e-01 1.281764e-01 -8.195020e-01
    outer loop
      vertex 9.519436e+01 4.530445e+01 2.677122e+01
      vertex 9.527592e+01 4.364157e+01 2.645555e+01
      vertex 9.462859e+01 4.349430e+01 2.687372e+01
    endloop
  endfacet
  facet normal -5.368435e-01 1.205102e-01 -8.350307e-01
    outer loop
      vertex 9.519436e+01 4.530445e+01 2.677122e+01
      vertex 9.462859e+01 4.349430e+01 2.687372e+01
      vertex 9.455560e+01 4.513126e+01 2.715689e+01
    endloop
  endfacet
  facet normal -6.805689e-01 9.532005e-02 -7.264572e-01
    outer loop
      vertex 9.455560e+01 4.513126e+01 2.715689e+01
      vertex 9.462859e+01 4.349430e+01 2.687372e+01
      vertex 9.405765e+01 4.333471e+01 2.738766e+01
    endloop
  endfacet
  facet normal -6.581416e-01 8.634596e-02 -7.479265e-01
    outer loop
      vertex 9.455560e+01 4.513126e+01 2.715689e+01
      vertex 9.405765e+01 4.333471e+01 2.738766e+01
      vertex 9.398736e+01 4.494436e+01 2.763534e+01
    endloop
  endfacet
  facet normal -7.858547e-01 6.038539e-02 -6.154559e-01
    outer loop
      vertex 9.398736e+01 4.494436e+01 2.763534e+01
      vertex 9.405765e+01 4.333471e+01 2.738766e+01
      vertex 9.357714e+01 4.316674e+01 2.798472e+01
    endloop
  endfacet
  facet normal -7.639688e-01 4.985740e-02 -6.433242e-01
    outer loop
      vertex 9.398736e+01 4.494436e+01 2.763534e+01
      vertex 9.357714e+01 4.316674e+01 2.798472e+01
      vertex 9.350298e+01 4.474813e+01 2.819535e+01
    endloop
  endfacet
  facet normal -8.718177e-01 2.427480e-02 -4.892285e-01
    outer loop
      vertex 9.350298e+01 4.474813e+01 2.819535e+01
      vertex 9.357714e+01 4.316674e+01 2.798472e+01
      vertex 9.319891e+01 4.299454e+01 2.865020e+01
    endloop
  endfacet
  facet normal -8.508182e-01 1.126697e-02 -5.253394e-01
    outer loop
      vertex 9.350298e+01 4.474813e+01 2.819535e+01
      vertex 9.319891e+01 4.299454e+01 2.865020e+01
      vertex 9.306248e+01 4.531922e+01 2.892100e+01
    endloop
  endfacet
  facet normal -8.436793e-01 3.030778e-02 -5.359913e-01
    outer loop
      vertex 9.306248e+01 4.531922e+01 2.892100e+01
      vertex 9.340433e+01 4.631474e+01 2.843921e+01
      vertex 9.350298e+01 4.474813e+01 2.819535e+01
    endloop
  endfacet
  facet normal -7.392179e-01 5.789709e-02 -6.709731e-01
    outer loop
      vertex 9.350298e+01 4.474813e+01 2.819535e+01
      vertex 9.340433e+01 4.631474e+01 2.843921e+01
      vertex 9.389135e+01 4.653713e+01 2.792185e+01
    endloop
  endfacet
  facet normal -7.663305e-01 6.870749e-02 -6.387620e-01
    outer loop
      vertex 9.350298e+01 4.474813e+01 2.819535e+01
      vertex 9.389135e+01 4.653713e+01 2.792185e+01
      vertex 9.398736e+01 4.494436e+01 2.763534e+01
    endloop
  endfacet
  facet normal -6.335939e-01 9.981190e-02 -7.672004e-01
    outer loop
      vertex 9.398736e+01 4.494436e+01 2.763534e+01
      vertex 9.389135e+01 4.653713e+01 2.792185e+01
      vertex 9.445488e+01 4.674954e+01 2.748409e+01
    endloop
  endfacet
  facet normal -6.609758e-01 1.089770e-01 -7.424521e-01
    outer loop
      vertex 9.398736e+01 4.494436e+01 2.763534e+01
      vertex 9.445488e+01 4.674954e+01 2.748409e+01
      vertex 9.455560e+01 4.513126e+01 2.715689e+01
    endloop
  endfacet
  facet normal -5.138696e-01 1.391714e-01 -8.465042e-01
    outer loop
      vertex 9.455560e+01 4.513126e+01 2.715689e+01
      vertex 9.445488e+01 4.674954e+01 2.748409e+01
      vertex 9.508242e+01 4.694727e+01 2.713565e+01
    endloop
  endfacet
  facet normal -5.401596e-01 1.470071e-01 -8.286234e-01
    outer loop
      vertex 9.455560e+01 4.513126e+01 2.715689e+01
      vertex 9.508242e+01 4.694727e+01 2.713565e+01
      vertex 9.519436e+01 4.530445e+01 2.677122e+01
    endloop
  endfacet
  facet normal -3.827077e-01 1.751474e-01 -9.071153e-01
    outer loop
      vertex 9.519436e+01 4.530445e+01 2.677122e+01
      vertex 9.508242e+01 4.694727e+01 2.713565e+01
      vertex 9.576006e+01 4.712593e+01 2.688425e+01
    endloop
  endfacet
  facet normal -4.066954e-01 1.818629e-01 -8.952791e-01
    outer loop
      vertex 9.519436e+01 4.530445e+01 2.677122e+01
      vertex 9.576006e+01 4.712593e+01 2.688425e+01
      vertex 9.588865e+01 4.545988e+01 2.648740e+01
    endloop
  endfacet
  facet normal -2.430293e-01 2.069763e-01 -9.476801e-01
    outer loop
      vertex 9.588865e+01 4.545988e+01 2.648740e+01
      vertex 9.576006e+01 4.712593e+01 2.688425e+01
      vertex 9.647277e+01 4.728156e+01 2.673547e+01
    endloop
  endfacet
  facet normal -2.637272e-01 2.126841e-01 -9.408578e-01
    outer loop
      vertex 9.588865e+01 4.545988e+01 2.648740e+01
      vertex 9.647277e+01 4.728156e+01 2.673547e+01
      vertex 9.662217e+01 4.559388e+01 2.631209e+01
    endloop
  endfacet
  facet normal -9.792947e-02 2.339929e-01 -9.672937e-01
    outer loop
      vertex 9.662217e+01 4.559388e+01 2.631209e+01
      vertex 9.647277e+01 4.728156e+01 2.673547e+01
      vertex 9.720476e+01 4.741072e+01 2.669261e+01
    endloop
  endfacet
  facet normal -1.146015e-01 2.387128e-01 -9.643043e-01
    outer loop
      vertex 9.662217e+01 4.559388e+01 2.631209e+01
      vertex 9.720476e+01 4.741072e+01 2.669261e+01
      vertex 9.737771e+01 4.570332e+01 2.624939e+01
    endloop
  endfacet
  facet normal 4.935749e-02 2.556347e-01 -9.655126e-01
    outer loop
      vertex 9.737771e+01 4.570332e+01 2.624939e+01
      vertex 9.720476e+01 4.741072e+01 2.669261e+01
      vertex 9.793977e+01 4.751053e+01 2.675661e+01
    endloop
  endfacet
  facet normal 3.718273e-02 2.593000e-01 -9.650807e-01
    outer loop
      vertex 9.737771e+01 4.570332e+01 2.624939e+01
      vertex 9.793977e+01 4.751053e+01 2.675661e+01
      vertex 9.813754e+01 4.578562e+01 2.630077e+01
    endloop
  endfacet
  facet normal 1.955666e-01 2.714576e-01 -9.423718e-01
    outer loop
      vertex 9.813754e+01 4.578562e+01 2.630077e+01
      vertex 9.793977e+01 4.751053e+01 2.675661e+01
      vertex 9.866154e+01 4.757878e+01 2.692605e+01
    endloop
  endfacet
  facet normal 1.880771e-01 2.739284e-01 -9.431809e-01
    outer loop
      vertex 9.813754e+01 4.578562e+01 2.630077e+01
      vertex 9.866154e+01 4.757878e+01 2.692605e+01
      vertex 9.888380e+01 4.583885e+01 2.646505e+01
    endloop
  endfacet
  facet normal 3.937466e-01 -3.632692e-01 -8.443928e-01
    outer loop
      vertex 9.300908e+01 3.263428e+00 3.200516e+01
      vertex 9.951960e+01 3.263428e+00 3.504106e+01
      vertex 9.274562e+01 3.104314e+00 3.195076e+01
    endloop
  endfacet
  facet normal 3.869319e-01 -4.075064e-01 -8.271773e-01
    outer loop
      vertex 9.274562e+01 3.104314e+00 3.195076e+01
      vertex 9.951960e+01 3.263428e+00 3.504106e+01
      vertex 1.002907e+02 2.655875e+00 3.570107e+01
    endloop
  endfacet
  facet normal 3.799947e-01 -4.347122e-01 -8.164737e-01
    outer loop
      vertex 9.274562e+01 3.104314e+00 3.195076e+01
      vertex 1.002907e+02 2.655875e+00 3.570107e+01
      vertex 9.175182e+01 2.547542e+00 3.178467e+01
    endloop
  endfacet
  facet normal 3.561770e-01 -5.414002e-01 -7.615930e-01
    outer loop
      vertex 9.175182e+01 2.547542e+00 3.178467e+01
      vertex 1.002907e+02 2.655875e+00 3.570107e+01
      vertex 9.076892e+01 2.060362e+00 3.167132e+01
    endloop
  endfacet
  facet normal 3.617053e-01 -5.122308e-01 -7.789665e-01
    outer loop
      vertex 9.076892e+01 2.060362e+00 3.167132e+01
      vertex 1.002907e+02 2.655875e+00 3.570107e+01
      vertex 1.008353e+02 2.245497e+00 3.622381e+01
    endloop
  endfacet
  facet normal 3.292932e-01 -6.309542e-01 -7.024691e-01
    outer loop
      vertex 9.076892e+01 2.060362e+00 3.167132e+01
      vertex 1.008353e+02 2.245497e+00 3.622381e+01
      vertex 8.984846e+01 1.658817e+00 3.160051e+01
    endloop
  endfacet
  facet normal 3.364975e-01 -6.032284e-01 -7.231078e-01
    outer loop
      vertex 8.984846e+01 1.658817e+00 3.160051e+01
      vertex 1.008353e+02 2.245497e+00 3.622381e+01
      vertex 1.015417e+02 1.741814e+00 3.697272e+01
    endloop
  endfacet
  facet normal 3.020816e-01 -7.003788e-01 -6.466964e-01
    outer loop
      vertex 8.984846e+01 1.658817e+00 3.160051e+01
      vertex 1.015417e+02 1.741814e+00 3.697272e+01
      vertex 8.904086e+01 1.349831e+00 3.155790e+01
    endloop
  endfacet
  facet normal 3.034521e-01 -6.965931e-01 -6.501345e-01
    outer loop
      vertex 8.904086e+01 1.349831e+00 3.155790e+01
      vertex 1.015417e+02 1.741814e+00 3.697272e+01
      vertex 1.022103e+02 1.302447e+00 3.775556e+01
    endloop
  endfacet
  facet normal 2.794065e-01 -7.500623e-01 -5.994485e-01
    outer loop
      vertex 8.904086e+01 1.349831e+00 3.155790e+01
      vertex 1.022103e+02 1.302447e+00 3.775556e+01
      vertex 8.845431e+01 1.151579e+00 3.153257e+01
    endloop
  endfacet
  facet normal 2.754724e-01 -7.585311e-01 -5.905469e-01
    outer loop
      vertex 8.845431e+01 1.151579e+00 3.153257e+01
      vertex 1.022103e+02 1.302447e+00 3.775556e+01
      vertex 1.025194e+02 1.114563e+00 3.814108e+01
    endloop
  endfacet
  facet normal 2.678146e-01 -7.735743e-01 -5.743328e-01
    outer loop
      vertex 8.845431e+01 1.151579e+00 3.153257e+01
      vertex 1.025194e+02 1.114563e+00 3.814108e+01
      vertex 8.832730e+01 1.112834e+00 3.152553e+01
    endloop
  endfacet
  facet normal 2.585234e-01 -7.910820e-01 -5.543960e-01
    outer loop
      vertex 8.832730e+01 1.112834e+00 3.152553e+01
      vertex 1.025194e+02 1.114563e+00 3.814108e+01
      vertex 8.789272e+01 9.782999e-01 3.151485e+01
    endloop
  endfacet
  facet normal 2.569872e-01 -7.939880e-01 -5.509453e-01
    outer loop
      vertex 8.789272e+01 9.782999e-01 3.151485e+01
      vertex 1.025194e+02 1.114563e+00 3.814108e+01
      vertex 1.028111e+02 9.478937e-01 3.851730e+01
    endloop
  endfacet
  facet normal 2.424430e-01 -8.189936e-01 -5.200682e-01
    outer loop
      vertex 8.789272e+01 9.782999e-01 3.151485e+01
      vertex 1.028111e+02 9.478937e-01 3.851730e+01
      vertex 8.746202e+01 8.338043e-01 3.154162e+01
    endloop
  endfacet
  facet normal 2.468902e-01 -8.112742e-01 -5.299806e-01
    outer loop
      vertex 8.746202e+01 8.338043e-01 3.154162e+01
      vertex 1.028111e+02 9.478937e-01 3.851730e+01
      vertex 1.028237e+02 9.409881e-01 3.853376e+01
    endloop
  endfacet
  facet normal 2.199022e-01 -8.548241e-01 -4.700199e-01
    outer loop
      vertex 8.746202e+01 8.338043e-01 3.154162e+01
      vertex 1.028237e+02 9.409881e-01 3.853376e+01
      vertex 8.687426e+01 6.288377e-01 3.163940e+01
    endloop
  endfacet
  facet normal 2.320171e-01 -8.349987e-01 -4.989442e-01
    outer loop
      vertex 8.687426e+01 6.288377e-01 3.163940e+01
      vertex 1.028237e+02 9.409881e-01 3.853376e+01
      vertex 1.031849e+02 7.201886e-01 3.907122e+01
    endloop
  endfacet
  facet normal 1.890081e-01 -8.951037e-01 -4.038135e-01
    outer loop
      vertex 8.687426e+01 6.288377e-01 3.163940e+01
      vertex 1.031849e+02 7.201886e-01 3.907122e+01
      vertex 8.629970e+01 4.317498e-01 3.180734e+01
    endloop
  endfacet
  facet normal 2.035848e-01 -8.753787e-01 -4.384809e-01
    outer loop
      vertex 8.629970e+01 4.317498e-01 3.180734e+01
      vertex 1.031849e+02 7.201886e-01 3.907122e+01
      vertex 1.034308e+02 5.366076e-01 3.955188e+01
    endloop
  endfacet
  facet normal 1.749012e-01 -9.105589e-01 -3.745559e-01
    outer loop
      vertex 8.629970e+01 4.317498e-01 3.180734e+01
      vertex 1.034308e+02 5.366076e-01 3.955188e+01
      vertex 1.036246e+02 3.648202e-01 4.006002e+01
    endloop
  endfacet
  facet normal 1.527456e-01 -9.321698e-01 -3.282197e-01
    outer loop
      vertex 8.629970e+01 4.317498e-01 3.180734e+01
      vertex 1.036246e+02 3.648202e-01 4.006002e+01
      vertex 8.574341e+01 2.566663e-01 3.204571e+01
    endloop
  endfacet
  facet normal 1.409587e-01 -9.429006e-01 -3.017765e-01
    outer loop
      vertex 8.574341e+01 2.566663e-01 3.204571e+01
      vertex 1.036246e+02 3.648202e-01 4.006002e+01
      vertex 1.037634e+02 2.151638e-01 4.059243e+01
    endloop
  endfacet
  facet normal 1.131299e-01 -9.633558e-01 -2.432015e-01
    outer loop
      vertex 8.574341e+01 2.566663e-01 3.204571e+01
      vertex 1.037634e+02 2.151638e-01 4.059243e+01
      vertex 8.523070e+01 1.215449e-01 3.234245e+01
    endloop
  endfacet
  facet normal 1.039215e-01 -9.693902e-01 -2.224475e-01
    outer loop
      vertex 8.523070e+01 1.215449e-01 3.234245e+01
      vertex 1.037634e+02 2.151638e-01 4.059243e+01
      vertex 1.038418e+02 1.011222e-01 4.112606e+01
    endloop
  endfacet
  facet normal 7.017073e-02 -9.860441e-01 -1.509735e-01
    outer loop
      vertex 8.523070e+01 1.215449e-01 3.234245e+01
      vertex 1.038418e+02 1.011222e-01 4.112606e+01
      vertex 8.475011e+01 3.209125e-02 3.270332e+01
    endloop
  endfacet
  facet normal 6.422170e-02 -9.884219e-01 -1.374695e-01
    outer loop
      vertex 8.475011e+01 3.209125e-02 3.270332e+01
      vertex 1.038418e+02 1.011222e-01 4.112606e+01
      vertex 1.038622e+02 2.653439e-02 4.167188e+01
    endloop
  endfacet
  facet normal 2.384690e-02 -9.983915e-01 -5.143656e-02
    outer loop
      vertex 8.475011e+01 3.209125e-02 3.270332e+01
      vertex 1.038622e+02 2.653439e-02 4.167188e+01
      vertex 8.431251e+01 0.000000e+00 3.312334e+01
    endloop
  endfacet
  facet normal 2.176923e-02 -9.986725e-01 -4.668427e-02
    outer loop
      vertex 8.431251e+01 0.000000e+00 3.312334e+01
      vertex 1.038622e+02 2.653439e-02 4.167188e+01
      vertex 1.038224e+02 0.000000e+00 4.222094e+01
    endloop
  endfacet
  facet normal -5.786005e-01 2.023742e-02 -8.153600e-01
    outer loop
      vertex 9.242974e+01 5.559418e+01 2.997588e+01
      vertex 9.216911e+01 5.338952e+01 3.010611e+01
      vertex 9.172745e+01 5.628279e+01 3.049133e+01
    endloop
  endfacet
  facet normal -5.632466e-01 4.322984e-02 -8.251572e-01
    outer loop
      vertex 9.218114e+01 5.754725e+01 3.024789e+01
      vertex 9.242974e+01 5.559418e+01 2.997588e+01
      vertex 9.172745e+01 5.628279e+01 3.049133e+01
    endloop
  endfacet
  facet normal -3.906681e-01 5.291225e-02 -9.190096e-01
    outer loop
      vertex 9.147350e+01 6.142926e+01 3.080515e+01
      vertex 9.180712e+01 5.945339e+01 3.054956e+01
      vertex 9.088402e+01 6.078954e+01 3.101890e+01
    endloop
  endfacet
  facet normal -2.637830e-01 2.100036e-02 -9.643534e-01
    outer loop
      vertex 9.092308e+01 6.353175e+01 3.109522e+01
      vertex 9.052204e+01 6.240598e+01 3.118040e+01
      vertex 9.021294e+01 6.365875e+01 3.129223e+01
    endloop
  endfacet
  facet normal 3.317575e-01 3.608388e-01 -8.716263e-01
    outer loop
      vertex 9.195313e+01 6.728032e+01 3.179330e+01
      vertex 9.163505e+01 6.751356e+01 3.176879e+01
      vertex 9.243526e+01 6.707679e+01 3.189255e+01
    endloop
  endfacet
  facet normal 2.429820e-01 2.323997e-01 -9.417803e-01
    outer loop
      vertex 9.137691e+01 6.694782e+01 3.156259e+01
      vertex 9.163505e+01 6.751356e+01 3.176879e+01
      vertex 9.195313e+01 6.728032e+01 3.179330e+01
    endloop
  endfacet
  facet normal 9.623244e-02 1.091525e-01 -9.893559e-01
    outer loop
      vertex 8.959730e+01 6.803968e+01 3.154399e+01
      vertex 8.909834e+01 6.862954e+01 3.156053e+01
      vertex 8.994915e+01 6.829981e+01 3.160691e+01
    endloop
  endfacet
  facet normal 1.007155e-01 1.031370e-01 -9.895550e-01
    outer loop
      vertex 8.959730e+01 6.803968e+01 3.154399e+01
      vertex 8.994915e+01 6.829981e+01 3.160691e+01
      vertex 8.982287e+01 6.715302e+01 3.147453e+01
    endloop
  endfacet
  facet normal 4.767966e-02 1.268063e-02 -9.987822e-01
    outer loop
      vertex 8.845431e+01 6.884842e+01 3.153257e+01
      vertex 8.909834e+01 6.862954e+01 3.156053e+01
      vertex 8.868045e+01 6.835446e+01 3.153709e+01
    endloop
  endfacet
  facet normal 3.691425e-02 2.904464e-02 -9.988962e-01
    outer loop
      vertex 8.868045e+01 6.835446e+01 3.153709e+01
      vertex 8.909834e+01 6.862954e+01 3.156053e+01
      vertex 8.899674e+01 6.757955e+01 3.152625e+01
    endloop
  endfacet
  facet normal 3.291853e-01 3.395687e-01 -8.810959e-01
    outer loop
      vertex 9.804430e+01 5.368332e+01 2.901880e+01
      vertex 9.840679e+01 5.223900e+01 2.859760e+01
      vertex 9.772478e+01 5.215905e+01 2.831198e+01
    endloop
  endfacet
  facet normal 3.229156e-01 3.415950e-01 -8.826315e-01
    outer loop
      vertex 9.804430e+01 5.368332e+01 2.901880e+01
      vertex 9.772478e+01 5.215905e+01 2.831198e+01
      vertex 9.730911e+01 5.357989e+01 2.870979e+01
    endloop
  endfacet
  facet normal 1.904568e-01 3.159561e-01 -9.294612e-01
    outer loop
      vertex 9.730911e+01 5.357989e+01 2.870979e+01
      vertex 9.772478e+01 5.215905e+01 2.831198e+01
      vertex 9.701395e+01 5.204264e+01 2.812675e+01
    endloop
  endfacet
  facet normal 1.711410e-01 3.204989e-01 -9.316605e-01
    outer loop
      vertex 9.730911e+01 5.357989e+01 2.870979e+01
      vertex 9.701395e+01 5.204264e+01 2.812675e+01
      vertex 9.654166e+01 5.343430e+01 2.851873e+01
    endloop
  endfacet
  facet normal 4.743202e-02 2.856936e-01 -9.571464e-01
    outer loop
      vertex 9.654166e+01 5.343430e+01 2.851873e+01
      vertex 9.701395e+01 5.204264e+01 2.812675e+01
      vertex 9.629012e+01 5.189214e+01 2.804596e+01
    endloop
  endfacet
  facet normal 1.502036e-02 2.908300e-01 -9.566568e-01
    outer loop
      vertex 9.654166e+01 5.343430e+01 2.851873e+01
      vertex 9.629012e+01 5.189214e+01 2.804596e+01
      vertex 9.576181e+01 5.325023e+01 2.845053e+01
    endloop
  endfacet
  facet normal -9.670346e-02 2.494235e-01 -9.635540e-01
    outer loop
      vertex 9.576181e+01 5.325023e+01 2.845053e+01
      vertex 9.629012e+01 5.189214e+01 2.804596e+01
      vertex 9.556927e+01 5.171090e+01 2.807139e+01
    endloop
  endfacet
  facet normal -1.414097e-01 2.533942e-01 -9.569716e-01
    outer loop
      vertex 9.576181e+01 5.325023e+01 2.845053e+01
      vertex 9.556927e+01 5.171090e+01 2.807139e+01
      vertex 9.498975e+01 5.303244e+01 2.850695e+01
    endloop
  endfacet
  facet normal -2.387641e-01 2.079292e-01 -9.485553e-01
    outer loop
      vertex 9.556927e+01 5.171090e+01 2.807139e+01
      vertex 9.486736e+01 5.150291e+01 2.820247e+01
      vertex 9.498975e+01 5.303244e+01 2.850695e+01
    endloop
  endfacet
  facet normal -2.941134e-01 2.091820e-01 -9.325987e-01
    outer loop
      vertex 9.424545e+01 5.278657e+01 2.868653e+01
      vertex 9.498975e+01 5.303244e+01 2.850695e+01
      vertex 9.486736e+01 5.150291e+01 2.820247e+01
    endloop
  endfacet
  facet normal -3.756028e-01 1.621200e-01 -9.124909e-01
    outer loop
      vertex 9.486736e+01 5.150291e+01 2.820247e+01
      vertex 9.419991e+01 5.127278e+01 2.843632e+01
      vertex 9.424545e+01 5.278657e+01 2.868653e+01
    endloop
  endfacet
  facet normal -4.391430e-01 1.593508e-01 -8.841723e-01
    outer loop
      vertex 9.354816e+01 5.251896e+01 2.898463e+01
      vertex 9.424545e+01 5.278657e+01 2.868653e+01
      vertex 9.419991e+01 5.127278e+01 2.843632e+01
    endloop
  endfacet
  facet normal -5.041934e-01 1.130066e-01 -8.561651e-01
    outer loop
      vertex 9.419991e+01 5.127278e+01 2.843632e+01
      vertex 9.358171e+01 5.102560e+01 2.876776e+01
      vertex 9.354816e+01 5.251896e+01 2.898463e+01
    endloop
  endfacet
  facet normal -5.727620e-01 1.051894e-01 -8.129445e-01
    outer loop
      vertex 9.291592e+01 5.223656e+01 2.939353e+01
      vertex 9.354816e+01 5.251896e+01 2.898463e+01
      vertex 9.358171e+01 5.102560e+01 2.876776e+01
    endloop
  endfacet
  facet normal 3.323202e-01 3.343798e-01 -8.819032e-01
    outer loop
      vertex 9.644415e+01 5.898013e+01 3.043722e+01
      vertex 9.707826e+01 5.705666e+01 2.994687e+01
      vertex 9.642606e+01 5.692974e+01 2.965298e+01
    endloop
  endfacet
  facet normal 3.271831e-01 3.350604e-01 -8.835642e-01
    outer loop
      vertex 9.644415e+01 5.898013e+01 3.043722e+01
      vertex 9.642606e+01 5.692974e+01 2.965298e+01
      vertex 9.575303e+01 5.881855e+01 3.012003e+01
    endloop
  endfacet
  facet normal 1.999009e-01 3.017327e-01 -9.322000e-01
    outer loop
      vertex 9.575303e+01 5.881855e+01 3.012003e+01
      vertex 9.642606e+01 5.692974e+01 2.965298e+01
      vertex 9.574578e+01 5.676884e+01 2.945503e+01
    endloop
  endfacet
  facet normal 1.840459e-01 3.027406e-01 -9.351338e-01
    outer loop
      vertex 9.575303e+01 5.881855e+01 3.012003e+01
      vertex 9.574578e+01 5.676884e+01 2.945503e+01
      vertex 9.503072e+01 5.861889e+01 2.991323e+01
    endloop
  endfacet
  facet normal 6.320923e-02 2.628771e-01 -9.627566e-01
    outer loop
      vertex 9.503072e+01 5.861889e+01 2.991323e+01
      vertex 9.574578e+01 5.676884e+01 2.945503e+01
      vertex 9.505180e+01 5.657735e+01 2.935718e+01
    endloop
  endfacet
  facet normal 3.651002e-02 2.629708e-01 -9.641128e-01
    outer loop
      vertex 9.503072e+01 5.861889e+01 2.991323e+01
      vertex 9.505180e+01 5.657735e+01 2.935718e+01
      vertex 9.429466e+01 5.838597e+01 2.982183e+01
    endloop
  endfacet
  facet normal -7.484967e-02 2.186195e-01 -9.729353e-01
    outer loop
      vertex 9.429466e+01 5.838597e+01 2.982183e+01
      vertex 9.505180e+01 5.657735e+01 2.935718e+01
      vertex 9.435876e+01 5.635932e+01 2.936150e+01
    endloop
  endfacet
  facet normal -1.118561e-01 2.167370e-01 -9.698006e-01
    outer loop
      vertex 9.429466e+01 5.838597e+01 2.982183e+01
      vertex 9.435876e+01 5.635932e+01 2.936150e+01
      vertex 9.356268e+01 5.812545e+01 2.984803e+01
    endloop
  endfacet
  facet normal -2.113628e-01 1.698815e-01 -9.625310e-01
    outer loop
      vertex 9.435876e+01 5.635932e+01 2.936150e+01
      vertex 9.368131e+01 5.611934e+01 2.946791e+01
      vertex 9.356268e+01 5.812545e+01 2.984803e+01
    endloop
  endfacet
  facet normal -2.574755e-01 1.651711e-01 -9.520634e-01
    outer loop
      vertex 9.285245e+01 5.784361e+01 2.999121e+01
      vertex 9.356268e+01 5.812545e+01 2.984803e+01
      vertex 9.368131e+01 5.611934e+01 2.946791e+01
    endloop
  endfacet
  facet normal -3.434402e-01 1.176889e-01 -9.317715e-01
    outer loop
      vertex 9.368131e+01 5.611934e+01 2.946791e+01
      vertex 9.303374e+01 5.586248e+01 2.967415e+01
      vertex 9.285245e+01 5.784361e+01 2.999121e+01
    endloop
  endfacet
  facet normal -3.968220e-01 1.095335e-01 -9.113368e-01
    outer loop
      vertex 9.218114e+01 5.754725e+01 3.024789e+01
      vertex 9.285245e+01 5.784361e+01 2.999121e+01
      vertex 9.303374e+01 5.586248e+01 2.967415e+01
    endloop
  endfacet
  facet normal -4.682985e-01 6.313661e-02 -8.813117e-01
    outer loop
      vertex 9.303374e+01 5.586248e+01 2.967415e+01
      vertex 9.242974e+01 5.559418e+01 2.997588e+01
      vertex 9.218114e+01 5.754725e+01 3.024789e+01
    endloop
  endfacet
  facet normal 3.345553e-01 3.292697e-01 -8.829803e-01
    outer loop
      vertex 9.495124e+01 6.283124e+01 3.131485e+01
      vertex 9.574318e+01 6.089481e+01 3.089280e+01
      vertex 9.511124e+01 6.072039e+01 3.058832e+01
    endloop
  endfacet
  facet normal 3.292718e-01 3.295200e-01 -8.848711e-01
    outer loop
      vertex 9.495124e+01 6.283124e+01 3.131485e+01
      vertex 9.511124e+01 6.072039e+01 3.058832e+01
      vertex 9.428513e+01 6.261071e+01 3.098486e+01
    endloop
  endfacet
  facet normal 2.067165e-01 2.865790e-01 -9.354897e-01
    outer loop
      vertex 9.428513e+01 6.261071e+01 3.098486e+01
      vertex 9.511124e+01 6.072039e+01 3.058832e+01
      vertex 9.445109e+01 6.051332e+01 3.037902e+01
    endloop
  endfacet
  facet normal 1.904351e-01 2.863108e-01 -9.390211e-01
    outer loop
      vertex 9.428513e+01 6.261071e+01 3.098486e+01
      vertex 9.445109e+01 6.051332e+01 3.037902e+01
      vertex 9.358738e+01 6.235372e+01 3.076500e+01
    endloop
  endfacet
  facet normal 7.449802e-02 2.380600e-01 -9.683890e-01
    outer loop
      vertex 9.358738e+01 6.235372e+01 3.076500e+01
      vertex 9.445109e+01 6.051332e+01 3.037902e+01
      vertex 9.377654e+01 6.027794e+01 3.026926e+01
    endloop
  endfacet
  facet normal 4.707723e-02 2.360871e-01 -9.705908e-01
    outer loop
      vertex 9.358738e+01 6.235372e+01 3.076500e+01
      vertex 9.377654e+01 6.027794e+01 3.026926e+01
      vertex 9.287477e+01 6.206644e+01 3.066056e+01
    endloop
  endfacet
  facet normal -5.932259e-02 1.847177e-01 -9.809996e-01
    outer loop
      vertex 9.377654e+01 6.027794e+01 3.026926e+01
      vertex 9.310166e+01 6.001915e+01 3.026134e+01
      vertex 9.287477e+01 6.206644e+01 3.066056e+01
    endloop
  endfacet
  facet normal -9.734646e-02 1.800793e-01 -9.788233e-01
    outer loop
      vertex 9.216445e+01 6.175580e+01 3.067405e+01
      vertex 9.287477e+01 6.206644e+01 3.066056e+01
      vertex 9.310166e+01 6.001915e+01 3.026134e+01
    endloop
  endfacet
  facet normal -1.919449e-01 1.276598e-01 -9.730673e-01
    outer loop
      vertex 9.310166e+01 6.001915e+01 3.026134e+01
      vertex 9.244058e+01 5.974237e+01 3.035543e+01
      vertex 9.216445e+01 6.175580e+01 3.067405e+01
    endloop
  endfacet
  facet normal -2.393618e-01 1.196476e-01 -9.635302e-01
    outer loop
      vertex 9.147350e+01 6.142926e+01 3.080515e+01
      vertex 9.216445e+01 6.175580e+01 3.067405e+01
      vertex 9.244058e+01 5.974237e+01 3.035543e+01
    endloop
  endfacet
  facet normal -3.205923e-01 6.807645e-02 -9.447678e-01
    outer loop
      vertex 9.244058e+01 5.974237e+01 3.035543e+01
      vertex 9.180712e+01 5.945339e+01 3.054956e+01
      vertex 9.147350e+01 6.142926e+01 3.080515e+01
    endloop
  endfacet
  facet normal -4.431631e-01 8.702762e-03 -8.963988e-01
    outer loop
      vertex 9.088402e+01 6.078954e+01 3.101890e+01
      vertex 9.180712e+01 5.945339e+01 3.054956e+01
      vertex 9.121450e+01 5.915823e+01 3.083968e+01
    endloop
  endfacet
  facet normal 3.397228e-01 3.237241e-01 -8.830579e-01
    outer loop
      vertex 9.353173e+01 6.579262e+01 3.186312e+01
      vertex 9.396964e+01 6.494322e+01 3.172021e+01
      vertex 9.339101e+01 6.470853e+01 3.141156e+01
    endloop
  endfacet
  facet normal 3.281557e-01 3.266034e-01 -8.863657e-01
    outer loop
      vertex 9.353173e+01 6.579262e+01 3.186312e+01
      vertex 9.339101e+01 6.470853e+01 3.141156e+01
      vertex 9.287936e+01 6.550114e+01 3.151419e+01
    endloop
  endfacet
  facet normal 2.246540e-01 2.663881e-01 -9.373195e-01
    outer loop
      vertex 9.287936e+01 6.550114e+01 3.151419e+01
      vertex 9.339101e+01 6.470853e+01 3.141156e+01
      vertex 9.278516e+01 6.444470e+01 3.119137e+01
    endloop
  endfacet
  facet normal 1.901866e-01 2.713510e-01 -9.435028e-01
    outer loop
      vertex 9.287936e+01 6.550114e+01 3.151419e+01
      vertex 9.278516e+01 6.444470e+01 3.119137e+01
      vertex 9.219336e+01 6.517311e+01 3.128157e+01
    endloop
  endfacet
  facet normal 1.044731e-01 2.053767e-01 -9.730909e-01
    outer loop
      vertex 9.219336e+01 6.517311e+01 3.128157e+01
      vertex 9.278516e+01 6.444470e+01 3.119137e+01
      vertex 9.216383e+01 6.415685e+01 3.106391e+01
    endloop
  endfacet
  facet normal 4.819082e-02 2.078436e-01 -9.769742e-01
    outer loop
      vertex 9.219336e+01 6.517311e+01 3.128157e+01
      vertex 9.216383e+01 6.415685e+01 3.106391e+01
      vertex 9.149110e+01 6.481683e+01 3.117114e+01
    endloop
  endfacet
  facet normal -1.848639e-02 1.419461e-01 -9.897017e-01
    outer loop
      vertex 9.216383e+01 6.415685e+01 3.106391e+01
      vertex 9.153910e+01 6.385055e+01 3.103165e+01
      vertex 9.149110e+01 6.481683e+01 3.117114e+01
    endloop
  endfacet
  facet normal -9.422293e-02 1.376477e-01 -9.859894e-01
    outer loop
      vertex 9.079032e+01 6.444131e+01 3.118568e+01
      vertex 9.149110e+01 6.481683e+01 3.117114e+01
      vertex 9.153910e+01 6.385055e+01 3.103165e+01
    endloop
  endfacet
  facet normal 3.514671e-01 2.991838e-01 -8.871076e-01
    outer loop
      vertex 9.300908e+01 6.673657e+01 3.200516e+01
      vertex 9.246227e+01 6.633799e+01 3.165409e+01
      vertex 9.243526e+01 6.707679e+01 3.189255e+01
    endloop
  endfacet
  facet normal 1.526360e-01 1.693409e-01 -9.736663e-01
    outer loop
      vertex 9.084342e+01 6.790485e+01 3.167841e+01
      vertex 9.035987e+01 6.751891e+01 3.153548e+01
      vertex 8.994915e+01 6.829981e+01 3.160691e+01
    endloop
  endfacet
  facet normal 3.741722e-02 1.105244e-01 -9.931688e-01
    outer loop
      vertex 8.982287e+01 6.715302e+01 3.147453e+01
      vertex 8.994915e+01 6.829981e+01 3.160691e+01
      vertex 9.035987e+01 6.751891e+01 3.153548e+01
    endloop
  endfacet
  facet normal -2.543129e-02 7.163608e-02 -9.971066e-01
    outer loop
      vertex 8.899674e+01 6.757955e+01 3.152625e+01
      vertex 8.959730e+01 6.803968e+01 3.154399e+01
      vertex 8.982287e+01 6.715302e+01 3.147453e+01
    endloop
  endfacet
  facet normal -5.492268e-02 1.467017e-02 -9.983829e-01
    outer loop
      vertex 8.899674e+01 6.757955e+01 3.152625e+01
      vertex 8.982287e+01 6.715302e+01 3.147453e+01
      vertex 8.928731e+01 6.678079e+01 3.149853e+01
    endloop
  endfacet
  facet normal 4.881917e-03 3.216273e-02 -9.994707e-01
    outer loop
      vertex 8.899674e+01 6.757955e+01 3.152625e+01
      vertex 8.909834e+01 6.862954e+01 3.156053e+01
      vertex 8.959730e+01 6.803968e+01 3.154399e+01
    endloop
  endfacet
  facet normal -7.242336e-01 4.266050e-03 -6.895416e-01
    outer loop
      vertex 9.254630e+01 5.050243e+01 2.969209e+01
      vertex 9.216911e+01 5.338952e+01 3.010611e+01
      vertex 9.302642e+01 5.076685e+01 2.918944e+01
    endloop
  endfacet
  facet normal -6.407236e-01 5.813631e-02 -7.655674e-01
    outer loop
      vertex 9.302642e+01 5.076685e+01 2.918944e+01
      vertex 9.216911e+01 5.338952e+01 3.010611e+01
      vertex 9.291592e+01 5.223656e+01 2.939353e+01
    endloop
  endfacet
  facet normal -6.216978e-01 6.168547e-02 -7.808244e-01
    outer loop
      vertex 9.302642e+01 5.076685e+01 2.918944e+01
      vertex 9.291592e+01 5.223656e+01 2.939353e+01
      vertex 9.358171e+01 5.102560e+01 2.876776e+01
    endloop
  endfacet
  facet normal 3.334864e-01 3.320379e-01 -8.823478e-01
    outer loop
      vertex 9.574318e+01 6.089481e+01 3.089280e+01
      vertex 9.644415e+01 5.898013e+01 3.043722e+01
      vertex 9.511124e+01 6.072039e+01 3.058832e+01
    endloop
  endfacet
  facet normal 3.292710e-01 3.290438e-01 -8.850484e-01
    outer loop
      vertex 9.511124e+01 6.072039e+01 3.058832e+01
      vertex 9.644415e+01 5.898013e+01 3.043722e+01
      vertex 9.575303e+01 5.881855e+01 3.012003e+01
    endloop
  endfacet
  facet normal 2.023147e-01 2.979806e-01 -9.328861e-01
    outer loop
      vertex 9.511124e+01 6.072039e+01 3.058832e+01
      vertex 9.575303e+01 5.881855e+01 3.012003e+01
      vertex 9.445109e+01 6.051332e+01 3.037902e+01
    endloop
  endfacet
  facet normal 1.889548e-01 2.885938e-01 -9.386212e-01
    outer loop
      vertex 9.445109e+01 6.051332e+01 3.037902e+01
      vertex 9.575303e+01 5.881855e+01 3.012003e+01
      vertex 9.503072e+01 5.861889e+01 2.991323e+01
    endloop
  endfacet
  facet normal 6.699051e-02 2.575054e-01 -9.639519e-01
    outer loop
      vertex 9.445109e+01 6.051332e+01 3.037902e+01
      vertex 9.503072e+01 5.861889e+01 2.991323e+01
      vertex 9.377654e+01 6.027794e+01 3.026926e+01
    endloop
  endfacet
  facet normal 4.402274e-02 2.413218e-01 -9.694461e-01
    outer loop
      vertex 9.377654e+01 6.027794e+01 3.026926e+01
      vertex 9.503072e+01 5.861889e+01 2.991323e+01
      vertex 9.429466e+01 5.838597e+01 2.982183e+01
    endloop
  endfacet
  facet normal -6.965607e-02 2.114791e-01 -9.748972e-01
    outer loop
      vertex 9.377654e+01 6.027794e+01 3.026926e+01
      vertex 9.429466e+01 5.838597e+01 2.982183e+01
      vertex 9.310166e+01 6.001915e+01 3.026134e+01
    endloop
  endfacet
  facet normal -1.020056e-01 1.883576e-01 -9.767888e-01
    outer loop
      vertex 9.310166e+01 6.001915e+01 3.026134e+01
      vertex 9.429466e+01 5.838597e+01 2.982183e+01
      vertex 9.356268e+01 5.812545e+01 2.984803e+01
    endloop
  endfacet
  facet normal -2.047741e-01 1.608749e-01 -9.654983e-01
    outer loop
      vertex 9.310166e+01 6.001915e+01 3.026134e+01
      vertex 9.356268e+01 5.812545e+01 2.984803e+01
      vertex 9.244058e+01 5.974237e+01 3.035543e+01
    endloop
  endfacet
  facet normal -2.456001e-01 1.309690e-01 -9.604830e-01
    outer loop
      vertex 9.244058e+01 5.974237e+01 3.035543e+01
      vertex 9.356268e+01 5.812545e+01 2.984803e+01
      vertex 9.285245e+01 5.784361e+01 2.999121e+01
    endloop
  endfacet
  facet normal -3.355380e-01 1.067560e-01 -9.359580e-01
    outer loop
      vertex 9.244058e+01 5.974237e+01 3.035543e+01
      vertex 9.285245e+01 5.784361e+01 2.999121e+01
      vertex 9.180712e+01 5.945339e+01 3.054956e+01
    endloop
  endfacet
  facet normal -3.832796e-01 7.054365e-02 -9.209345e-01
    outer loop
      vertex 9.180712e+01 5.945339e+01 3.054956e+01
      vertex 9.285245e+01 5.784361e+01 2.999121e+01
      vertex 9.218114e+01 5.754725e+01 3.024789e+01
    endloop
  endfacet
  facet normal -4.592119e-01 5.025869e-02 -8.869039e-01
    outer loop
      vertex 9.180712e+01 5.945339e+01 3.054956e+01
      vertex 9.218114e+01 5.754725e+01 3.024789e+01
      vertex 9.121450e+01 5.915823e+01 3.083968e+01
    endloop
  endfacet
  facet normal -5.041878e-01 1.466332e-02 -8.634695e-01
    outer loop
      vertex 9.121450e+01 5.915823e+01 3.083968e+01
      vertex 9.218114e+01 5.754725e+01 3.024789e+01
      vertex 9.172745e+01 5.628279e+01 3.049133e+01
    endloop
  endfacet
  facet normal 3.344456e-01 3.264000e-01 -8.840867e-01
    outer loop
      vertex 9.447620e+01 6.389068e+01 3.152629e+01
      vertex 9.495124e+01 6.283124e+01 3.131485e+01
      vertex 9.385296e+01 6.366294e+01 3.120644e+01
    endloop
  endfacet
  facet normal 3.320915e-01 3.230140e-01 -8.862151e-01
    outer loop
      vertex 9.385296e+01 6.366294e+01 3.120644e+01
      vertex 9.495124e+01 6.283124e+01 3.131485e+01
      vertex 9.428513e+01 6.261071e+01 3.098486e+01
    endloop
  endfacet
  facet normal 2.046313e-01 2.814635e-01 -9.374990e-01
    outer loop
      vertex 9.385296e+01 6.366294e+01 3.120644e+01
      vertex 9.428513e+01 6.261071e+01 3.098486e+01
      vertex 9.320024e+01 6.340245e+01 3.098576e+01
    endloop
  endfacet
  facet normal 1.970424e-01 2.710703e-01 -9.421758e-01
    outer loop
      vertex 9.320024e+01 6.340245e+01 3.098576e+01
      vertex 9.428513e+01 6.261071e+01 3.098486e+01
      vertex 9.358738e+01 6.235372e+01 3.076500e+01
    endloop
  endfacet
  facet normal 7.043234e-02 2.303087e-01 -9.705654e-01
    outer loop
      vertex 9.320024e+01 6.340245e+01 3.098576e+01
      vertex 9.358738e+01 6.235372e+01 3.076500e+01
      vertex 9.253221e+01 6.311488e+01 3.086904e+01
    endloop
  endfacet
  facet normal 5.722835e-02 2.126716e-01 -9.754465e-01
    outer loop
      vertex 9.253221e+01 6.311488e+01 3.086904e+01
      vertex 9.358738e+01 6.235372e+01 3.076500e+01
      vertex 9.287477e+01 6.206644e+01 3.066056e+01
    endloop
  endfacet
  facet normal -6.525275e-02 1.740690e-01 -9.825690e-01
    outer loop
      vertex 9.253221e+01 6.311488e+01 3.086904e+01
      vertex 9.287477e+01 6.206644e+01 3.066056e+01
      vertex 9.186337e+01 6.280644e+01 3.085882e+01
    endloop
  endfacet
  facet normal -8.396652e-02 1.492060e-01 -9.852346e-01
    outer loop
      vertex 9.186337e+01 6.280644e+01 3.085882e+01
      vertex 9.287477e+01 6.206644e+01 3.066056e+01
      vertex 9.216445e+01 6.175580e+01 3.067405e+01
    endloop
  endfacet
  facet normal -1.994716e-01 1.139984e-01 -9.732499e-01
    outer loop
      vertex 9.186337e+01 6.280644e+01 3.085882e+01
      vertex 9.216445e+01 6.175580e+01 3.067405e+01
      vertex 9.120823e+01 6.248385e+01 3.095531e+01
    endloop
  endfacet
  facet normal -2.231313e-01 8.217750e-02 -9.713183e-01
    outer loop
      vertex 9.120823e+01 6.248385e+01 3.095531e+01
      vertex 9.216445e+01 6.175580e+01 3.067405e+01
      vertex 9.147350e+01 6.142926e+01 3.080515e+01
    endloop
  endfacet
  facet normal -3.168615e-01 5.511984e-02 -9.468689e-01
    outer loop
      vertex 9.120823e+01 6.248385e+01 3.095531e+01
      vertex 9.147350e+01 6.142926e+01 3.080515e+01
      vertex 9.052204e+01 6.240598e+01 3.118040e+01
    endloop
  endfacet
  facet normal -3.543235e-01 1.407365e-02 -9.350170e-01
    outer loop
      vertex 9.052204e+01 6.240598e+01 3.118040e+01
      vertex 9.147350e+01 6.142926e+01 3.080515e+01
      vertex 9.088402e+01 6.078954e+01 3.101890e+01
    endloop
  endfacet
  facet normal -2.669052e-01 2.558124e-03 -9.637193e-01
    outer loop
      vertex 9.021294e+01 6.365875e+01 3.129223e+01
      vertex 8.987644e+01 6.489890e+01 3.138872e+01
      vertex 9.092308e+01 6.353175e+01 3.109522e+01
    endloop
  endfacet
  facet normal -1.823712e-01 7.091301e-02 -9.806691e-01
    outer loop
      vertex 9.092308e+01 6.353175e+01 3.109522e+01
      vertex 8.987644e+01 6.489890e+01 3.138872e+01
      vertex 9.079032e+01 6.444131e+01 3.118568e+01
    endloop
  endfacet
  facet normal -1.419067e-01 7.743359e-02 -9.868467e-01
    outer loop
      vertex 9.092308e+01 6.353175e+01 3.109522e+01
      vertex 9.079032e+01 6.444131e+01 3.118568e+01
      vertex 9.153910e+01 6.385055e+01 3.103165e+01
    endloop
  endfacet
  facet normal 3.360520e-01 3.193879e-01 -8.860363e-01
    outer loop
      vertex 9.300908e+01 6.673657e+01 3.200516e+01
      vertex 9.353173e+01 6.579262e+01 3.186312e+01
      vertex 9.246227e+01 6.633799e+01 3.165409e+01
    endloop
  endfacet
  facet normal 3.342947e-01 3.150995e-01 -8.882338e-01
    outer loop
      vertex 9.246227e+01 6.633799e+01 3.165409e+01
      vertex 9.353173e+01 6.579262e+01 3.186312e+01
      vertex 9.287936e+01 6.550114e+01 3.151419e+01
    endloop
  endfacet
  facet normal 2.088574e-01 2.616203e-01 -9.423021e-01
    outer loop
      vertex 9.246227e+01 6.633799e+01 3.165409e+01
      vertex 9.287936e+01 6.550114e+01 3.151419e+01
      vertex 9.182621e+01 6.600782e+01 3.142144e+01
    endloop
  endfacet
  facet normal 2.027014e-01 2.479021e-01 -9.473419e-01
    outer loop
      vertex 9.182621e+01 6.600782e+01 3.142144e+01
      vertex 9.287936e+01 6.550114e+01 3.151419e+01
      vertex 9.219336e+01 6.517311e+01 3.128157e+01
    endloop
  endfacet
  facet normal 7.690023e-02 1.975822e-01 -9.772654e-01
    outer loop
      vertex 9.182621e+01 6.600782e+01 3.142144e+01
      vertex 9.219336e+01 6.517311e+01 3.128157e+01
      vertex 9.117332e+01 6.565247e+01 3.129822e+01
    endloop
  endfacet
  facet normal 6.596779e-02 1.744990e-01 -9.824451e-01
    outer loop
      vertex 9.117332e+01 6.565247e+01 3.129822e+01
      vertex 9.219336e+01 6.517311e+01 3.128157e+01
      vertex 9.149110e+01 6.481683e+01 3.117114e+01
    endloop
  endfacet
  facet normal -5.674613e-02 1.289864e-01 -9.900214e-01
    outer loop
      vertex 9.117332e+01 6.565247e+01 3.129822e+01
      vertex 9.149110e+01 6.481683e+01 3.117114e+01
      vertex 9.051845e+01 6.528001e+01 3.128723e+01
    endloop
  endfacet
  facet normal -7.242897e-02 9.671805e-02 -9.926730e-01
    outer loop
      vertex 9.051845e+01 6.528001e+01 3.128723e+01
      vertex 9.149110e+01 6.481683e+01 3.117114e+01
      vertex 9.079032e+01 6.444131e+01 3.118568e+01
    endloop
  endfacet
  facet normal -1.890446e-01 5.741627e-02 -9.802885e-01
    outer loop
      vertex 9.051845e+01 6.528001e+01 3.128723e+01
      vertex 9.079032e+01 6.444131e+01 3.118568e+01
      vertex 8.987644e+01 6.489890e+01 3.138872e+01
    endloop
  endfacet
  facet normal 1.788392e-01 1.367547e-01 -9.743279e-01
    outer loop
      vertex 9.084342e+01 6.790485e+01 3.167841e+01
      vertex 9.163505e+01 6.751356e+01 3.176879e+01
      vertex 9.035987e+01 6.751891e+01 3.153548e+01
    endloop
  endfacet
  facet normal 1.745758e-01 2.659022e-01 -9.480608e-01
    outer loop
      vertex 9.035987e+01 6.751891e+01 3.153548e+01
      vertex 9.163505e+01 6.751356e+01 3.176879e+01
      vertex 9.137691e+01 6.694782e+01 3.156259e+01
    endloop
  endfacet
  facet normal 1.216534e-01 1.702401e-01 -9.778644e-01
    outer loop
      vertex 9.035987e+01 6.751891e+01 3.153548e+01
      vertex 9.137691e+01 6.694782e+01 3.156259e+01
      vertex 9.078368e+01 6.659351e+01 3.142710e+01
    endloop
  endfacet
  facet normal 3.286816e-01 3.416547e-01 -8.804774e-01
    outer loop
      vertex 9.840679e+01 5.223900e+01 2.859760e+01
      vertex 9.904781e+01 4.934842e+01 2.771524e+01
      vertex 9.772478e+01 5.215905e+01 2.831198e+01
    endloop
  endfacet
  facet normal 3.237117e-01 3.398534e-01 -8.830121e-01
    outer loop
      vertex 9.772478e+01 5.215905e+01 2.831198e+01
      vertex 9.904781e+01 4.934842e+01 2.771524e+01
      vertex 9.830592e+01 4.929030e+01 2.742090e+01
    endloop
  endfacet
  facet normal 1.880627e-01 3.258869e-01 -9.265150e-01
    outer loop
      vertex 9.772478e+01 5.215905e+01 2.831198e+01
      vertex 9.830592e+01 4.929030e+01 2.742090e+01
      vertex 9.701395e+01 5.204264e+01 2.812675e+01
    endloop
  endfacet
  facet normal 1.724776e-01 3.198819e-01 -9.316260e-01
    outer loop
      vertex 9.701395e+01 5.204264e+01 2.812675e+01
      vertex 9.830592e+01 4.929030e+01 2.742090e+01
      vertex 9.753226e+01 4.918918e+01 2.724295e+01
    endloop
  endfacet
  facet normal 4.331902e-02 3.027572e-01 -9.520828e-01
    outer loop
      vertex 9.701395e+01 5.204264e+01 2.812675e+01
      vertex 9.753226e+01 4.918918e+01 2.724295e+01
      vertex 9.629012e+01 5.189214e+01 2.804596e+01
    endloop
  endfacet
  facet normal 1.680806e-02 2.918333e-01 -9.563215e-01
    outer loop
      vertex 9.629012e+01 5.189214e+01 2.804596e+01
      vertex 9.753226e+01 4.918918e+01 2.724295e+01
      vertex 9.674668e+01 4.904766e+01 2.718595e+01
    endloop
  endfacet
  facet normal -1.023356e-01 2.727978e-01 -9.566132e-01
    outer loop
      vertex 9.629012e+01 5.189214e+01 2.804596e+01
      vertex 9.674668e+01 4.904766e+01 2.718595e+01
      vertex 9.556927e+01 5.171090e+01 2.807139e+01
    endloop
  endfacet
  facet normal -1.393024e-01 2.564097e-01 -9.564774e-01
    outer loop
      vertex 9.556927e+01 5.171090e+01 2.807139e+01
      vertex 9.674668e+01 4.904766e+01 2.718595e+01
      vertex 9.596928e+01 4.886935e+01 2.725138e+01
    endloop
  endfacet
  facet normal -2.456880e-01 2.366813e-01 -9.400103e-01
    outer loop
      vertex 9.556927e+01 5.171090e+01 2.807139e+01
      vertex 9.596928e+01 4.886935e+01 2.725138e+01
      vertex 9.486736e+01 5.150291e+01 2.820247e+01
    endloop
  endfacet
  facet normal -2.918480e-01 2.145102e-01 -9.320998e-01
    outer loop
      vertex 9.486736e+01 5.150291e+01 2.820247e+01
      vertex 9.596928e+01 4.886935e+01 2.725138e+01
      vertex 9.521999e+01 4.865884e+01 2.743754e+01
    endloop
  endfacet
  facet normal -3.835647e-01 1.952162e-01 -9.026454e-01
    outer loop
      vertex 9.486736e+01 5.150291e+01 2.820247e+01
      vertex 9.521999e+01 4.865884e+01 2.743754e+01
      vertex 9.419991e+01 5.127278e+01 2.843632e+01
    endloop
  endfacet
  facet normal -4.369152e-01 1.672052e-01 -8.838255e-01
    outer loop
      vertex 9.419991e+01 5.127278e+01 2.843632e+01
      vertex 9.521999e+01 4.865884e+01 2.743754e+01
      vertex 9.451799e+01 4.842150e+01 2.773967e+01
    endloop
  endfacet
  facet normal -5.129172e-01 1.493262e-01 -8.453506e-01
    outer loop
      vertex 9.419991e+01 5.127278e+01 2.843632e+01
      vertex 9.451799e+01 4.842150e+01 2.773967e+01
      vertex 9.358171e+01 5.102560e+01 2.876776e+01
    endloop
  endfacet
  facet normal -5.708000e-01 1.157022e-01 -8.128963e-01
    outer loop
      vertex 9.358171e+01 5.102560e+01 2.876776e+01
      vertex 9.451799e+01 4.842150e+01 2.773967e+01
      vertex 9.388126e+01 4.816342e+01 2.815003e+01
    endloop
  endfacet
  facet normal -6.308878e-01 1.000258e-01 -7.693995e-01
    outer loop
      vertex 9.358171e+01 5.102560e+01 2.876776e+01
      vertex 9.388126e+01 4.816342e+01 2.815003e+01
      vertex 9.302642e+01 5.076685e+01 2.918944e+01
    endloop
  endfacet
  facet normal -6.900805e-01 6.131843e-02 -7.211303e-01
    outer loop
      vertex 9.302642e+01 5.076685e+01 2.918944e+01
      vertex 9.388126e+01 4.816342e+01 2.815003e+01
      vertex 9.332613e+01 4.789121e+01 2.865811e+01
    endloop
  endfacet
  facet normal -7.348674e-01 4.840082e-02 -6.764815e-01
    outer loop
      vertex 9.302642e+01 5.076685e+01 2.918944e+01
      vertex 9.332613e+01 4.789121e+01 2.865811e+01
      vertex 9.254630e+01 5.050243e+01 2.969209e+01
    endloop
  endfacet
  facet normal -7.916991e-01 5.454228e-03 -6.108868e-01
    outer loop
      vertex 9.254630e+01 5.050243e+01 2.969209e+01
      vertex 9.332613e+01 4.789121e+01 2.865811e+01
      vertex 9.286681e+01 4.761185e+01 2.925090e+01
    endloop
  endfacet
  facet normal 3.270445e-01 3.377256e-01 -8.826003e-01
    outer loop
      vertex 9.765241e+01 5.512609e+01 2.942566e+01
      vertex 9.804430e+01 5.368332e+01 2.901880e+01
      vertex 9.695220e+01 5.501233e+01 2.912267e+01
    endloop
  endfacet
  facet normal 3.244500e-01 3.357279e-01 -8.843184e-01
    outer loop
      vertex 9.695220e+01 5.501233e+01 2.912267e+01
      vertex 9.804430e+01 5.368332e+01 2.901880e+01
      vertex 9.730911e+01 5.357989e+01 2.870979e+01
    endloop
  endfacet
  facet normal 1.826673e-01 3.140488e-01 -9.316684e-01
    outer loop
      vertex 9.695220e+01 5.501233e+01 2.912267e+01
      vertex 9.730911e+01 5.357989e+01 2.870979e+01
      vertex 9.622149e+01 5.485995e+01 2.892804e+01
    endloop
  endfacet
  facet normal 1.744817e-01 3.077201e-01 -9.353419e-01
    outer loop
      vertex 9.622149e+01 5.485995e+01 2.892804e+01
      vertex 9.730911e+01 5.357989e+01 2.870979e+01
      vertex 9.654166e+01 5.343430e+01 2.851873e+01
    endloop
  endfacet
  facet normal 3.396742e-02 2.828320e-01 -9.585679e-01
    outer loop
      vertex 9.622149e+01 5.485995e+01 2.892804e+01
      vertex 9.654166e+01 5.343430e+01 2.851873e+01
      vertex 9.547767e+01 5.467257e+01 2.884639e+01
    endloop
  endfacet
  facet normal 1.999810e-02 2.717772e-01 -9.621524e-01
    outer loop
      vertex 9.547767e+01 5.467257e+01 2.884639e+01
      vertex 9.654166e+01 5.343430e+01 2.851873e+01
      vertex 9.576181e+01 5.325023e+01 2.845053e+01
    endloop
  endfacet
  facet normal -1.155282e-01 2.448430e-01 -9.626553e-01
    outer loop
      vertex 9.547767e+01 5.467257e+01 2.884639e+01
      vertex 9.576181e+01 5.325023e+01 2.845053e+01
      vertex 9.473845e+01 5.445464e+01 2.887968e+01
    endloop
  endfacet
  facet normal -1.349925e-01 2.288075e-01 -9.640665e-01
    outer loop
      vertex 9.473845e+01 5.445464e+01 2.887968e+01
      vertex 9.576181e+01 5.325023e+01 2.845053e+01
      vertex 9.498975e+01 5.303244e+01 2.850695e+01
    endloop
  endfacet
  facet normal -2.622603e-01 2.010152e-01 -9.438286e-01
    outer loop
      vertex 9.473845e+01 5.445464e+01 2.887968e+01
      vertex 9.498975e+01 5.303244e+01 2.850695e+01
      vertex 9.402142e+01 5.421137e+01 2.902710e+01
    endloop
  endfacet
  facet normal -2.864774e-01 1.798965e-01 -9.410462e-01
    outer loop
      vertex 9.402142e+01 5.421137e+01 2.902710e+01
      vertex 9.498975e+01 5.303244e+01 2.850695e+01
      vertex 9.424545e+01 5.278657e+01 2.868653e+01
    endloop
  endfacet
  facet normal -4.027398e-01 1.524108e-01 -9.025363e-01
    outer loop
      vertex 9.402142e+01 5.421137e+01 2.902710e+01
      vertex 9.424545e+01 5.278657e+01 2.868653e+01
      vertex 9.334366e+01 5.394853e+01 2.928516e+01
    endloop
  endfacet
  facet normal -4.305279e-01 1.262913e-01 -8.936980e-01
    outer loop
      vertex 9.334366e+01 5.394853e+01 2.928516e+01
      vertex 9.424545e+01 5.278657e+01 2.868653e+01
      vertex 9.354816e+01 5.251896e+01 2.898463e+01
    endloop
  endfacet
  facet normal -5.336332e-01 1.002028e-01 -8.397589e-01
    outer loop
      vertex 9.334366e+01 5.394853e+01 2.928516e+01
      vertex 9.354816e+01 5.251896e+01 2.898463e+01
      vertex 9.272128e+01 5.367239e+01 2.964770e+01
    endloop
  endfacet
  facet normal -5.634232e-01 6.935751e-02 -8.232520e-01
    outer loop
      vertex 9.272128e+01 5.367239e+01 2.964770e+01
      vertex 9.354816e+01 5.251896e+01 2.898463e+01
      vertex 9.291592e+01 5.223656e+01 2.939353e+01
    endloop
  endfacet
  facet normal -6.518272e-01 4.564481e-02 -7.569927e-01
    outer loop
      vertex 9.272128e+01 5.367239e+01 2.964770e+01
      vertex 9.291592e+01 5.223656e+01 2.939353e+01
      vertex 9.216911e+01 5.338952e+01 3.010611e+01
    endloop
  endfacet
  facet normal 3.316353e-01 3.365684e-01 -8.813284e-01
    outer loop
      vertex 9.707826e+01 5.705666e+01 2.994687e+01
      vertex 9.765241e+01 5.512609e+01 2.942566e+01
      vertex 9.642606e+01 5.692974e+01 2.965298e+01
    endloop
  endfacet
  facet normal 3.279911e-01 3.343677e-01 -8.835270e-01
    outer loop
      vertex 9.642606e+01 5.692974e+01 2.965298e+01
      vertex 9.765241e+01 5.512609e+01 2.942566e+01
      vertex 9.695220e+01 5.501233e+01 2.912267e+01
    endloop
  endfacet
  facet normal 1.969438e-01 3.111835e-01 -9.297194e-01
    outer loop
      vertex 9.642606e+01 5.692974e+01 2.965298e+01
      vertex 9.695220e+01 5.501233e+01 2.912267e+01
      vertex 9.574578e+01 5.676884e+01 2.945503e+01
    endloop
  endfacet
  facet normal 1.854516e-01 3.041742e-01 -9.343906e-01
    outer loop
      vertex 9.574578e+01 5.676884e+01 2.945503e+01
      vertex 9.695220e+01 5.501233e+01 2.912267e+01
      vertex 9.622149e+01 5.485995e+01 2.892804e+01
    endloop
  endfacet
  facet normal 5.813240e-02 2.791015e-01 -9.585004e-01
    outer loop
      vertex 9.574578e+01 5.676884e+01 2.945503e+01
      vertex 9.622149e+01 5.485995e+01 2.892804e+01
      vertex 9.505180e+01 5.657735e+01 2.935718e+01
    endloop
  endfacet
  facet normal 3.848096e-02 2.668350e-01 -9.629737e-01
    outer loop
      vertex 9.505180e+01 5.657735e+01 2.935718e+01
      vertex 9.622149e+01 5.485995e+01 2.892804e+01
      vertex 9.547767e+01 5.467257e+01 2.884639e+01
    endloop
  endfacet
  facet normal -8.186182e-02 2.410246e-01 -9.670603e-01
    outer loop
      vertex 9.505180e+01 5.657735e+01 2.935718e+01
      vertex 9.547767e+01 5.467257e+01 2.884639e+01
      vertex 9.435876e+01 5.635932e+01 2.936150e+01
    endloop
  endfacet
  facet normal -1.094206e-01 2.232162e-01 -9.686081e-01
    outer loop
      vertex 9.435876e+01 5.635932e+01 2.936150e+01
      vertex 9.547767e+01 5.467257e+01 2.884639e+01
      vertex 9.473845e+01 5.445464e+01 2.887968e+01
    endloop
  endfacet
  facet normal -2.200929e-01 1.977678e-01 -9.552209e-01
    outer loop
      vertex 9.435876e+01 5.635932e+01 2.936150e+01
      vertex 9.473845e+01 5.445464e+01 2.887968e+01
      vertex 9.368131e+01 5.611934e+01 2.946791e+01
    endloop
  endfacet
  facet normal -2.547209e-01 1.743459e-01 -9.511682e-01
    outer loop
      vertex 9.368131e+01 5.611934e+01 2.946791e+01
      vertex 9.473845e+01 5.445464e+01 2.887968e+01
      vertex 9.402142e+01 5.421137e+01 2.902710e+01
    endloop
  endfacet
  facet normal -3.536399e-01 1.502590e-01 -9.232340e-01
    outer loop
      vertex 9.368131e+01 5.611934e+01 2.946791e+01
      vertex 9.402142e+01 5.421137e+01 2.902710e+01
      vertex 9.303374e+01 5.586248e+01 2.967415e+01
    endloop
  endfacet
  facet normal -3.939579e-01 1.213779e-01 -9.110788e-01
    outer loop
      vertex 9.303374e+01 5.586248e+01 2.967415e+01
      vertex 9.402142e+01 5.421137e+01 2.902710e+01
      vertex 9.334366e+01 5.394853e+01 2.928516e+01
    endloop
  endfacet
  facet normal -4.796917e-01 9.950773e-02 -8.717764e-01
    outer loop
      vertex 9.303374e+01 5.586248e+01 2.967415e+01
      vertex 9.334366e+01 5.394853e+01 2.928516e+01
      vertex 9.242974e+01 5.559418e+01 2.997588e+01
    endloop
  endfacet
  facet normal -5.238231e-01 6.556529e-02 -8.493000e-01
    outer loop
      vertex 9.242974e+01 5.559418e+01 2.997588e+01
      vertex 9.334366e+01 5.394853e+01 2.928516e+01
      vertex 9.272128e+01 5.367239e+01 2.964770e+01
    endloop
  endfacet
  facet normal -6.479825e-01 3.165072e-02 -7.609973e-01
    outer loop
      vertex 9.242974e+01 5.559418e+01 2.997588e+01
      vertex 9.272128e+01 5.367239e+01 2.964770e+01
      vertex 9.216911e+01 5.338952e+01 3.010611e+01
    endloop
  endfacet
  facet normal 3.387540e-01 3.256637e-01 -8.827167e-01
    outer loop
      vertex 9.396964e+01 6.494322e+01 3.172021e+01
      vertex 9.447620e+01 6.389068e+01 3.152629e+01
      vertex 9.339101e+01 6.470853e+01 3.141156e+01
    endloop
  endfacet
  facet normal 3.363846e-01 3.222156e-01 -8.848855e-01
    outer loop
      vertex 9.339101e+01 6.470853e+01 3.141156e+01
      vertex 9.447620e+01 6.389068e+01 3.152629e+01
      vertex 9.385296e+01 6.366294e+01 3.120644e+01
    endloop
  endfacet
  facet normal 2.179955e-01 2.797416e-01 -9.349988e-01
    outer loop
      vertex 9.339101e+01 6.470853e+01 3.141156e+01
      vertex 9.385296e+01 6.366294e+01 3.120644e+01
      vertex 9.278516e+01 6.444470e+01 3.119137e+01
    endloop
  endfacet
  facet normal 2.103281e-01 2.691754e-01 -9.398440e-01
    outer loop
      vertex 9.278516e+01 6.444470e+01 3.119137e+01
      vertex 9.385296e+01 6.366294e+01 3.120644e+01
      vertex 9.320024e+01 6.340245e+01 3.098576e+01
    endloop
  endfacet
  facet normal 9.306430e-02 2.282541e-01 -9.691435e-01
    outer loop
      vertex 9.278516e+01 6.444470e+01 3.119137e+01
      vertex 9.320024e+01 6.340245e+01 3.098576e+01
      vertex 9.216383e+01 6.415685e+01 3.106391e+01
    endloop
  endfacet
  facet normal 7.966968e-02 2.103930e-01 -9.743652e-01
    outer loop
      vertex 9.216383e+01 6.415685e+01 3.106391e+01
      vertex 9.320024e+01 6.340245e+01 3.098576e+01
      vertex 9.253221e+01 6.311488e+01 3.086904e+01
    endloop
  endfacet
  facet normal -3.360719e-02 1.722372e-01 -9.844821e-01
    outer loop
      vertex 9.216383e+01 6.415685e+01 3.106391e+01
      vertex 9.253221e+01 6.311488e+01 3.086904e+01
      vertex 9.153910e+01 6.385055e+01 3.103165e+01
    endloop
  endfacet
  facet normal -5.274495e-02 1.471163e-01 -9.877118e-01
    outer loop
      vertex 9.153910e+01 6.385055e+01 3.103165e+01
      vertex 9.253221e+01 6.311488e+01 3.086904e+01
      vertex 9.186337e+01 6.280644e+01 3.085882e+01
    endloop
  endfacet
  facet normal -1.595683e-01 1.127829e-01 -9.807233e-01
    outer loop
      vertex 9.153910e+01 6.385055e+01 3.103165e+01
      vertex 9.186337e+01 6.280644e+01 3.085882e+01
      vertex 9.092308e+01 6.353175e+01 3.109522e+01
    endloop
  endfacet
  facet normal -1.840202e-01 8.071820e-02 -9.796025e-01
    outer loop
      vertex 9.092308e+01 6.353175e+01 3.109522e+01
      vertex 9.186337e+01 6.280644e+01 3.085882e+01
      vertex 9.120823e+01 6.248385e+01 3.095531e+01
    endloop
  endfacet
  facet normal -3.156019e-01 4.069603e-02 -9.480187e-01
    outer loop
      vertex 9.092308e+01 6.353175e+01 3.109522e+01
      vertex 9.120823e+01 6.248385e+01 3.095531e+01
      vertex 9.052204e+01 6.240598e+01 3.118040e+01
    endloop
  endfacet
  facet normal -1.648819e-01 1.513928e-02 -9.861971e-01
    outer loop
      vertex 8.987644e+01 6.489890e+01 3.138872e+01
      vertex 8.959336e+01 6.584783e+01 3.145061e+01
      vertex 9.051845e+01 6.528001e+01 3.128723e+01
    endloop
  endfacet
  facet normal -1.389711e-01 5.804272e-02 -9.885939e-01
    outer loop
      vertex 9.051845e+01 6.528001e+01 3.128723e+01
      vertex 8.959336e+01 6.584783e+01 3.145061e+01
      vertex 9.018520e+01 6.622440e+01 3.138953e+01
    endloop
  endfacet
  facet normal -3.713730e-02 9.465068e-02 -9.948176e-01
    outer loop
      vertex 9.051845e+01 6.528001e+01 3.128723e+01
      vertex 9.018520e+01 6.622440e+01 3.138953e+01
      vertex 9.117332e+01 6.565247e+01 3.129822e+01
    endloop
  endfacet
  facet normal -1.712389e-02 1.287038e-01 -9.915352e-01
    outer loop
      vertex 9.117332e+01 6.565247e+01 3.129822e+01
      vertex 9.018520e+01 6.622440e+01 3.138953e+01
      vertex 9.078368e+01 6.659351e+01 3.142710e+01
    endloop
  endfacet
  facet normal 9.140057e-02 1.721721e-01 -9.808174e-01
    outer loop
      vertex 9.117332e+01 6.565247e+01 3.129822e+01
      vertex 9.078368e+01 6.659351e+01 3.142710e+01
      vertex 9.182621e+01 6.600782e+01 3.142144e+01
    endloop
  endfacet
  facet normal 1.051840e-01 1.966490e-01 -9.748157e-01
    outer loop
      vertex 9.182621e+01 6.600782e+01 3.142144e+01
      vertex 9.078368e+01 6.659351e+01 3.142710e+01
      vertex 9.137691e+01 6.694782e+01 3.156259e+01
    endloop
  endfacet
  facet normal 2.178067e-01 2.459283e-01 -9.444996e-01
    outer loop
      vertex 9.182621e+01 6.600782e+01 3.142144e+01
      vertex 9.137691e+01 6.694782e+01 3.156259e+01
      vertex 9.246227e+01 6.633799e+01 3.165409e+01
    endloop
  endfacet
  facet normal 2.255317e-01 2.605396e-01 -9.387516e-01
    outer loop
      vertex 9.246227e+01 6.633799e+01 3.165409e+01
      vertex 9.137691e+01 6.694782e+01 3.156259e+01
      vertex 9.195313e+01 6.728032e+01 3.179330e+01
    endloop
  endfacet
  facet normal 3.128924e-01 3.020855e-01 -9.004680e-01
    outer loop
      vertex 9.246227e+01 6.633799e+01 3.165409e+01
      vertex 9.195313e+01 6.728032e+01 3.179330e+01
      vertex 9.243526e+01 6.707679e+01 3.189255e+01
    endloop
  endfacet
  facet normal 2.546550e-02 1.277833e-01 -9.914751e-01
    outer loop
      vertex 9.035987e+01 6.751891e+01 3.153548e+01
      vertex 9.078368e+01 6.659351e+01 3.142710e+01
      vertex 8.982287e+01 6.715302e+01 3.147453e+01
    endloop
  endfacet
  facet normal 5.076841e-03 9.312495e-02 -9.956415e-01
    outer loop
      vertex 8.982287e+01 6.715302e+01 3.147453e+01
      vertex 9.078368e+01 6.659351e+01 3.142710e+01
      vertex 9.018520e+01 6.622440e+01 3.138953e+01
    endloop
  endfacet
  facet normal -8.484183e-02 5.795436e-02 -9.947076e-01
    outer loop
      vertex 8.982287e+01 6.715302e+01 3.147453e+01
      vertex 9.018520e+01 6.622440e+01 3.138953e+01
      vertex 8.928731e+01 6.678079e+01 3.149853e+01
    endloop
  endfacet
  facet normal -1.117117e-01 1.438216e-02 -9.936366e-01
    outer loop
      vertex 8.928731e+01 6.678079e+01 3.149853e+01
      vertex 9.018520e+01 6.622440e+01 3.138953e+01
      vertex 8.959336e+01 6.584783e+01 3.145061e+01
    endloop
  endfacet
  facet normal -7.348096e-01 -1.785977e-02 -6.780383e-01
    outer loop
      vertex 9.312246e+01 2.008599e+01 2.903449e+01
      vertex 9.239999e+01 1.832283e+01 2.986389e+01
      vertex 9.286681e+01 2.238815e+01 2.925091e+01
    endloop
  endfacet
  facet normal -5.522231e-01 -1.702418e-02 -8.335226e-01
    outer loop
      vertex 9.151949e+01 1.249628e+01 3.064385e+01
      vertex 9.199276e+01 1.540122e+01 3.027098e+01
      vertex 9.230908e+01 1.367568e+01 3.009665e+01
    endloop
  endfacet
  facet normal -4.692209e-01 -1.207502e-02 -8.829983e-01
    outer loop
      vertex 9.199481e+01 1.147353e+01 3.040526e+01
      vertex 9.096807e+01 9.610560e+00 3.097634e+01
      vertex 9.151949e+01 1.249628e+01 3.064385e+01
    endloop
  endfacet
  facet normal -5.231785e-01 -4.460356e-02 -8.510551e-01
    outer loop
      vertex 9.151949e+01 1.249628e+01 3.064385e+01
      vertex 9.230908e+01 1.367568e+01 3.009665e+01
      vertex 9.199481e+01 1.147353e+01 3.040526e+01
    endloop
  endfacet
  facet normal -3.123552e-01 -2.462114e-02 -9.496463e-01
    outer loop
      vertex 9.096807e+01 9.610560e+00 3.097634e+01
      vertex 9.124313e+01 7.650377e+00 3.093669e+01
      vertex 9.042105e+01 7.172265e+00 3.121948e+01
    endloop
  endfacet
  facet normal 3.348365e-01 -3.240587e-01 -8.847997e-01
    outer loop
      vertex 9.457330e+01 6.320056e+00 3.148545e+01
      vertex 9.383106e+01 4.782057e+00 3.176785e+01
      vertex 9.390968e+01 6.470992e+00 3.117903e+01
    endloop
  endfacet
  facet normal 3.346631e-01 -3.245723e-01 -8.846770e-01
    outer loop
      vertex 9.455661e+01 8.089600e+00 3.082992e+01
      vertex 9.457330e+01 6.320056e+00 3.148545e+01
      vertex 9.390968e+01 6.470992e+00 3.117903e+01
    endloop
  endfacet
  facet normal -2.438190e-01 -2.134666e-02 -9.695858e-01
    outer loop
      vertex 9.011535e+01 5.968677e+00 3.132285e+01
      vertex 9.042105e+01 7.172265e+00 3.121948e+01
      vertex 9.080116e+01 6.045303e+00 3.114871e+01
    endloop
  endfacet
  facet normal -2.396253e-01 -5.786564e-02 -9.691395e-01
    outer loop
      vertex 9.011535e+01 5.968677e+00 3.132285e+01
      vertex 9.080116e+01 6.045303e+00 3.114871e+01
      vertex 9.067230e+01 5.186815e+00 3.123183e+01
    endloop
  endfacet
  facet normal 3.412559e-01 -3.235646e-01 -8.825249e-01
    outer loop
      vertex 9.390968e+01 6.470992e+00 3.117903e+01
      vertex 9.383106e+01 4.782057e+00 3.176785e+01
      vertex 9.319421e+01 4.869439e+00 3.148956e+01
    endloop
  endfacet
  facet normal 2.293839e-01 -2.435313e-01 -9.423776e-01
    outer loop
      vertex 9.175182e+01 2.547542e+00 3.178467e+01
      vertex 9.076892e+01 2.060362e+00 3.167132e+01
      vertex 9.122608e+01 2.755897e+00 3.160286e+01
    endloop
  endfacet
  facet normal 1.724775e-01 -2.263020e-01 -9.586652e-01
    outer loop
      vertex 9.076892e+01 2.060362e+00 3.167132e+01
      vertex 8.984846e+01 1.658817e+00 3.160051e+01
      vertex 9.048200e+01 2.030416e+00 3.162677e+01
    endloop
  endfacet
  facet normal 1.687275e-01 -1.729596e-01 -9.703690e-01
    outer loop
      vertex 9.065271e+01 3.109888e+00 3.146405e+01
      vertex 9.076892e+01 2.060362e+00 3.167132e+01
      vertex 9.048200e+01 2.030416e+00 3.162677e+01
    endloop
  endfacet
  facet normal 9.367564e-02 -1.083767e-01 -9.896864e-01
    outer loop
      vertex 8.984846e+01 1.658817e+00 3.160051e+01
      vertex 8.904086e+01 1.349831e+00 3.155790e+01
      vertex 8.947632e+01 1.712685e+00 3.155939e+01
    endloop
  endfacet
  facet normal 9.289123e-02 -1.134205e-01 -9.891951e-01
    outer loop
      vertex 8.983799e+01 2.481707e+00 3.150517e+01
      vertex 8.984846e+01 1.658817e+00 3.160051e+01
      vertex 8.947632e+01 1.712685e+00 3.155939e+01
    endloop
  endfacet
  facet normal 3.317218e-01 -3.383116e-01 -8.806281e-01
    outer loop
      vertex 9.745688e+01 1.667415e+01 2.865985e+01
      vertex 9.811418e+01 1.658625e+01 2.894122e+01
      vertex 9.751505e+01 1.439358e+01 2.955790e+01
    endloop
  endfacet
  facet normal 3.277441e-01 -3.389088e-01 -8.818870e-01
    outer loop
      vertex 9.682664e+01 1.451069e+01 2.925705e+01
      vertex 9.745688e+01 1.667415e+01 2.865985e+01
      vertex 9.751505e+01 1.439358e+01 2.955790e+01
    endloop
  endfacet
  facet normal 1.980007e-01 -3.139941e-01 -9.285492e-01
    outer loop
      vertex 9.677209e+01 1.679626e+01 2.847254e+01
      vertex 9.745688e+01 1.667415e+01 2.865985e+01
      vertex 9.682664e+01 1.451069e+01 2.925705e+01
    endloop
  endfacet
  facet normal 1.856781e-01 -3.150396e-01 -9.307383e-01
    outer loop
      vertex 9.610833e+01 1.466525e+01 2.906143e+01
      vertex 9.677209e+01 1.679626e+01 2.847254e+01
      vertex 9.682664e+01 1.451069e+01 2.925705e+01
    endloop
  endfacet
  facet normal 6.014560e-02 -2.832411e-01 -9.571609e-01
    outer loop
      vertex 9.607402e+01 1.695007e+01 2.838316e+01
      vertex 9.677209e+01 1.679626e+01 2.847254e+01
      vertex 9.610833e+01 1.466525e+01 2.906143e+01
    endloop
  endfacet
  facet normal 3.934805e-02 -2.838230e-01 -9.580690e-01
    outer loop
      vertex 9.537673e+01 1.485369e+01 2.897556e+01
      vertex 9.607402e+01 1.695007e+01 2.838316e+01
      vertex 9.610833e+01 1.466525e+01 2.906143e+01
    endloop
  endfacet
  facet normal -7.896393e-02 -2.466765e-01 -9.658754e-01
    outer loop
      vertex 9.537717e+01 1.713237e+01 2.839357e+01
      vertex 9.607402e+01 1.695007e+01 2.838316e+01
      vertex 9.537673e+01 1.485369e+01 2.897556e+01
    endloop
  endfacet
  facet normal -1.078767e-01 -2.459998e-01 -9.632480e-01
    outer loop
      vertex 9.464875e+01 1.507165e+01 2.900143e+01
      vertex 9.537717e+01 1.713237e+01 2.839357e+01
      vertex 9.537673e+01 1.485369e+01 2.897556e+01
    endloop
  endfacet
  facet normal -2.164429e-01 -2.050491e-01 -9.545194e-01
    outer loop
      vertex 9.464875e+01 1.507165e+01 2.900143e+01
      vertex 9.469601e+01 1.733938e+01 2.850356e+01
      vertex 9.537717e+01 1.713237e+01 2.839357e+01
    endloop
  endfacet
  facet normal -2.525856e-01 -2.024596e-01 -9.461557e-01
    outer loop
      vertex 9.469601e+01 1.733938e+01 2.850356e+01
      vertex 9.464875e+01 1.507165e+01 2.900143e+01
      vertex 9.394123e+01 1.531408e+01 2.913843e+01
    endloop
  endfacet
  facet normal -3.494248e-01 -1.592169e-01 -9.233376e-01
    outer loop
      vertex 9.394123e+01 1.531408e+01 2.913843e+01
      vertex 9.404466e+01 1.756680e+01 2.871084e+01
      vertex 9.469601e+01 1.733938e+01 2.850356e+01
    endloop
  endfacet
  facet normal -3.914334e-01 -1.542233e-01 -9.071907e-01
    outer loop
      vertex 9.404466e+01 1.756680e+01 2.871084e+01
      vertex 9.394123e+01 1.531408e+01 2.913843e+01
      vertex 9.327053e+01 1.557539e+01 2.938340e+01
    endloop
  endfacet
  facet normal -4.751652e-01 -1.101194e-01 -8.729787e-01
    outer loop
      vertex 9.327053e+01 1.557539e+01 2.938340e+01
      vertex 9.343666e+01 1.780992e+01 2.901111e+01
      vertex 9.404466e+01 1.756680e+01 2.871084e+01
    endloop
  endfacet
  facet normal -5.212238e-01 -1.024090e-01 -8.472533e-01
    outer loop
      vertex 9.343666e+01 1.780992e+01 2.901111e+01
      vertex 9.327053e+01 1.557539e+01 2.938340e+01
      vertex 9.265217e+01 1.584952e+01 2.973068e+01
    endloop
  endfacet
  facet normal 3.342181e-01 -3.336824e-01 -8.814501e-01
    outer loop
      vertex 9.621067e+01 1.234173e+01 2.984733e+01
      vertex 9.684422e+01 1.221004e+01 3.013740e+01
      vertex 9.609336e+01 1.003619e+01 3.067564e+01
    endloop
  endfacet
  facet normal 3.301922e-01 -3.339816e-01 -8.828530e-01
    outer loop
      vertex 9.543227e+01 1.020446e+01 3.036473e+01
      vertex 9.621067e+01 1.234173e+01 2.984733e+01
      vertex 9.609336e+01 1.003619e+01 3.067564e+01
    endloop
  endfacet
  facet normal 2.056615e-01 -3.003762e-01 -9.313847e-01
    outer loop
      vertex 9.555000e+01 1.250571e+01 2.964856e+01
      vertex 9.621067e+01 1.234173e+01 2.984733e+01
      vertex 9.543227e+01 1.020446e+01 3.036473e+01
    endloop
  endfacet
  facet normal 1.932081e-01 -3.005504e-01 -9.339914e-01
    outer loop
      vertex 9.474151e+01 1.040799e+01 3.015634e+01
      vertex 9.555000e+01 1.250571e+01 2.964856e+01
      vertex 9.543227e+01 1.020446e+01 3.036473e+01
    endloop
  endfacet
  facet normal 7.293865e-02 -2.611096e-01 -9.625496e-01
    outer loop
      vertex 9.487551e+01 1.269867e+01 2.954510e+01
      vertex 9.555000e+01 1.250571e+01 2.964856e+01
      vertex 9.474151e+01 1.040799e+01 3.015634e+01
    endloop
  endfacet
  facet normal 5.191041e-02 -2.603014e-01 -9.641309e-01
    outer loop
      vertex 9.403659e+01 1.064219e+01 3.005515e+01
      vertex 9.487551e+01 1.269867e+01 2.954510e+01
      vertex 9.474151e+01 1.040799e+01 3.015634e+01
    endloop
  endfacet
  facet normal -6.126351e-02 -2.166609e-01 -9.743227e-01
    outer loop
      vertex 9.420076e+01 1.291673e+01 2.953904e+01
      vertex 9.487551e+01 1.269867e+01 2.954510e+01
      vertex 9.403659e+01 1.064219e+01 3.005515e+01
    endloop
  endfacet
  facet normal -9.053073e-02 -2.141565e-01 -9.725951e-01
    outer loop
      vertex 9.333336e+01 1.090182e+01 3.006345e+01
      vertex 9.420076e+01 1.291673e+01 2.953904e+01
      vertex 9.403659e+01 1.064219e+01 3.005515e+01
    endloop
  endfacet
  facet normal -1.942417e-01 -1.679171e-01 -9.664751e-01
    outer loop
      vertex 9.333336e+01 1.090182e+01 3.006345e+01
      vertex 9.353932e+01 1.315551e+01 2.963049e+01
      vertex 9.420076e+01 1.291673e+01 2.953904e+01
    endloop
  endfacet
  facet normal -2.309092e-01 -1.631677e-01 -9.591962e-01
    outer loop
      vertex 9.353932e+01 1.315551e+01 2.963049e+01
      vertex 9.333336e+01 1.090182e+01 3.006345e+01
      vertex 9.264763e+01 1.118102e+01 3.018103e+01
    endloop
  endfacet
  facet normal -3.233209e-01 -1.158505e-01 -9.391710e-01
    outer loop
      vertex 9.264763e+01 1.118102e+01 3.018103e+01
      vertex 9.290451e+01 1.341020e+01 2.981762e+01
      vertex 9.353932e+01 1.315551e+01 2.963049e+01
    endloop
  endfacet
  facet normal -3.660699e-01 -1.084904e-01 -9.242416e-01
    outer loop
      vertex 9.290451e+01 1.341020e+01 2.981762e+01
      vertex 9.264763e+01 1.118102e+01 3.018103e+01
      vertex 9.199481e+01 1.147353e+01 3.040526e+01
    endloop
  endfacet
  facet normal -4.458935e-01 -6.150687e-02 -8.929703e-01
    outer loop
      vertex 9.199481e+01 1.147353e+01 3.040526e+01
      vertex 9.230908e+01 1.367568e+01 3.009665e+01
      vertex 9.290451e+01 1.341020e+01 2.981762e+01
    endloop
  endfacet
  facet normal 3.317138e-01 -3.298313e-01 -8.838423e-01
    outer loop
      vertex 9.543227e+01 1.020446e+01 3.036473e+01
      vertex 9.609336e+01 1.003619e+01 3.067564e+01
      vertex 9.525032e+01 7.873988e+00 3.116612e+01
    endloop
  endfacet
  facet normal 3.266392e-01 -3.300556e-01 -8.856467e-01
    outer loop
      vertex 9.455661e+01 8.089600e+00 3.082992e+01
      vertex 9.543227e+01 1.020446e+01 3.036473e+01
      vertex 9.525032e+01 7.873988e+00 3.116612e+01
    endloop
  endfacet
  facet normal 1.978061e-01 -2.880028e-01 -9.369777e-01
    outer loop
      vertex 9.474151e+01 1.040799e+01 3.015634e+01
      vertex 9.543227e+01 1.020446e+01 3.036473e+01
      vertex 9.455661e+01 8.089600e+00 3.082992e+01
    endloop
  endfacet
  facet normal 1.821287e-01 -2.877012e-01 -9.402431e-01
    outer loop
      vertex 9.382990e+01 8.344194e+00 3.061125e+01
      vertex 9.474151e+01 1.040799e+01 3.015634e+01
      vertex 9.455661e+01 8.089600e+00 3.082992e+01
    endloop
  endfacet
  facet normal 5.940969e-02 -2.398316e-01 -9.689950e-01
    outer loop
      vertex 9.403659e+01 1.064219e+01 3.005515e+01
      vertex 9.474151e+01 1.040799e+01 3.015634e+01
      vertex 9.382990e+01 8.344194e+00 3.061125e+01
    endloop
  endfacet
  facet normal 3.300006e-02 -2.378771e-01 -9.707345e-01
    outer loop
      vertex 9.308879e+01 8.631246e+00 3.051571e+01
      vertex 9.403659e+01 1.064219e+01 3.005515e+01
      vertex 9.382990e+01 8.344194e+00 3.061125e+01
    endloop
  endfacet
  facet normal -8.035582e-02 -1.863857e-01 -9.791850e-01
    outer loop
      vertex 9.333336e+01 1.090182e+01 3.006345e+01
      vertex 9.403659e+01 1.064219e+01 3.005515e+01
      vertex 9.308879e+01 8.631246e+00 3.051571e+01
    endloop
  endfacet
  facet normal -1.169247e-01 -1.818809e-01 -9.763442e-01
    outer loop
      vertex 9.235230e+01 8.943397e+00 3.054576e+01
      vertex 9.333336e+01 1.090182e+01 3.006345e+01
      vertex 9.308879e+01 8.631246e+00 3.051571e+01
    endloop
  endfacet
  facet normal -2.183349e-01 -1.288600e-01 -9.673287e-01
    outer loop
      vertex 9.235230e+01 8.943397e+00 3.054576e+01
      vertex 9.264763e+01 1.118102e+01 3.018103e+01
      vertex 9.333336e+01 1.090182e+01 3.006345e+01
    endloop
  endfacet
  facet normal -2.638018e-01 -1.211652e-01 -9.569365e-01
    outer loop
      vertex 9.264763e+01 1.118102e+01 3.018103e+01
      vertex 9.235230e+01 8.943397e+00 3.054576e+01
      vertex 9.163931e+01 9.272648e+00 3.070063e+01
    endloop
  endfacet
  facet normal -3.514217e-01 -6.854418e-02 -9.337047e-01
    outer loop
      vertex 9.163931e+01 9.272648e+00 3.070063e+01
      vertex 9.199481e+01 1.147353e+01 3.040526e+01
      vertex 9.264763e+01 1.118102e+01 3.018103e+01
    endloop
  endfacet
  facet normal -4.038675e-01 -5.729680e-02 -9.130214e-01
    outer loop
      vertex 9.163931e+01 9.272648e+00 3.070063e+01
      vertex 9.096807e+01 9.610560e+00 3.097634e+01
      vertex 9.199481e+01 1.147353e+01 3.040526e+01
    endloop
  endfacet
  facet normal 3.285887e-01 -3.253645e-01 -8.866608e-01
    outer loop
      vertex 9.525032e+01 7.873988e+00 3.116612e+01
      vertex 9.457330e+01 6.320056e+00 3.148545e+01
      vertex 9.455661e+01 8.089600e+00 3.082992e+01
    endloop
  endfacet
  facet normal 1.962707e-01 -2.706985e-01 -9.424437e-01
    outer loop
      vertex 9.203391e+01 4.456796e+00 3.134511e+01
      vertex 9.260796e+01 5.134588e+00 3.126998e+01
      vertex 9.269810e+01 4.127813e+00 3.157793e+01
    endloop
  endfacet
  facet normal 1.143049e-01 -2.045716e-01 -9.721548e-01
    outer loop
      vertex 9.200628e+01 5.422552e+00 3.113864e+01
      vertex 9.260796e+01 5.134588e+00 3.126998e+01
      vertex 9.203391e+01 4.456796e+00 3.134511e+01
    endloop
  endfacet
  facet normal 5.857457e-02 -2.071087e-01 -9.765629e-01
    outer loop
      vertex 9.135317e+01 4.812660e+00 3.122881e+01
      vertex 9.200628e+01 5.422552e+00 3.113864e+01
      vertex 9.203391e+01 4.456796e+00 3.134511e+01
    endloop
  endfacet
  facet normal -4.760263e-03 -1.412669e-01 -9.899602e-01
    outer loop
      vertex 9.135317e+01 4.812660e+00 3.122881e+01
      vertex 9.140028e+01 5.728006e+00 3.109796e+01
      vertex 9.200628e+01 5.422552e+00 3.113864e+01
    endloop
  endfacet
  facet normal -7.968465e-02 -1.370389e-01 -9.873554e-01
    outer loop
      vertex 9.140028e+01 5.728006e+00 3.109796e+01
      vertex 9.135317e+01 4.812660e+00 3.122881e+01
      vertex 9.067230e+01 5.186815e+00 3.123183e+01
    endloop
  endfacet
  facet normal -1.246059e-01 -7.707227e-02 -9.892083e-01
    outer loop
      vertex 9.067230e+01 5.186815e+00 3.123183e+01
      vertex 9.080116e+01 6.045303e+00 3.114871e+01
      vertex 9.140028e+01 5.728006e+00 3.109796e+01
    endloop
  endfacet
  facet normal 3.242707e-01 -3.124589e-01 -8.928707e-01
    outer loop
      vertex 9.175182e+01 2.547542e+00 3.178467e+01
      vertex 9.229429e+01 3.341661e+00 3.170378e+01
      vertex 9.274562e+01 3.104314e+00 3.195076e+01
    endloop
  endfacet
  facet normal 2.222614e-01 -2.478761e-01 -9.429513e-01
    outer loop
      vertex 9.229429e+01 3.341661e+00 3.170378e+01
      vertex 9.175182e+01 2.547542e+00 3.178467e+01
      vertex 9.167809e+01 3.672628e+00 3.147154e+01
    endloop
  endfacet
  facet normal 1.258629e-01 -1.787795e-01 -9.758055e-01
    outer loop
      vertex 9.122608e+01 2.755897e+00 3.160286e+01
      vertex 9.076892e+01 2.060362e+00 3.167132e+01
      vertex 9.065271e+01 3.109888e+00 3.146405e+01
    endloop
  endfacet
  facet normal 7.371177e-02 -1.600420e-01 -9.843542e-01
    outer loop
      vertex 9.065271e+01 3.109888e+00 3.146405e+01
      vertex 9.048200e+01 2.030416e+00 3.162677e+01
      vertex 8.983799e+01 2.481707e+00 3.150517e+01
    endloop
  endfacet
  facet normal 2.006932e-02 -9.120850e-02 -9.956295e-01
    outer loop
      vertex 8.983799e+01 2.481707e+00 3.150517e+01
      vertex 9.007323e+01 3.477951e+00 3.141865e+01
      vertex 9.065271e+01 3.109888e+00 3.146405e+01
    endloop
  endfacet
  facet normal -9.400628e-02 -1.428898e-02 -9.954691e-01
    outer loop
      vertex 8.949860e+01 3.853118e+00 3.146753e+01
      vertex 9.007323e+01 3.477951e+00 3.141865e+01
      vertex 8.919085e+01 2.944725e+00 3.150963e+01
    endloop
  endfacet
  facet normal 1.072714e-01 -1.130735e-01 -9.877789e-01
    outer loop
      vertex 8.984846e+01 1.658817e+00 3.160051e+01
      vertex 8.983799e+01 2.481707e+00 3.150517e+01
      vertex 9.048200e+01 2.030416e+00 3.162677e+01
    endloop
  endfacet
  facet normal -5.910407e-01 -5.877658e-02 -8.044975e-01
    outer loop
      vertex 9.343666e+01 1.780992e+01 2.901111e+01
      vertex 9.265217e+01 1.584952e+01 2.973068e+01
      vertex 9.288462e+01 1.806368e+01 2.939814e+01
    endloop
  endfacet
  facet normal -6.103670e-01 -5.460546e-02 -7.902344e-01
    outer loop
      vertex 9.288462e+01 1.806368e+01 2.939814e+01
      vertex 9.265217e+01 1.584952e+01 2.973068e+01
      vertex 9.199276e+01 1.540122e+01 3.027098e+01
    endloop
  endfacet
  facet normal -6.939220e-01 -3.604947e-03 -7.200412e-01
    outer loop
      vertex 9.288462e+01 1.806368e+01 2.939814e+01
      vertex 9.199276e+01 1.540122e+01 3.027098e+01
      vertex 9.239999e+01 1.832283e+01 2.986389e+01
    endloop
  endfacet
  facet normal 2.146010e-01 -2.609141e-01 -9.412068e-01
    outer loop
      vertex 9.167809e+01 3.672628e+00 3.147154e+01
      vertex 9.269810e+01 4.127813e+00 3.157793e+01
      vertex 9.229429e+01 3.341661e+00 3.170378e+01
    endloop
  endfacet
  facet normal 3.390219e-01 -3.160050e-01 -8.861179e-01
    outer loop
      vertex 9.229429e+01 3.341661e+00 3.170378e+01
      vertex 9.269810e+01 4.127813e+00 3.157793e+01
      vertex 9.300908e+01 3.263428e+00 3.200516e+01
    endloop
  endfacet
  facet normal 3.487111e-01 -2.706070e-01 -8.973140e-01
    outer loop
      vertex 9.229429e+01 3.341661e+00 3.170378e+01
      vertex 9.300908e+01 3.263428e+00 3.200516e+01
      vertex 9.274562e+01 3.104314e+00 3.195076e+01
    endloop
  endfacet
  facet normal 2.090825e-01 -2.474081e-01 -9.460834e-01
    outer loop
      vertex 9.269810e+01 4.127813e+00 3.157793e+01
      vertex 9.167809e+01 3.672628e+00 3.147154e+01
      vertex 9.203391e+01 4.456796e+00 3.134511e+01
    endloop
  endfacet
  facet normal 8.660249e-02 -1.967557e-01 -9.766204e-01
    outer loop
      vertex 9.203391e+01 4.456796e+00 3.134511e+01
      vertex 9.167809e+01 3.672628e+00 3.147154e+01
      vertex 9.104496e+01 4.027622e+00 3.134388e+01
    endloop
  endfacet
  facet normal 7.674906e-02 -1.740356e-01 -9.817439e-01
    outer loop
      vertex 9.203391e+01 4.456796e+00 3.134511e+01
      vertex 9.104496e+01 4.027622e+00 3.134388e+01
      vertex 9.135317e+01 4.812660e+00 3.122881e+01
    endloop
  endfacet
  facet normal -4.322359e-02 -1.282605e-01 -9.907981e-01
    outer loop
      vertex 9.135317e+01 4.812660e+00 3.122881e+01
      vertex 9.104496e+01 4.027622e+00 3.134388e+01
      vertex 9.040865e+01 4.398930e+00 3.132357e+01
    endloop
  endfacet
  facet normal -5.742939e-02 -9.648877e-02 -9.936759e-01
    outer loop
      vertex 9.135317e+01 4.812660e+00 3.122881e+01
      vertex 9.040865e+01 4.398930e+00 3.132357e+01
      vertex 9.067230e+01 5.186815e+00 3.123183e+01
    endloop
  endfacet
  facet normal -1.720608e-01 -5.693787e-02 -9.834394e-01
    outer loop
      vertex 9.067230e+01 5.186815e+00 3.123183e+01
      vertex 9.040865e+01 4.398930e+00 3.132357e+01
      vertex 8.978299e+01 4.778483e+00 3.141106e+01
    endloop
  endfacet
  facet normal -1.886600e-01 -2.008264e-02 -9.818371e-01
    outer loop
      vertex 9.067230e+01 5.186815e+00 3.123183e+01
      vertex 8.978299e+01 4.778483e+00 3.141106e+01
      vertex 9.011535e+01 5.968677e+00 3.132285e+01
    endloop
  endfacet
  facet normal 2.304504e-01 -2.657000e-01 -9.361069e-01
    outer loop
      vertex 9.260796e+01 5.134588e+00 3.126998e+01
      vertex 9.319421e+01 4.869439e+00 3.148956e+01
      vertex 9.269810e+01 4.127813e+00 3.157793e+01
    endloop
  endfacet
  facet normal 3.391534e-01 -3.317643e-01 -8.802882e-01
    outer loop
      vertex 9.269810e+01 4.127813e+00 3.157793e+01
      vertex 9.319421e+01 4.869439e+00 3.148956e+01
      vertex 9.383106e+01 4.782057e+00 3.176785e+01
    endloop
  endfacet
  facet normal 3.328934e-01 -3.188534e-01 -8.874201e-01
    outer loop
      vertex 9.269810e+01 4.127813e+00 3.157793e+01
      vertex 9.383106e+01 4.782057e+00 3.176785e+01
      vertex 9.300908e+01 3.263428e+00 3.200516e+01
    endloop
  endfacet
  facet normal -7.972863e-01 -3.187453e-02 -6.027591e-01
    outer loop
      vertex 9.286681e+01 2.238815e+01 2.925091e+01
      vertex 9.332613e+01 2.210879e+01 2.865811e+01
      vertex 9.312246e+01 2.008599e+01 2.903449e+01
    endloop
  endfacet
  facet normal -6.907657e-01 -6.445186e-02 -7.202005e-01
    outer loop
      vertex 9.312246e+01 2.008599e+01 2.903449e+01
      vertex 9.332613e+01 2.210879e+01 2.865811e+01
      vertex 9.388126e+01 2.183658e+01 2.815003e+01
    endloop
  endfacet
  facet normal -6.510773e-01 -9.805040e-02 -7.526516e-01
    outer loop
      vertex 9.312246e+01 2.008599e+01 2.903449e+01
      vertex 9.388126e+01 2.183658e+01 2.815003e+01
      vertex 9.367891e+01 1.982343e+01 2.858734e+01
    endloop
  endfacet
  facet normal -5.714940e-01 -1.189292e-01 -8.119424e-01
    outer loop
      vertex 9.367891e+01 1.982343e+01 2.858734e+01
      vertex 9.388126e+01 2.183658e+01 2.815003e+01
      vertex 9.451799e+01 2.157850e+01 2.773967e+01
    endloop
  endfacet
  facet normal -5.323361e-01 -1.480550e-01 -8.334854e-01
    outer loop
      vertex 9.367891e+01 1.982343e+01 2.858734e+01
      vertex 9.451799e+01 2.157850e+01 2.773967e+01
      vertex 9.430357e+01 1.957316e+01 2.823283e+01
    endloop
  endfacet
  facet normal -4.375759e-01 -1.703393e-01 -8.828997e-01
    outer loop
      vertex 9.430357e+01 1.957316e+01 2.823283e+01
      vertex 9.451799e+01 2.157850e+01 2.773967e+01
      vertex 9.521999e+01 2.134116e+01 2.743754e+01
    endloop
  endfacet
  facet normal -4.012622e-01 -1.946262e-01 -8.950471e-01
    outer loop
      vertex 9.430357e+01 1.957316e+01 2.823283e+01
      vertex 9.521999e+01 2.134116e+01 2.743754e+01
      vertex 9.498200e+01 1.934098e+01 2.797917e+01
    endloop
  endfacet
  facet normal -2.924421e-01 -2.173773e-01 -9.312490e-01
    outer loop
      vertex 9.498200e+01 1.934098e+01 2.797917e+01
      vertex 9.521999e+01 2.134116e+01 2.743754e+01
      vertex 9.596928e+01 2.113065e+01 2.725138e+01
    endloop
  endfacet
  facet normal -2.608935e-01 -2.366751e-01 -9.359058e-01
    outer loop
      vertex 9.498200e+01 1.934098e+01 2.797917e+01
      vertex 9.596928e+01 2.113065e+01 2.725138e+01
      vertex 9.569849e+01 1.913227e+01 2.783222e+01
    endloop
  endfacet
  facet normal -1.397991e-01 -2.588509e-01 -9.557470e-01
    outer loop
      vertex 9.569849e+01 1.913227e+01 2.783222e+01
      vertex 9.596928e+01 2.113065e+01 2.725138e+01
      vertex 9.674668e+01 2.095234e+01 2.718596e+01
    endloop
  endfacet
  facet normal -1.144694e-01 -2.732150e-01 -9.551179e-01
    outer loop
      vertex 9.569849e+01 1.913227e+01 2.783222e+01
      vertex 9.674668e+01 2.095234e+01 2.718596e+01
      vertex 9.643647e+01 1.895184e+01 2.779539e+01
    endloop
  endfacet
  facet normal 1.642783e-02 -2.937067e-01 -9.557544e-01
    outer loop
      vertex 9.643647e+01 1.895184e+01 2.779539e+01
      vertex 9.674668e+01 2.095234e+01 2.718596e+01
      vertex 9.753226e+01 2.081082e+01 2.724295e+01
    endloop
  endfacet
  facet normal 3.462534e-02 -3.033883e-01 -9.522377e-01
    outer loop
      vertex 9.643647e+01 1.895184e+01 2.779539e+01
      vertex 9.753226e+01 2.081082e+01 2.724295e+01
      vertex 9.717885e+01 1.880387e+01 2.786952e+01
    endloop
  endfacet
  facet normal 1.722381e-01 -3.210724e-01 -9.312608e-01
    outer loop
      vertex 9.717885e+01 1.880387e+01 2.786952e+01
      vertex 9.753226e+01 2.081082e+01 2.724295e+01
      vertex 9.830592e+01 2.070970e+01 2.742090e+01
    endloop
  endfacet
  facet normal 1.829375e-01 -3.264754e-01 -9.273337e-01
    outer loop
      vertex 9.717885e+01 1.880387e+01 2.786952e+01
      vertex 9.830592e+01 2.070970e+01 2.742090e+01
      vertex 9.790845e+01 1.869179e+01 2.805291e+01
    endloop
  endfacet
  facet normal 3.236285e-01 -3.402656e-01 -8.828838e-01
    outer loop
      vertex 9.790845e+01 1.869179e+01 2.805291e+01
      vertex 9.830592e+01 2.070970e+01 2.742090e+01
      vertex 9.904781e+01 2.065158e+01 2.771524e+01
    endloop
  endfacet
  facet normal 3.270369e-01 -3.419203e-01 -8.809865e-01
    outer loop
      vertex 9.790845e+01 1.869179e+01 2.805291e+01
      vertex 9.904781e+01 2.065158e+01 2.771524e+01
      vertex 9.860835e+01 1.861801e+01 2.834136e+01
    endloop
  endfacet
  facet normal -7.045091e-01 -4.450979e-02 -7.082978e-01
    outer loop
      vertex 9.239999e+01 1.832283e+01 2.986389e+01
      vertex 9.312246e+01 2.008599e+01 2.903449e+01
      vertex 9.288462e+01 1.806368e+01 2.939814e+01
    endloop
  endfacet
  facet normal -6.427327e-01 -6.171958e-02 -7.636003e-01
    outer loop
      vertex 9.288462e+01 1.806368e+01 2.939814e+01
      vertex 9.312246e+01 2.008599e+01 2.903449e+01
      vertex 9.367891e+01 1.982343e+01 2.858734e+01
    endloop
  endfacet
  facet normal -6.003478e-01 -9.489814e-02 -7.940887e-01
    outer loop
      vertex 9.288462e+01 1.806368e+01 2.939814e+01
      vertex 9.367891e+01 1.982343e+01 2.858734e+01
      vertex 9.343666e+01 1.780992e+01 2.901111e+01
    endloop
  endfacet
  facet normal -5.246142e-01 -1.144331e-01 -8.436142e-01
    outer loop
      vertex 9.343666e+01 1.780992e+01 2.901111e+01
      vertex 9.367891e+01 1.982343e+01 2.858734e+01
      vertex 9.430357e+01 1.957316e+01 2.823283e+01
    endloop
  endfacet
  facet normal -4.837075e-01 -1.432876e-01 -8.634208e-01
    outer loop
      vertex 9.343666e+01 1.780992e+01 2.901111e+01
      vertex 9.430357e+01 1.957316e+01 2.823283e+01
      vertex 9.404466e+01 1.756680e+01 2.871084e+01
    endloop
  endfacet
  facet normal -3.943477e-01 -1.645145e-01 -9.041156e-01
    outer loop
      vertex 9.404466e+01 1.756680e+01 2.871084e+01
      vertex 9.430357e+01 1.957316e+01 2.823283e+01
      vertex 9.498200e+01 1.934098e+01 2.797917e+01
    endloop
  endfacet
  facet normal -3.570072e-01 -1.886691e-01 -9.148496e-01
    outer loop
      vertex 9.404466e+01 1.756680e+01 2.871084e+01
      vertex 9.498200e+01 1.934098e+01 2.797917e+01
      vertex 9.469601e+01 1.733938e+01 2.850356e+01
    endloop
  endfacet
  facet normal -2.549552e-01 -2.108070e-01 -9.436940e-01
    outer loop
      vertex 9.469601e+01 1.733938e+01 2.850356e+01
      vertex 9.498200e+01 1.934098e+01 2.797917e+01
      vertex 9.569849e+01 1.913227e+01 2.783222e+01
    endloop
  endfacet
  facet normal -2.228872e-01 -2.300885e-01 -9.473017e-01
    outer loop
      vertex 9.469601e+01 1.733938e+01 2.850356e+01
      vertex 9.569849e+01 1.913227e+01 2.783222e+01
      vertex 9.537717e+01 1.713237e+01 2.839357e+01
    endloop
  endfacet
  facet normal -1.096578e-01 -2.522464e-01 -9.614297e-01
    outer loop
      vertex 9.537717e+01 1.713237e+01 2.839357e+01
      vertex 9.569849e+01 1.913227e+01 2.783222e+01
      vertex 9.643647e+01 1.895184e+01 2.779539e+01
    endloop
  endfacet
  facet normal -8.411188e-02 -2.666843e-01 -9.601066e-01
    outer loop
      vertex 9.537717e+01 1.713237e+01 2.839357e+01
      vertex 9.643647e+01 1.895184e+01 2.779539e+01
      vertex 9.607402e+01 1.695007e+01 2.838316e+01
    endloop
  endfacet
  facet normal 3.818094e-02 -2.878866e-01 -9.569031e-01
    outer loop
      vertex 9.607402e+01 1.695007e+01 2.838316e+01
      vertex 9.643647e+01 1.895184e+01 2.779539e+01
      vertex 9.717885e+01 1.880387e+01 2.786952e+01
    endloop
  endfacet
  facet normal 5.643088e-02 -2.976807e-01 -9.529962e-01
    outer loop
      vertex 9.607402e+01 1.695007e+01 2.838316e+01
      vertex 9.717885e+01 1.880387e+01 2.786952e+01
      vertex 9.677209e+01 1.679626e+01 2.847254e+01
    endloop
  endfacet
  facet normal 1.851299e-01 -3.169127e-01 -9.302114e-01
    outer loop
      vertex 9.677209e+01 1.679626e+01 2.847254e+01
      vertex 9.717885e+01 1.880387e+01 2.786952e+01
      vertex 9.790845e+01 1.869179e+01 2.805291e+01
    endloop
  endfacet
  facet normal 1.958325e-01 -3.224225e-01 -9.261174e-01
    outer loop
      vertex 9.677209e+01 1.679626e+01 2.847254e+01
      vertex 9.790845e+01 1.869179e+01 2.805291e+01
      vertex 9.745688e+01 1.667415e+01 2.865985e+01
    endloop
  endfacet
  facet normal 3.277821e-01 -3.386719e-01 -8.819638e-01
    outer loop
      vertex 9.745688e+01 1.667415e+01 2.865985e+01
      vertex 9.790845e+01 1.869179e+01 2.805291e+01
      vertex 9.860835e+01 1.861801e+01 2.834136e+01
    endloop
  endfacet
  facet normal 3.311911e-01 -3.403749e-01 -8.800326e-01
    outer loop
      vertex 9.745688e+01 1.667415e+01 2.865985e+01
      vertex 9.860835e+01 1.861801e+01 2.834136e+01
      vertex 9.811418e+01 1.658625e+01 2.894122e+01
    endloop
  endfacet
  facet normal -6.193586e-01 -3.429819e-02 -7.843587e-01
    outer loop
      vertex 9.199276e+01 1.540122e+01 3.027098e+01
      vertex 9.265217e+01 1.584952e+01 2.973068e+01
      vertex 9.230908e+01 1.367568e+01 3.009665e+01
    endloop
  endfacet
  facet normal -5.100570e-01 -6.390647e-02 -8.577632e-01
    outer loop
      vertex 9.230908e+01 1.367568e+01 3.009665e+01
      vertex 9.265217e+01 1.584952e+01 2.973068e+01
      vertex 9.327053e+01 1.557539e+01 2.938340e+01
    endloop
  endfacet
  facet normal -4.583120e-01 -9.964078e-02 -8.831885e-01
    outer loop
      vertex 9.230908e+01 1.367568e+01 3.009665e+01
      vertex 9.327053e+01 1.557539e+01 2.938340e+01
      vertex 9.290451e+01 1.341020e+01 2.981762e+01
    endloop
  endfacet
  facet normal -3.813292e-01 -1.193749e-01 -9.166993e-01
    outer loop
      vertex 9.290451e+01 1.341020e+01 2.981762e+01
      vertex 9.327053e+01 1.557539e+01 2.938340e+01
      vertex 9.394123e+01 1.531408e+01 2.913843e+01
    endloop
  endfacet
  facet normal -3.343868e-01 -1.498411e-01 -9.304478e-01
    outer loop
      vertex 9.290451e+01 1.341020e+01 2.981762e+01
      vertex 9.394123e+01 1.531408e+01 2.913843e+01
      vertex 9.353932e+01 1.315551e+01 2.963049e+01
    endloop
  endfacet
  facet normal -2.438071e-01 -1.721707e-01 -9.544188e-01
    outer loop
      vertex 9.353932e+01 1.315551e+01 2.963049e+01
      vertex 9.394123e+01 1.531408e+01 2.913843e+01
      vertex 9.464875e+01 1.507165e+01 2.900143e+01
    endloop
  endfacet
  facet normal -2.036812e-01 -1.969170e-01 -9.590296e-01
    outer loop
      vertex 9.353932e+01 1.315551e+01 2.963049e+01
      vertex 9.464875e+01 1.507165e+01 2.900143e+01
      vertex 9.420076e+01 1.291673e+01 2.953904e+01
    endloop
  endfacet
  facet normal -1.006582e-01 -2.210832e-01 -9.700465e-01
    outer loop
      vertex 9.420076e+01 1.291673e+01 2.953904e+01
      vertex 9.464875e+01 1.507165e+01 2.900143e+01
      vertex 9.537673e+01 1.485369e+01 2.897556e+01
    endloop
  endfacet
  facet normal -6.883152e-02 -2.399127e-01 -9.683512e-01
    outer loop
      vertex 9.420076e+01 1.291673e+01 2.953904e+01
      vertex 9.537673e+01 1.485369e+01 2.897556e+01
      vertex 9.487551e+01 1.269867e+01 2.954510e+01
    endloop
  endfacet
  facet normal 4.480396e-02 -2.649840e-01 -9.632114e-01
    outer loop
      vertex 9.487551e+01 1.269867e+01 2.954510e+01
      vertex 9.537673e+01 1.485369e+01 2.897556e+01
      vertex 9.610833e+01 1.466525e+01 2.906143e+01
    endloop
  endfacet
  facet normal 6.745528e-02 -2.779566e-01 -9.582223e-01
    outer loop
      vertex 9.487551e+01 1.269867e+01 2.954510e+01
      vertex 9.610833e+01 1.466525e+01 2.906143e+01
      vertex 9.555000e+01 1.250571e+01 2.964856e+01
    endloop
  endfacet
  facet normal 1.892033e-01 -3.028652e-01 -9.340636e-01
    outer loop
      vertex 9.555000e+01 1.250571e+01 2.964856e+01
      vertex 9.610833e+01 1.466525e+01 2.906143e+01
      vertex 9.682664e+01 1.451069e+01 2.925705e+01
    endloop
  endfacet
  facet normal 2.024400e-01 -3.102739e-01 -9.288423e-01
    outer loop
      vertex 9.555000e+01 1.250571e+01 2.964856e+01
      vertex 9.682664e+01 1.451069e+01 2.925705e+01
      vertex 9.621067e+01 1.234173e+01 2.984733e+01
    endloop
  endfacet
  facet normal 3.292032e-01 -3.338702e-01 -8.832644e-01
    outer loop
      vertex 9.621067e+01 1.234173e+01 2.984733e+01
      vertex 9.682664e+01 1.451069e+01 2.925705e+01
      vertex 9.751505e+01 1.439358e+01 2.955790e+01
    endloop
  endfacet
  facet normal 3.334012e-01 -3.361922e-01 -8.808056e-01
    outer loop
      vertex 9.621067e+01 1.234173e+01 2.984733e+01
      vertex 9.751505e+01 1.439358e+01 2.955790e+01
      vertex 9.684422e+01 1.221004e+01 3.013740e+01
    endloop
  endfacet
  facet normal -3.955432e-01 -3.694065e-02 -9.177041e-01
    outer loop
      vertex 9.096807e+01 9.610560e+00 3.097634e+01
      vertex 9.163931e+01 9.272648e+00 3.070063e+01
      vertex 9.124313e+01 7.650377e+00 3.093669e+01
    endloop
  endfacet
  facet normal -2.468182e-01 -8.024924e-02 -9.657333e-01
    outer loop
      vertex 9.124313e+01 7.650377e+00 3.093669e+01
      vertex 9.163931e+01 9.272648e+00 3.070063e+01
      vertex 9.235230e+01 8.943397e+00 3.054576e+01
    endloop
  endfacet
  facet normal -2.058074e-01 -1.171875e-01 -9.715505e-01
    outer loop
      vertex 9.124313e+01 7.650377e+00 3.093669e+01
      vertex 9.235230e+01 8.943397e+00 3.054576e+01
      vertex 9.190302e+01 7.327291e+00 3.083587e+01
    endloop
  endfacet
  facet normal -1.028523e-01 -1.479772e-01 -9.836281e-01
    outer loop
      vertex 9.190302e+01 7.327291e+00 3.083587e+01
      vertex 9.235230e+01 8.943397e+00 3.054576e+01
      vertex 9.308879e+01 8.631246e+00 3.051571e+01
    endloop
  endfacet
  facet normal -7.042260e-02 -1.769917e-01 -9.816897e-01
    outer loop
      vertex 9.190302e+01 7.327291e+00 3.083587e+01
      vertex 9.308879e+01 8.631246e+00 3.051571e+01
      vertex 9.257730e+01 7.018582e+00 3.084316e+01
    endloop
  endfacet
  facet normal 4.370248e-02 -2.120890e-01 -9.762727e-01
    outer loop
      vertex 9.257730e+01 7.018582e+00 3.084316e+01
      vertex 9.308879e+01 8.631246e+00 3.051571e+01
      vertex 9.382990e+01 8.344194e+00 3.061125e+01
    endloop
  endfacet
  facet normal 6.662688e-02 -2.326994e-01 -9.702638e-01
    outer loop
      vertex 9.257730e+01 7.018582e+00 3.084316e+01
      vertex 9.382990e+01 8.344194e+00 3.061125e+01
      vertex 9.325113e+01 6.731040e+00 3.095839e+01
    endloop
  endfacet
  facet normal 1.890808e-01 -2.709473e-01 -9.438412e-01
    outer loop
      vertex 9.325113e+01 6.731040e+00 3.095839e+01
      vertex 9.382990e+01 8.344194e+00 3.061125e+01
      vertex 9.455661e+01 8.089600e+00 3.082992e+01
    endloop
  endfacet
  facet normal 2.023248e-01 -2.830755e-01 -9.375143e-01
    outer loop
      vertex 9.325113e+01 6.731040e+00 3.095839e+01
      vertex 9.455661e+01 8.089600e+00 3.082992e+01
      vertex 9.390968e+01 6.470992e+00 3.117903e+01
    endloop
  endfacet
  facet normal -3.028758e-01 -4.236435e-02 -9.520879e-01
    outer loop
      vertex 9.042105e+01 7.172265e+00 3.121948e+01
      vertex 9.124313e+01 7.650377e+00 3.093669e+01
      vertex 9.080116e+01 6.045303e+00 3.114871e+01
    endloop
  endfacet
  facet normal -1.876259e-01 -7.767660e-02 -9.791644e-01
    outer loop
      vertex 9.080116e+01 6.045303e+00 3.114871e+01
      vertex 9.124313e+01 7.650377e+00 3.093669e+01
      vertex 9.190302e+01 7.327291e+00 3.083587e+01
    endloop
  endfacet
  facet normal -1.444782e-01 -1.156317e-01 -9.827285e-01
    outer loop
      vertex 9.080116e+01 6.045303e+00 3.114871e+01
      vertex 9.190302e+01 7.327291e+00 3.083587e+01
      vertex 9.140028e+01 5.728006e+00 3.109796e+01
    endloop
  endfacet
  facet normal -5.546518e-02 -1.444698e-01 -9.879535e-01
    outer loop
      vertex 9.140028e+01 5.728006e+00 3.109796e+01
      vertex 9.190302e+01 7.327291e+00 3.083587e+01
      vertex 9.257730e+01 7.018582e+00 3.084316e+01
    endloop
  endfacet
  facet normal -2.184862e-02 -1.744324e-01 -9.844267e-01
    outer loop
      vertex 9.140028e+01 5.728006e+00 3.109796e+01
      vertex 9.257730e+01 7.018582e+00 3.084316e+01
      vertex 9.200628e+01 5.422552e+00 3.113864e+01
    endloop
  endfacet
  facet normal 7.782426e-02 -2.083395e-01 -9.749554e-01
    outer loop
      vertex 9.200628e+01 5.422552e+00 3.113864e+01
      vertex 9.257730e+01 7.018582e+00 3.084316e+01
      vertex 9.325113e+01 6.731040e+00 3.095839e+01
    endloop
  endfacet
  facet normal 1.013399e-01 -2.297478e-01 -9.679598e-01
    outer loop
      vertex 9.200628e+01 5.422552e+00 3.113864e+01
      vertex 9.325113e+01 6.731040e+00 3.095839e+01
      vertex 9.260796e+01 5.134588e+00 3.126998e+01
    endloop
  endfacet
  facet normal 2.093084e-01 -2.678747e-01 -9.404430e-01
    outer loop
      vertex 9.260796e+01 5.134588e+00 3.126998e+01
      vertex 9.325113e+01 6.731040e+00 3.095839e+01
      vertex 9.390968e+01 6.470992e+00 3.117903e+01
    endloop
  endfacet
  facet normal 2.228015e-01 -2.805534e-01 -9.336216e-01
    outer loop
      vertex 9.260796e+01 5.134588e+00 3.126998e+01
      vertex 9.390968e+01 6.470992e+00 3.117903e+01
      vertex 9.319421e+01 4.869439e+00 3.148956e+01
    endloop
  endfacet
  facet normal 2.277363e-01 -2.472028e-01 -9.418210e-01
    outer loop
      vertex 9.175182e+01 2.547542e+00 3.178467e+01
      vertex 9.122608e+01 2.755897e+00 3.160286e+01
      vertex 9.167809e+01 3.672628e+00 3.147154e+01
    endloop
  endfacet
  facet normal 1.147186e-01 -1.960663e-01 -9.738571e-01
    outer loop
      vertex 9.167809e+01 3.672628e+00 3.147154e+01
      vertex 9.122608e+01 2.755897e+00 3.160286e+01
      vertex 9.065271e+01 3.109888e+00 3.146405e+01
    endloop
  endfacet
  facet normal 1.013551e-01 -1.716356e-01 -9.799328e-01
    outer loop
      vertex 9.167809e+01 3.672628e+00 3.147154e+01
      vertex 9.065271e+01 3.109888e+00 3.146405e+01
      vertex 9.104496e+01 4.027622e+00 3.134388e+01
    endloop
  endfacet
  facet normal -3.764087e-03 -1.282517e-01 -9.917345e-01
    outer loop
      vertex 9.104496e+01 4.027622e+00 3.134388e+01
      vertex 9.065271e+01 3.109888e+00 3.146405e+01
      vertex 9.007323e+01 3.477951e+00 3.141865e+01
    endloop
  endfacet
  facet normal -2.325239e-02 -9.428085e-02 -9.952741e-01
    outer loop
      vertex 9.104496e+01 4.027622e+00 3.134388e+01
      vertex 9.007323e+01 3.477951e+00 3.141865e+01
      vertex 9.040865e+01 4.398930e+00 3.132357e+01
    endloop
  endfacet
  facet normal -1.220468e-01 -5.784125e-02 -9.908375e-01
    outer loop
      vertex 9.040865e+01 4.398930e+00 3.132357e+01
      vertex 9.007323e+01 3.477951e+00 3.141865e+01
      vertex 8.949860e+01 3.853118e+00 3.146753e+01
    endloop
  endfacet
  facet normal -1.474179e-01 -1.504364e-02 -9.889599e-01
    outer loop
      vertex 9.040865e+01 4.398930e+00 3.132357e+01
      vertex 8.949860e+01 3.853118e+00 3.146753e+01
      vertex 8.978299e+01 4.778483e+00 3.141106e+01
    endloop
  endfacet
  facet normal -5.879266e-02 -7.258714e-02 -9.956276e-01
    outer loop
      vertex 9.007323e+01 3.477951e+00 3.141865e+01
      vertex 8.983799e+01 2.481707e+00 3.150517e+01
      vertex 8.919085e+01 2.944725e+00 3.150963e+01
    endloop
  endfacet
  facet normal -4.279959e-02 -5.021317e-02 -9.978210e-01
    outer loop
      vertex 8.919085e+01 2.944725e+00 3.150963e+01
      vertex 8.983799e+01 2.481707e+00 3.150517e+01
      vertex 8.947632e+01 1.712685e+00 3.155939e+01
    endloop
  endfacet
  facet normal 1.939333e-02 -3.585723e-02 -9.991688e-01
    outer loop
      vertex 8.919085e+01 2.944725e+00 3.150963e+01
      vertex 8.947632e+01 1.712685e+00 3.155939e+01
      vertex 8.889938e+01 2.171465e+00 3.153172e+01
    endloop
  endfacet
  facet normal 2.617706e-02 -2.733334e-02 -9.992836e-01
    outer loop
      vertex 8.889938e+01 2.171465e+00 3.153172e+01
      vertex 8.947632e+01 1.712685e+00 3.155939e+01
      vertex 8.904086e+01 1.349831e+00 3.155790e+01
    endloop
  endfacet
  facet normal 5.091240e-02 -2.304712e-02 -9.984371e-01
    outer loop
      vertex 8.889938e+01 2.171465e+00 3.153172e+01
      vertex 8.904086e+01 1.349831e+00 3.155790e+01
      vertex 8.845431e+01 1.151579e+00 3.153257e+01
    endloop
  endfacet
  facet normal 2.393859e-02 9.983944e-01 -5.133647e-02
    outer loop
      vertex 8.431251e+01 7.000000e+01 3.312334e+01
      vertex 1.038224e+02 7.000000e+01 4.222094e+01
      vertex 8.475011e+01 6.996791e+01 3.270332e+01
    endloop
  endfacet
  facet normal 2.162251e-02 9.986750e-01 -4.669623e-02
    outer loop
      vertex 8.475011e+01 6.996791e+01 3.270332e+01
      vertex 1.038224e+02 7.000000e+01 4.222094e+01
      vertex 1.038622e+02 6.997346e+01 4.167188e+01
    endloop
  endfacet
  facet normal 7.041290e-02 9.860746e-01 -1.506612e-01
    outer loop
      vertex 8.475011e+01 6.996791e+01 3.270332e+01
      vertex 1.038622e+02 6.997346e+01 4.167188e+01
      vertex 8.523070e+01 6.987846e+01 3.234245e+01
    endloop
  endfacet
  facet normal 6.378664e-02 9.884523e-01 -1.374524e-01
    outer loop
      vertex 8.523070e+01 6.987846e+01 3.234245e+01
      vertex 1.038622e+02 6.997346e+01 4.167188e+01
      vertex 1.038418e+02 6.989888e+01 4.112606e+01
    endloop
  endfacet
  facet normal 1.134702e-01 9.634510e-01 -2.426660e-01
    outer loop
      vertex 8.523070e+01 6.987846e+01 3.234245e+01
      vertex 1.038418e+02 6.989888e+01 4.112606e+01
      vertex 8.574341e+01 6.974333e+01 3.204571e+01
    endloop
  endfacet
  facet normal 1.032358e-01 9.694812e-01 -2.223706e-01
    outer loop
      vertex 8.574341e+01 6.974333e+01 3.204571e+01
      vertex 1.038418e+02 6.989888e+01 4.112606e+01
      vertex 1.037634e+02 6.978484e+01 4.059243e+01
    endloop
  endfacet
  facet normal 1.531471e-01 9.323839e-01 -3.274237e-01
    outer loop
      vertex 8.574341e+01 6.974333e+01 3.204571e+01
      vertex 1.037634e+02 6.978484e+01 4.059243e+01
      vertex 8.629970e+01 6.956825e+01 3.180734e+01
    endloop
  endfacet
  facet normal 1.400190e-01 9.431000e-01 -3.015908e-01
    outer loop
      vertex 8.629970e+01 6.956825e+01 3.180734e+01
      vertex 1.037634e+02 6.978484e+01 4.059243e+01
      vertex 1.036246e+02 6.963518e+01 4.006002e+01
    endloop
  endfacet
  facet normal 1.889585e-01 8.950570e-01 -4.039402e-01
    outer loop
      vertex 8.629970e+01 6.956825e+01 3.180734e+01
      vertex 1.036246e+02 6.963518e+01 4.006002e+01
      vertex 8.687426e+01 6.937116e+01 3.163940e+01
    endloop
  endfacet
  facet normal 1.737761e-01 9.109055e-01 -3.742364e-01
    outer loop
      vertex 8.687426e+01 6.937116e+01 3.163940e+01
      vertex 1.036246e+02 6.963518e+01 4.006002e+01
      vertex 1.034308e+02 6.946339e+01 3.955188e+01
    endloop
  endfacet
  facet normal 2.049079e-01 8.748308e-01 -4.389577e-01
    outer loop
      vertex 8.687426e+01 6.937116e+01 3.163940e+01
      vertex 1.034308e+02 6.946339e+01 3.955188e+01
      vertex 1.031849e+02 6.927981e+01 3.907122e+01
    endloop
  endfacet
  facet normal 2.194991e-01 8.542593e-01 -4.712338e-01
    outer loop
      vertex 8.687426e+01 6.937116e+01 3.163940e+01
      vertex 1.031849e+02 6.927981e+01 3.907122e+01
      vertex 8.746202e+01 6.916620e+01 3.154162e+01
    endloop
  endfacet
  facet normal 2.331538e-01 8.343813e-01 -4.994468e-01
    outer loop
      vertex 8.746202e+01 6.916620e+01 3.154162e+01
      vertex 1.031849e+02 6.927981e+01 3.907122e+01
      vertex 1.028237e+02 6.905901e+01 3.853376e+01
    endloop
  endfacet
  facet normal 2.424451e-01 8.189754e-01 -5.200958e-01
    outer loop
      vertex 8.746202e+01 6.916620e+01 3.154162e+01
      vertex 1.028237e+02 6.905901e+01 3.853376e+01
      vertex 8.789272e+01 6.902170e+01 3.151485e+01
    endloop
  endfacet
  facet normal 2.471057e-01 8.112163e-01 -5.299688e-01
    outer loop
      vertex 8.789272e+01 6.902170e+01 3.151485e+01
      vertex 1.028237e+02 6.905901e+01 3.853376e+01
      vertex 1.028111e+02 6.905211e+01 3.851730e+01
    endloop
  endfacet
  facet normal 2.585409e-01 7.911828e-01 -5.542439e-01
    outer loop
      vertex 8.789272e+01 6.902170e+01 3.151485e+01
      vertex 1.028111e+02 6.905211e+01 3.851730e+01
      vertex 8.832730e+01 6.888717e+01 3.152553e+01
    endloop
  endfacet
  facet normal 2.569048e-01 7.940310e-01 -5.509219e-01
    outer loop
      vertex 8.832730e+01 6.888717e+01 3.152553e+01
      vertex 1.028111e+02 6.905211e+01 3.851730e+01
      vertex 1.025193e+02 6.888536e+01 3.814092e+01
    endloop
  endfacet
  facet normal 2.678290e-01 7.735466e-01 -5.743633e-01
    outer loop
      vertex 8.832730e+01 6.888717e+01 3.152553e+01
      vertex 1.025193e+02 6.888536e+01 3.814092e+01
      vertex 8.845431e+01 6.884842e+01 3.153257e+01
    endloop
  endfacet
  facet normal 2.754841e-01 7.585073e-01 -5.905720e-01
    outer loop
      vertex 8.845431e+01 6.884842e+01 3.153257e+01
      vertex 1.025193e+02 6.888536e+01 3.814092e+01
      vertex 1.022101e+02 6.869740e+01 3.775527e+01
    endloop
  endfacet
  facet normal 2.803425e-01 7.480146e-01 -6.015666e-01
    outer loop
      vertex 8.845431e+01 6.884842e+01 3.153257e+01
      vertex 1.022101e+02 6.869740e+01 3.775527e+01
      vertex 8.909834e+01 6.862954e+01 3.156053e+01
    endloop
  endfacet
  facet normal 3.045621e-01 6.941366e-01 -6.522394e-01
    outer loop
      vertex 8.909834e+01 6.862954e+01 3.156053e+01
      vertex 1.022101e+02 6.869740e+01 3.775527e+01
      vertex 8.994915e+01 6.829981e+01 3.160691e+01
    endloop
  endfacet
  facet normal 3.034315e-01 6.965935e-01 -6.501437e-01
    outer loop
      vertex 8.994915e+01 6.829981e+01 3.160691e+01
      vertex 1.022101e+02 6.869740e+01 3.775527e+01
      vertex 1.015416e+02 6.825807e+01 3.697254e+01
    endloop
  endfacet
  facet normal 3.310744e-01 6.210031e-01 -7.104541e-01
    outer loop
      vertex 8.994915e+01 6.829981e+01 3.160691e+01
      vertex 1.015416e+02 6.825807e+01 3.697254e+01
      vertex 9.084342e+01 6.790485e+01 3.167841e+01
    endloop
  endfacet
  facet normal 3.335916e-01 6.142948e-01 -7.150933e-01
    outer loop
      vertex 9.084342e+01 6.790485e+01 3.167841e+01
      vertex 1.015416e+02 6.825807e+01 3.697254e+01
      vertex 1.010059e+02 6.787931e+01 3.639727e+01
    endloop
  endfacet
  facet normal 3.549787e-01 5.422581e-01 -7.615420e-01
    outer loop
      vertex 9.084342e+01 6.790485e+01 3.167841e+01
      vertex 1.010059e+02 6.787931e+01 3.639727e+01
      vertex 9.163505e+01 6.751356e+01 3.176879e+01
    endloop
  endfacet
  facet normal 3.576279e-01 5.338340e-01 -7.662398e-01
    outer loop
      vertex 9.163505e+01 6.751356e+01 3.176879e+01
      vertex 1.010059e+02 6.787931e+01 3.639727e+01
      vertex 1.004371e+02 6.745610e+01 3.583694e+01
    endloop
  endfacet
  facet normal 3.751647e-01 4.591773e-01 -8.052376e-01
    outer loop
      vertex 9.163505e+01 6.751356e+01 3.176879e+01
      vertex 1.004371e+02 6.745610e+01 3.583694e+01
      vertex 9.243526e+01 6.707679e+01 3.189255e+01
    endloop
  endfacet
  facet normal 3.815154e-01 4.347053e-01 -8.157679e-01
    outer loop
      vertex 9.243526e+01 6.707679e+01 3.189255e+01
      vertex 1.004371e+02 6.745610e+01 3.583694e+01
      vertex 9.971846e+01 6.689592e+01 3.520235e+01
    endloop
  endfacet
  facet normal 3.903504e-01 3.809709e-01 -8.381455e-01
    outer loop
      vertex 9.243526e+01 6.707679e+01 3.189255e+01
      vertex 9.971846e+01 6.689592e+01 3.520235e+01
      vertex 9.300908e+01 6.673657e+01 3.200516e+01
    endloop
  endfacet
  facet normal 3.937424e-01 3.632970e-01 -8.443828e-01
    outer loop
      vertex 9.300908e+01 6.673657e+01 3.200516e+01
      vertex 9.971846e+01 6.689592e+01 3.520235e+01
      vertex 9.951959e+01 6.673657e+01 3.504106e+01
    endloop
  endfacet
  facet normal 7.753296e-01 -1.967211e-02 -6.312503e-01
    outer loop
      vertex 1.025194e+02 1.114563e+00 3.814108e+01
      vertex 1.022103e+02 1.302447e+00 3.775556e+01
      vertex 1.025723e+02 2.072664e+00 3.817613e+01
    endloop
  endfacet
  facet normal 7.857190e-01 -2.072131e-02 -6.182363e-01
    outer loop
      vertex 1.025194e+02 1.114563e+00 3.814108e+01
      vertex 1.025723e+02 2.072664e+00 3.817613e+01
      vertex 1.028111e+02 9.478937e-01 3.851730e+01
    endloop
  endfacet
  facet normal 8.287813e-01 -8.770748e-02 -5.526562e-01
    outer loop
      vertex 1.022456e+02 1.699911e+00 3.774540e+01
      vertex 1.025723e+02 2.072664e+00 3.817613e+01
      vertex 1.022103e+02 1.302447e+00 3.775556e+01
    endloop
  endfacet
  facet normal 7.345028e-01 -8.242945e-02 -6.735807e-01
    outer loop
      vertex 1.022456e+02 1.699911e+00 3.774540e+01
      vertex 1.022103e+02 1.302447e+00 3.775556e+01
      vertex 1.015417e+02 1.741814e+00 3.697272e+01
    endloop
  endfacet
  facet normal 5.776078e-01 -3.116924e-01 -7.544647e-01
    outer loop
      vertex 1.011322e+02 2.129522e+00 3.649901e+01
      vertex 1.015417e+02 1.741814e+00 3.697272e+01
      vertex 1.008353e+02 2.245497e+00 3.622381e+01
    endloop
  endfacet
  facet normal 9.988403e-01 -4.197987e-02 2.357936e-02
    outer loop
      vertex 1.017649e+02 1.430921e+01 3.455516e+01
      vertex 1.018861e+02 1.692296e+01 3.407477e+01
      vertex 1.018005e+02 1.545219e+01 3.508242e+01
    endloop
  endfacet
  facet normal 9.980335e-01 -1.669364e-02 6.041862e-02
    outer loop
      vertex 1.018005e+02 1.545219e+01 3.508242e+01
      vertex 1.018861e+02 1.692296e+01 3.407477e+01
      vertex 1.018984e+02 1.891488e+01 3.442060e+01
    endloop
  endfacet
  facet normal 5.414645e-01 -2.876872e-01 -7.899697e-01
    outer loop
      vertex 1.008353e+02 2.245497e+00 3.622381e+01
      vertex 1.002907e+02 2.655875e+00 3.570107e+01
      vertex 1.002705e+02 3.248377e+00 3.547143e+01
    endloop
  endfacet
  facet normal 5.935220e-01 -2.416479e-01 -7.676836e-01
    outer loop
      vertex 1.008883e+02 3.576493e+00 3.584585e+01
      vertex 1.008353e+02 2.245497e+00 3.622381e+01
      vertex 1.002705e+02 3.248377e+00 3.547143e+01
    endloop
  endfacet
  facet normal 5.801448e-01 -2.684006e-01 -7.690209e-01
    outer loop
      vertex 1.002705e+02 3.248377e+00 3.547143e+01
      vertex 9.993028e+01 4.670862e+00 3.471833e+01
      vertex 1.005061e+02 4.932804e+00 3.506127e+01
    endloop
  endfacet
  facet normal 5.992868e-01 -2.675430e-01 -7.545039e-01
    outer loop
      vertex 1.005061e+02 4.932804e+00 3.506127e+01
      vertex 1.008883e+02 3.576493e+00 3.584585e+01
      vertex 1.002705e+02 3.248377e+00 3.547143e+01
    endloop
  endfacet
  facet normal 6.880900e-01 -2.081654e-01 -6.951255e-01
    outer loop
      vertex 1.008883e+02 3.576493e+00 3.584585e+01
      vertex 1.005061e+02 4.932804e+00 3.506127e+01
      vertex 1.010158e+02 5.220507e+00 3.547973e+01
    endloop
  endfacet
  facet normal 7.160528e-01 -2.041852e-01 -6.675153e-01
    outer loop
      vertex 1.010158e+02 5.220507e+00 3.547973e+01
      vertex 1.014235e+02 3.932734e+00 3.631095e+01
      vertex 1.008883e+02 3.576493e+00 3.584585e+01
    endloop
  endfacet
  facet normal 7.818256e-01 -1.440617e-01 -6.066259e-01
    outer loop
      vertex 1.014491e+02 5.528012e+00 3.596503e+01
      vertex 1.014235e+02 3.932734e+00 3.631095e+01
      vertex 1.010158e+02 5.220507e+00 3.547973e+01
    endloop
  endfacet
  facet normal 8.146691e-01 -1.353266e-01 -5.639158e-01
    outer loop
      vertex 1.018625e+02 4.308128e+00 3.685502e+01
      vertex 1.014235e+02 3.932734e+00 3.631095e+01
      vertex 1.014491e+02 5.528012e+00 3.596503e+01
    endloop
  endfacet
  facet normal 8.594277e-01 -7.743675e-02 -5.053589e-01
    outer loop
      vertex 1.017967e+02 5.848951e+00 3.650713e+01
      vertex 1.018625e+02 4.308128e+00 3.685502e+01
      vertex 1.014491e+02 5.528012e+00 3.596503e+01
    endloop
  endfacet
  facet normal 8.926742e-01 -6.268874e-02 -4.463216e-01
    outer loop
      vertex 1.021942e+02 4.693220e+00 3.746436e+01
      vertex 1.018625e+02 4.308128e+00 3.685502e+01
      vertex 1.017967e+02 5.848951e+00 3.650713e+01
    endloop
  endfacet
  facet normal 6.006404e-01 -2.871959e-01 -7.461565e-01
    outer loop
      vertex 1.001144e+02 8.686552e+00 3.335509e+01
      vertex 1.003595e+02 6.839835e+00 3.426320e+01
      vertex 9.973204e+01 6.584242e+00 3.385651e+01
    endloop
  endfacet
  facet normal 6.985918e-01 -2.389337e-01 -6.744481e-01
    outer loop
      vertex 1.003595e+02 6.839835e+00 3.426320e+01
      vertex 1.001144e+02 8.686552e+00 3.335509e+01
      vertex 1.006380e+02 8.921412e+00 3.381430e+01
    endloop
  endfacet
  facet normal 7.186722e-01 -2.371386e-01 -6.536633e-01
    outer loop
      vertex 1.006380e+02 8.921412e+00 3.381430e+01
      vertex 1.009044e+02 7.126979e+00 3.475815e+01
      vertex 1.003595e+02 6.839835e+00 3.426320e+01
    endloop
  endfacet
  facet normal 7.951936e-01 -1.855902e-01 -5.772551e-01
    outer loop
      vertex 1.010807e+02 9.180574e+00 3.434075e+01
      vertex 1.009044e+02 7.126979e+00 3.475815e+01
      vertex 1.006380e+02 8.921412e+00 3.381430e+01
    endloop
  endfacet
  facet normal 8.187308e-01 -1.810327e-01 -5.448918e-01
    outer loop
      vertex 1.013532e+02 7.438504e+00 3.532902e+01
      vertex 1.009044e+02 7.126979e+00 3.475815e+01
      vertex 1.010807e+02 9.180574e+00 3.434075e+01
    endloop
  endfacet
  facet normal 8.746072e-01 -1.283992e-01 -4.675210e-01
    outer loop
      vertex 1.014327e+02 9.458438e+00 3.492306e+01
      vertex 1.013532e+02 7.438504e+00 3.532902e+01
      vertex 1.010807e+02 9.180574e+00 3.434075e+01
    endloop
  endfacet
  facet normal 8.983026e-01 -1.203016e-01 -4.225872e-01
    outer loop
      vertex 1.016947e+02 7.766627e+00 3.596154e+01
      vertex 1.013532e+02 7.438504e+00 3.532902e+01
      vertex 1.014327e+02 9.458438e+00 3.492306e+01
    endloop
  endfacet
  facet normal 9.351136e-01 -6.859964e-02 -3.476444e-01
    outer loop
      vertex 1.016866e+02 9.748998e+00 3.554865e+01
      vertex 1.016947e+02 7.766627e+00 3.596154e+01
      vertex 1.014327e+02 9.458438e+00 3.492306e+01
    endloop
  endfacet
  facet normal 6.011667e-01 -3.052662e-01 -7.385195e-01
    outer loop
      vertex 9.999334e+01 1.184701e+01 3.199863e+01
      vertex 1.001139e+02 1.062173e+01 3.260321e+01
      vertex 9.948254e+01 1.042394e+01 3.217105e+01
    endloop
  endfacet
  facet normal 6.954053e-01 -2.618070e-01 -6.692299e-01
    outer loop
      vertex 1.001139e+02 1.062173e+01 3.260321e+01
      vertex 9.999334e+01 1.184701e+01 3.199863e+01
      vertex 1.005125e+02 1.203885e+01 3.246306e+01
    endloop
  endfacet
  facet normal 7.195891e-01 -2.658664e-01 -6.414878e-01
    outer loop
      vertex 1.005125e+02 1.203885e+01 3.246306e+01
      vertex 1.006625e+02 1.085401e+01 3.312237e+01
      vertex 1.001139e+02 1.062173e+01 3.260321e+01
    endloop
  endfacet
  facet normal 7.916602e-01 -2.174870e-01 -5.709409e-01
    outer loop
      vertex 1.006625e+02 1.085401e+01 3.312237e+01
      vertex 1.005125e+02 1.203885e+01 3.246306e+01
      vertex 1.009538e+02 1.225689e+01 3.299195e+01
    endloop
  endfacet
  facet normal 8.200190e-01 -2.194399e-01 -5.285973e-01
    outer loop
      vertex 1.009538e+02 1.225689e+01 3.299195e+01
      vertex 1.011147e+02 1.111497e+01 3.371555e+01
      vertex 1.006625e+02 1.085401e+01 3.312237e+01
    endloop
  endfacet
  facet normal 8.713818e-01 -1.690833e-01 -4.605482e-01
    outer loop
      vertex 1.013081e+02 1.249659e+01 3.357425e+01
      vertex 1.011147e+02 1.111497e+01 3.371555e+01
      vertex 1.009538e+02 1.225689e+01 3.299195e+01
    endloop
  endfacet
  facet normal 8.999467e-01 -1.671635e-01 -4.026813e-01
    outer loop
      vertex 1.014592e+02 1.139808e+01 3.436795e+01
      vertex 1.011147e+02 1.111497e+01 3.371555e+01
      vertex 1.013081e+02 1.249659e+01 3.357425e+01
    endloop
  endfacet
  facet normal 9.329106e-01 -1.176024e-01 -3.403636e-01
    outer loop
      vertex 1.015679e+02 1.275293e+01 3.419780e+01
      vertex 1.014592e+02 1.139808e+01 3.436795e+01
      vertex 1.013081e+02 1.249659e+01 3.357425e+01
    endloop
  endfacet
  facet normal 9.573915e-01 -1.103382e-01 -2.668840e-01
    outer loop
      vertex 1.016874e+02 1.169629e+01 3.506327e+01
      vertex 1.014592e+02 1.139808e+01 3.436795e+01
      vertex 1.015679e+02 1.275293e+01 3.419780e+01
    endloop
  endfacet
  facet normal 9.749664e-01 -6.413537e-02 -2.129019e-01
    outer loop
      vertex 1.017279e+02 1.302058e+01 3.484958e+01
      vertex 1.016874e+02 1.169629e+01 3.506327e+01
      vertex 1.015679e+02 1.275293e+01 3.419780e+01
    endloop
  endfacet
  facet normal 9.909295e-01 -5.037187e-02 -1.245850e-01
    outer loop
      vertex 1.016874e+02 1.169629e+01 3.506327e+01
      vertex 1.017279e+02 1.302058e+01 3.484958e+01
      vertex 1.017936e+02 1.200213e+01 3.578414e+01
    endloop
  endfacet
  facet normal 5.918627e-01 -3.143188e-01 -7.422280e-01
    outer loop
      vertex 1.000987e+02 1.565501e+01 3.049116e+01
      vertex 1.000497e+02 1.312713e+01 3.152257e+01
      vertex 9.944306e+01 1.297112e+01 3.110493e+01
    endloop
  endfacet
  facet normal 6.951166e-01 -2.831011e-01 -6.608076e-01
    outer loop
      vertex 1.000497e+02 1.312713e+01 3.152257e+01
      vertex 1.000987e+02 1.565501e+01 3.049116e+01
      vertex 1.006165e+02 1.580861e+01 3.097008e+01
    endloop
  endfacet
  facet normal 7.060468e-01 -2.830110e-01 -6.491554e-01
    outer loop
      vertex 1.006165e+02 1.580861e+01 3.097008e+01
      vertex 1.005825e+02 1.331628e+01 3.201962e+01
      vertex 1.000497e+02 1.312713e+01 3.152257e+01
    endloop
  endfacet
  facet normal 7.913100e-01 -2.464423e-01 -5.595487e-01
    outer loop
      vertex 1.005825e+02 1.331628e+01 3.201962e+01
      vertex 1.006165e+02 1.580861e+01 3.097008e+01
      vertex 1.010568e+02 1.599084e+01 3.151239e+01
    endloop
  endfacet
  facet normal 8.042064e-01 -2.452829e-01 -5.413765e-01
    outer loop
      vertex 1.010568e+02 1.599084e+01 3.151239e+01
      vertex 1.010294e+02 1.353425e+01 3.258481e+01
      vertex 1.005825e+02 1.331628e+01 3.201962e+01
    endloop
  endfacet
  facet normal 8.710011e-01 -2.046610e-01 -4.466216e-01
    outer loop
      vertex 1.014102e+02 1.619792e+01 3.210679e+01
      vertex 1.010294e+02 1.353425e+01 3.258481e+01
      vertex 1.010568e+02 1.599084e+01 3.151239e+01
    endloop
  endfacet
  facet normal 8.841314e-01 -2.019971e-01 -4.213181e-01
    outer loop
      vertex 1.013804e+02 1.377613e+01 3.320533e+01
      vertex 1.010294e+02 1.353425e+01 3.258481e+01
      vertex 1.014102e+02 1.619792e+01 3.210679e+01
    endloop
  endfacet
  facet normal 9.325322e-01 -1.586217e-01 -3.243808e-01
    outer loop
      vertex 1.016695e+02 1.642551e+01 3.274089e+01
      vertex 1.013804e+02 1.377613e+01 3.320533e+01
      vertex 1.014102e+02 1.619792e+01 3.210679e+01
    endloop
  endfacet
  facet normal 9.439985e-01 -1.541488e-01 -2.917277e-01
    outer loop
      vertex 1.016274e+02 1.403641e+01 3.386712e+01
      vertex 1.013804e+02 1.377613e+01 3.320533e+01
      vertex 1.016695e+02 1.642551e+01 3.274089e+01
    endloop
  endfacet
  facet normal 9.746160e-01 -1.092798e-01 -1.954012e-01
    outer loop
      vertex 1.018292e+02 1.666888e+01 3.340148e+01
      vertex 1.016274e+02 1.403641e+01 3.386712e+01
      vertex 1.016695e+02 1.642551e+01 3.274089e+01
    endloop
  endfacet
  facet normal 9.824681e-01 -1.028257e-01 -1.555099e-01
    outer loop
      vertex 1.017649e+02 1.430921e+01 3.455516e+01
      vertex 1.016274e+02 1.403641e+01 3.386712e+01
      vertex 1.018292e+02 1.666888e+01 3.340148e+01
    endloop
  endfacet
  facet normal 9.963870e-01 -5.766039e-02 -6.235522e-02
    outer loop
      vertex 1.018861e+02 1.692296e+01 3.407477e+01
      vertex 1.017649e+02 1.430921e+01 3.455516e+01
      vertex 1.018292e+02 1.666888e+01 3.340148e+01
    endloop
  endfacet
  facet normal 5.955195e-01 -3.289219e-01 -7.329167e-01
    outer loop
      vertex 1.005981e+02 2.077151e+01 2.864653e+01
      vertex 1.003672e+02 1.822352e+01 2.960243e+01
      vertex 9.974990e+01 1.811481e+01 2.914966e+01
    endloop
  endfacet
  facet normal 7.004415e-01 -3.054611e-01 -6.450390e-01
    outer loop
      vertex 1.003672e+02 1.822352e+01 2.960243e+01
      vertex 1.005981e+02 2.077151e+01 2.864653e+01
      vertex 1.011207e+02 2.088569e+01 2.916003e+01
    endloop
  endfacet
  facet normal 7.111740e-01 -3.064500e-01 -6.327084e-01
    outer loop
      vertex 1.011207e+02 2.088569e+01 2.916003e+01
      vertex 1.009060e+02 1.836952e+01 3.013739e+01
      vertex 1.003672e+02 1.822352e+01 2.960243e+01
    endloop
  endfacet
  facet normal 7.973257e-01 -2.764390e-01 -5.365196e-01
    outer loop
      vertex 1.009060e+02 1.836952e+01 3.013739e+01
      vertex 1.011207e+02 2.088569e+01 2.916003e+01
      vertex 1.015609e+02 2.103291e+01 2.973837e+01
    endloop
  endfacet
  facet normal 8.098147e-01 -2.766408e-01 -5.173683e-01
    outer loop
      vertex 1.015609e+02 2.103291e+01 2.973837e+01
      vertex 1.013536e+02 1.854930e+01 3.074175e+01
      vertex 1.009060e+02 1.836952e+01 3.013739e+01
    endloop
  endfacet
  facet normal 8.766590e-01 -2.413489e-01 -4.161967e-01
    outer loop
      vertex 1.013536e+02 1.854930e+01 3.074175e+01
      vertex 1.015609e+02 2.103291e+01 2.973837e+01
      vertex 1.019090e+02 2.120994e+01 3.036880e+01
    endloop
  endfacet
  facet normal 8.890724e-01 -2.402221e-01 -3.896711e-01
    outer loop
      vertex 1.019090e+02 2.120994e+01 3.036880e+01
      vertex 1.016991e+02 1.875858e+01 3.140105e+01
      vertex 1.013536e+02 1.854930e+01 3.074175e+01
    endloop
  endfacet
  facet normal 9.366949e-01 -2.009559e-01 -2.867392e-01
    outer loop
      vertex 1.021572e+02 2.141289e+01 3.103746e+01
      vertex 1.016991e+02 1.875858e+01 3.140105e+01
      vertex 1.019090e+02 2.120994e+01 3.036880e+01
    endloop
  endfacet
  facet normal 9.470676e-01 -1.980758e-01 -2.526441e-01
    outer loop
      vertex 1.019343e+02 1.899235e+01 3.209954e+01
      vertex 1.016991e+02 1.875858e+01 3.140105e+01
      vertex 1.021572e+02 2.141289e+01 3.103746e+01
    endloop
  endfacet
  facet normal 9.761288e-01 -1.561409e-01 -1.509719e-01
    outer loop
      vertex 1.023002e+02 2.163729e+01 3.172965e+01
      vertex 1.019343e+02 1.899235e+01 3.209954e+01
      vertex 1.021572e+02 2.141289e+01 3.103746e+01
    endloop
  endfacet
  facet normal 9.824064e-01 -1.512219e-01 -1.095885e-01
    outer loop
      vertex 1.020536e+02 1.924501e+01 3.282050e+01
      vertex 1.019343e+02 1.899235e+01 3.209954e+01
      vertex 1.023002e+02 2.163729e+01 3.172965e+01
    endloop
  endfacet
  facet normal 9.940919e-01 -1.078861e-01 -1.190942e-02
    outer loop
      vertex 1.023347e+02 2.187821e+01 3.243014e+01
      vertex 1.020536e+02 1.924501e+01 3.282050e+01
      vertex 1.023002e+02 2.163729e+01 3.172965e+01
    endloop
  endfacet
  facet normal 9.942529e-01 -1.007863e-01 3.609867e-02
    outer loop
      vertex 1.020542e+02 1.951053e+01 3.354668e+01
      vertex 1.020536e+02 1.924501e+01 3.282050e+01
      vertex 1.023347e+02 2.187821e+01 3.243014e+01
    endloop
  endfacet
  facet normal 6.758365e-01 -1.640615e-01 -7.185603e-01
    outer loop
      vertex 1.011322e+02 2.129522e+00 3.649901e+01
      vertex 1.016269e+02 2.484156e+00 3.688330e+01
      vertex 1.015417e+02 1.741814e+00 3.697272e+01
    endloop
  endfacet
  facet normal 7.870811e-01 -1.619593e-01 -5.952079e-01
    outer loop
      vertex 1.015417e+02 1.741814e+00 3.697272e+01
      vertex 1.016269e+02 2.484156e+00 3.688330e+01
      vertex 1.020459e+02 2.854295e+00 3.733669e+01
    endloop
  endfacet
  facet normal 7.316178e-01 -1.115268e-01 -6.725305e-01
    outer loop
      vertex 1.015417e+02 1.741814e+00 3.697272e+01
      vertex 1.020459e+02 2.854295e+00 3.733669e+01
      vertex 1.022456e+02 1.699911e+00 3.774540e+01
    endloop
  endfacet
  facet normal 8.498480e-01 -3.904444e-02 -5.255795e-01
    outer loop
      vertex 1.022456e+02 1.699911e+00 3.774540e+01
      vertex 1.020459e+02 2.854295e+00 3.733669e+01
      vertex 1.023806e+02 3.232269e+00 3.784979e+01
    endloop
  endfacet
  facet normal 8.092399e-01 -3.130767e-02 -5.866435e-01
    outer loop
      vertex 1.022456e+02 1.699911e+00 3.774540e+01
      vertex 1.023806e+02 3.232269e+00 3.784979e+01
      vertex 1.025723e+02 2.072664e+00 3.817613e+01
    endloop
  endfacet
  facet normal 9.193153e-01 -9.696734e-03 -3.934021e-01
    outer loop
      vertex 1.021942e+02 4.693220e+00 3.746436e+01
      vertex 1.017967e+02 5.848951e+00 3.650713e+01
      vertex 1.020517e+02 6.176677e+00 3.709479e+01
    endloop
  endfacet
  facet normal 9.270054e-01 -5.617832e-02 -3.708166e-01
    outer loop
      vertex 1.020517e+02 6.176677e+00 3.709479e+01
      vertex 1.017967e+02 5.848951e+00 3.650713e+01
      vertex 1.016947e+02 7.766627e+00 3.596154e+01
    endloop
  endfacet
  facet normal 9.518916e-01 -4.677028e-03 -3.063993e-01
    outer loop
      vertex 1.020517e+02 6.176677e+00 3.709479e+01
      vertex 1.016947e+02 7.766627e+00 3.596154e+01
      vertex 1.019483e+02 7.619797e+00 3.675174e+01
    endloop
  endfacet
  facet normal 9.469318e-01 -6.184179e-02 -3.154294e-01
    outer loop
      vertex 1.019483e+02 7.619797e+00 3.675174e+01
      vertex 1.016947e+02 7.766627e+00 3.596154e+01
      vertex 1.016866e+02 9.748998e+00 3.554865e+01
    endloop
  endfacet
  facet normal 9.783573e-01 3.346676e-03 -2.068959e-01
    outer loop
      vertex 1.019483e+02 7.619797e+00 3.675174e+01
      vertex 1.016866e+02 9.748998e+00 3.554865e+01
      vertex 1.018732e+02 9.072770e+00 3.641981e+01
    endloop
  endfacet
  facet normal 9.644232e-01 -6.430164e-02 -2.564238e-01
    outer loop
      vertex 1.018732e+02 9.072770e+00 3.641981e+01
      vertex 1.016866e+02 9.748998e+00 3.554865e+01
      vertex 1.016874e+02 1.169629e+01 3.506327e+01
    endloop
  endfacet
  facet normal 9.895806e-01 -4.345265e-03 -1.439142e-01
    outer loop
      vertex 1.018732e+02 9.072770e+00 3.641981e+01
      vertex 1.016874e+02 1.169629e+01 3.506327e+01
      vertex 1.017936e+02 1.200213e+01 3.578414e+01
    endloop
  endfacet
  facet normal 8.044872e-01 -2.336305e-01 -5.460925e-01
    outer loop
      vertex 1.010294e+02 1.353425e+01 3.258481e+01
      vertex 1.005125e+02 1.203885e+01 3.246306e+01
      vertex 1.005825e+02 1.331628e+01 3.201962e+01
    endloop
  endfacet
  facet normal 6.954588e-01 -2.693451e-01 -6.661759e-01
    outer loop
      vertex 1.005825e+02 1.331628e+01 3.201962e+01
      vertex 1.005125e+02 1.203885e+01 3.246306e+01
      vertex 9.999334e+01 1.184701e+01 3.199863e+01
    endloop
  endfacet
  facet normal 7.062469e-01 -2.738611e-01 -6.528517e-01
    outer loop
      vertex 1.005825e+02 1.331628e+01 3.201962e+01
      vertex 9.999334e+01 1.184701e+01 3.199863e+01
      vertex 1.000497e+02 1.312713e+01 3.152257e+01
    endloop
  endfacet
  facet normal 5.846401e-01 -3.052614e-01 -7.516724e-01
    outer loop
      vertex 1.000497e+02 1.312713e+01 3.152257e+01
      vertex 9.999334e+01 1.184701e+01 3.199863e+01
      vertex 9.940717e+01 1.168539e+01 3.160835e+01
    endloop
  endfacet
  facet normal 5.919867e-01 -3.081218e-01 -7.447232e-01
    outer loop
      vertex 1.000497e+02 1.312713e+01 3.152257e+01
      vertex 9.940717e+01 1.168539e+01 3.160835e+01
      vertex 9.944306e+01 1.297112e+01 3.110493e+01
    endloop
  endfacet
  facet normal 4.616079e-01 -3.345725e-01 -8.215713e-01
    outer loop
      vertex 9.944306e+01 1.297112e+01 3.110493e+01
      vertex 9.940717e+01 1.168539e+01 3.160835e+01
      vertex 9.876624e+01 1.155730e+01 3.130040e+01
    endloop
  endfacet
  facet normal 4.643066e-01 -3.355961e-01 -8.196307e-01
    outer loop
      vertex 9.944306e+01 1.297112e+01 3.110493e+01
      vertex 9.876624e+01 1.155730e+01 3.130040e+01
      vertex 9.877644e+01 1.285165e+01 3.077621e+01
    endloop
  endfacet
  facet normal 7.917557e-01 -2.275374e-01 -5.668771e-01
    outer loop
      vertex 1.005125e+02 1.203885e+01 3.246306e+01
      vertex 1.010294e+02 1.353425e+01 3.258481e+01
      vertex 1.009538e+02 1.225689e+01 3.299195e+01
    endloop
  endfacet
  facet normal 8.844932e-01 -1.883871e-01 -4.268278e-01
    outer loop
      vertex 1.009538e+02 1.225689e+01 3.299195e+01
      vertex 1.010294e+02 1.353425e+01 3.258481e+01
      vertex 1.013804e+02 1.377613e+01 3.320533e+01
    endloop
  endfacet
  facet normal 8.715202e-01 -1.806664e-01 -4.558643e-01
    outer loop
      vertex 1.009538e+02 1.225689e+01 3.299195e+01
      vertex 1.013804e+02 1.377613e+01 3.320533e+01
      vertex 1.013081e+02 1.249659e+01 3.357425e+01
    endloop
  endfacet
  facet normal 9.444344e-01 -1.392033e-01 -2.977686e-01
    outer loop
      vertex 1.013081e+02 1.249659e+01 3.357425e+01
      vertex 1.013804e+02 1.377613e+01 3.320533e+01
      vertex 1.016274e+02 1.403641e+01 3.386712e+01
    endloop
  endfacet
  facet normal 9.330825e-01 -1.296785e-01 -3.354706e-01
    outer loop
      vertex 1.013081e+02 1.249659e+01 3.357425e+01
      vertex 1.016274e+02 1.403641e+01 3.386712e+01
      vertex 1.015679e+02 1.275293e+01 3.419780e+01
    endloop
  endfacet
  facet normal 9.829617e-01 -8.724175e-02 -1.617872e-01
    outer loop
      vertex 1.015679e+02 1.275293e+01 3.419780e+01
      vertex 1.016274e+02 1.403641e+01 3.386712e+01
      vertex 1.017649e+02 1.430921e+01 3.455516e+01
    endloop
  endfacet
  facet normal 9.751515e-01 -7.558508e-02 -2.082456e-01
    outer loop
      vertex 1.015679e+02 1.275293e+01 3.419780e+01
      vertex 1.017649e+02 1.430921e+01 3.455516e+01
      vertex 1.017279e+02 1.302058e+01 3.484958e+01
    endloop
  endfacet
  facet normal 9.995584e-01 -2.950854e-02 -3.504229e-03
    outer loop
      vertex 1.017279e+02 1.302058e+01 3.484958e+01
      vertex 1.017649e+02 1.430921e+01 3.455516e+01
      vertex 1.018005e+02 1.545219e+01 3.508242e+01
    endloop
  endfacet
  facet normal 9.954735e-01 -2.084299e-02 -9.272519e-02
    outer loop
      vertex 1.017279e+02 1.302058e+01 3.484958e+01
      vertex 1.018005e+02 1.545219e+01 3.508242e+01
      vertex 1.017936e+02 1.200213e+01 3.578414e+01
    endloop
  endfacet
  facet normal 9.901963e-01 -5.724266e-02 1.274155e-01
    outer loop
      vertex 1.023347e+02 2.187821e+01 3.243014e+01
      vertex 1.022601e+02 2.213035e+01 3.312352e+01
      vertex 1.020542e+02 1.951053e+01 3.354668e+01
    endloop
  endfacet
  facet normal 9.614655e-01 -3.144937e-02 2.731210e-01
    outer loop
      vertex 1.020542e+02 1.951053e+01 3.354668e+01
      vertex 1.022601e+02 2.213035e+01 3.312352e+01
      vertex 1.020779e+02 2.238815e+01 3.379454e+01
    endloop
  endfacet
  facet normal 9.867380e-01 -2.198560e-02 1.608257e-01
    outer loop
      vertex 1.020542e+02 1.951053e+01 3.354668e+01
      vertex 1.020779e+02 2.238815e+01 3.379454e+01
      vertex 1.018984e+02 1.891488e+01 3.442060e+01
    endloop
  endfacet
  facet normal 6.081953e-01 -2.391700e-01 -7.568991e-01
    outer loop
      vertex 1.008353e+02 2.245497e+00 3.622381e+01
      vertex 1.008883e+02 3.576493e+00 3.584585e+01
      vertex 1.011322e+02 2.129522e+00 3.649901e+01
    endloop
  endfacet
  facet normal 7.120662e-01 -1.856544e-01 -6.771219e-01
    outer loop
      vertex 1.011322e+02 2.129522e+00 3.649901e+01
      vertex 1.008883e+02 3.576493e+00 3.584585e+01
      vertex 1.014235e+02 3.932734e+00 3.631095e+01
    endloop
  endfacet
  facet normal 6.818792e-01 -1.839923e-01 -7.079460e-01
    outer loop
      vertex 1.011322e+02 2.129522e+00 3.649901e+01
      vertex 1.014235e+02 3.932734e+00 3.631095e+01
      vertex 1.016269e+02 2.484156e+00 3.688330e+01
    endloop
  endfacet
  facet normal 8.100727e-01 -1.135569e-01 -5.752278e-01
    outer loop
      vertex 1.016269e+02 2.484156e+00 3.688330e+01
      vertex 1.014235e+02 3.932734e+00 3.631095e+01
      vertex 1.018625e+02 4.308128e+00 3.685502e+01
    endloop
  endfacet
  facet normal 7.729467e-01 -1.095322e-01 -6.249449e-01
    outer loop
      vertex 1.016269e+02 2.484156e+00 3.688330e+01
      vertex 1.018625e+02 4.308128e+00 3.685502e+01
      vertex 1.020459e+02 2.854295e+00 3.733669e+01
    endloop
  endfacet
  facet normal 8.879467e-01 -3.978557e-02 -4.582225e-01
    outer loop
      vertex 1.020459e+02 2.854295e+00 3.733669e+01
      vertex 1.018625e+02 4.308128e+00 3.685502e+01
      vertex 1.021942e+02 4.693220e+00 3.746436e+01
    endloop
  endfacet
  facet normal 8.476362e-01 -3.157727e-02 -5.296374e-01
    outer loop
      vertex 1.020459e+02 2.854295e+00 3.733669e+01
      vertex 1.021942e+02 4.693220e+00 3.746436e+01
      vertex 1.023806e+02 3.232269e+00 3.784979e+01
    endloop
  endfacet
  facet normal 5.994629e-01 -2.762499e-01 -7.512192e-01
    outer loop
      vertex 1.003595e+02 6.839835e+00 3.426320e+01
      vertex 9.993028e+01 4.670862e+00 3.471833e+01
      vertex 9.973204e+01 6.584242e+00 3.385651e+01
    endloop
  endfacet
  facet normal 4.603885e-01 -3.244734e-01 -8.262926e-01
    outer loop
      vertex 9.973204e+01 6.584242e+00 3.385651e+01
      vertex 9.993028e+01 4.670862e+00 3.471833e+01
      vertex 9.930042e+01 4.440105e+00 3.445800e+01
    endloop
  endfacet
  facet normal 4.669951e-01 -3.247322e-01 -8.224747e-01
    outer loop
      vertex 9.973204e+01 6.584242e+00 3.385651e+01
      vertex 9.930042e+01 4.440105e+00 3.445800e+01
      vertex 9.903780e+01 6.366584e+00 3.354826e+01
    endloop
  endfacet
  facet normal 5.813662e-01 -2.756698e-01 -7.655191e-01
    outer loop
      vertex 9.993028e+01 4.670862e+00 3.471833e+01
      vertex 1.003595e+02 6.839835e+00 3.426320e+01
      vertex 1.005061e+02 4.932804e+00 3.506127e+01
    endloop
  endfacet
  facet normal 7.170200e-01 -2.214727e-01 -6.609328e-01
    outer loop
      vertex 1.005061e+02 4.932804e+00 3.506127e+01
      vertex 1.003595e+02 6.839835e+00 3.426320e+01
      vertex 1.009044e+02 7.126979e+00 3.475815e+01
    endloop
  endfacet
  facet normal 6.901968e-01 -2.205091e-01 -6.892054e-01
    outer loop
      vertex 1.005061e+02 4.932804e+00 3.506127e+01
      vertex 1.009044e+02 7.126979e+00 3.475815e+01
      vertex 1.010158e+02 5.220507e+00 3.547973e+01
    endloop
  endfacet
  facet normal 8.167621e-01 -1.618627e-01 -5.538052e-01
    outer loop
      vertex 1.010158e+02 5.220507e+00 3.547973e+01
      vertex 1.009044e+02 7.126979e+00 3.475815e+01
      vertex 1.013532e+02 7.438504e+00 3.532902e+01
    endloop
  endfacet
  facet normal 7.846061e-01 -1.600414e-01 -5.989826e-01
    outer loop
      vertex 1.010158e+02 5.220507e+00 3.547973e+01
      vertex 1.013532e+02 7.438504e+00 3.532902e+01
      vertex 1.014491e+02 5.528012e+00 3.596503e+01
    endloop
  endfacet
  facet normal 8.961869e-01 -9.901610e-02 -4.324868e-01
    outer loop
      vertex 1.014491e+02 5.528012e+00 3.596503e+01
      vertex 1.013532e+02 7.438504e+00 3.532902e+01
      vertex 1.016947e+02 7.766627e+00 3.596154e+01
    endloop
  endfacet
  facet normal 8.626273e-01 -9.543370e-02 -4.967561e-01
    outer loop
      vertex 1.014491e+02 5.528012e+00 3.596503e+01
      vertex 1.016947e+02 7.766627e+00 3.596154e+01
      vertex 1.017967e+02 5.848951e+00 3.650713e+01
    endloop
  endfacet
  facet normal 5.868855e-01 -2.872788e-01 -7.569916e-01
    outer loop
      vertex 1.001144e+02 8.686552e+00 3.335509e+01
      vertex 9.973204e+01 6.584242e+00 3.385651e+01
      vertex 9.952100e+01 8.481070e+00 3.297305e+01
    endloop
  endfacet
  facet normal 4.675625e-01 -3.299370e-01 -8.200774e-01
    outer loop
      vertex 9.952100e+01 8.481070e+00 3.297305e+01
      vertex 9.973204e+01 6.584242e+00 3.385651e+01
      vertex 9.903780e+01 6.366584e+00 3.354826e+01
    endloop
  endfacet
  facet normal 4.624920e-01 -3.295963e-01 -8.230841e-01
    outer loop
      vertex 9.952100e+01 8.481070e+00 3.297305e+01
      vertex 9.903780e+01 6.366584e+00 3.354826e+01
      vertex 9.887077e+01 8.309403e+00 3.267643e+01
    endloop
  endfacet
  facet normal 7.192829e-01 -2.514393e-01 -6.476190e-01
    outer loop
      vertex 1.006625e+02 1.085401e+01 3.312237e+01
      vertex 1.001144e+02 8.686552e+00 3.335509e+01
      vertex 1.001139e+02 1.062173e+01 3.260321e+01
    endloop
  endfacet
  facet normal 5.872635e-01 -2.930000e-01 -7.545016e-01
    outer loop
      vertex 1.001139e+02 1.062173e+01 3.260321e+01
      vertex 1.001144e+02 8.686552e+00 3.335509e+01
      vertex 9.952100e+01 8.481070e+00 3.297305e+01
    endloop
  endfacet
  facet normal 6.009239e-01 -2.947892e-01 -7.429601e-01
    outer loop
      vertex 1.001139e+02 1.062173e+01 3.260321e+01
      vertex 9.952100e+01 8.481070e+00 3.297305e+01
      vertex 9.948254e+01 1.042394e+01 3.217105e+01
    endloop
  endfacet
  facet normal 4.625471e-01 -3.304494e-01 -8.227110e-01
    outer loop
      vertex 9.948254e+01 1.042394e+01 3.217105e+01
      vertex 9.952100e+01 8.481070e+00 3.297305e+01
      vertex 9.887077e+01 8.309403e+00 3.267643e+01
    endloop
  endfacet
  facet normal 4.675679e-01 -3.311546e-01 -8.195834e-01
    outer loop
      vertex 9.948254e+01 1.042394e+01 3.217105e+01
      vertex 9.887077e+01 8.309403e+00 3.267643e+01
      vertex 9.878427e+01 1.026556e+01 3.183669e+01
    endloop
  endfacet
  facet normal 6.992646e-01 -2.487982e-01 -6.701704e-01
    outer loop
      vertex 1.001144e+02 8.686552e+00 3.335509e+01
      vertex 1.006625e+02 1.085401e+01 3.312237e+01
      vertex 1.006380e+02 8.921412e+00 3.381430e+01
    endloop
  endfacet
  facet normal 8.196921e-01 -2.022534e-01 -5.359089e-01
    outer loop
      vertex 1.006380e+02 8.921412e+00 3.381430e+01
      vertex 1.006625e+02 1.085401e+01 3.312237e+01
      vertex 1.011147e+02 1.111497e+01 3.371555e+01
    endloop
  endfacet
  facet normal 7.961252e-01 -1.987372e-01 -5.715664e-01
    outer loop
      vertex 1.006380e+02 8.921412e+00 3.381430e+01
      vertex 1.011147e+02 1.111497e+01 3.371555e+01
      vertex 1.010807e+02 9.180574e+00 3.434075e+01
    endloop
  endfacet
  facet normal 8.996356e-01 -1.485346e-01 -4.106013e-01
    outer loop
      vertex 1.010807e+02 9.180574e+00 3.434075e+01
      vertex 1.011147e+02 1.111497e+01 3.371555e+01
      vertex 1.014592e+02 1.139808e+01 3.436795e+01
    endloop
  endfacet
  facet normal 8.757478e-01 -1.438405e-01 -4.608424e-01
    outer loop
      vertex 1.010807e+02 9.180574e+00 3.434075e+01
      vertex 1.014592e+02 1.139808e+01 3.436795e+01
      vertex 1.014327e+02 9.458438e+00 3.492306e+01
    endloop
  endfacet
  facet normal 9.571219e-01 -9.170437e-02 -2.747871e-01
    outer loop
      vertex 1.014327e+02 9.458438e+00 3.492306e+01
      vertex 1.014592e+02 1.139808e+01 3.436795e+01
      vertex 1.016874e+02 1.169629e+01 3.506327e+01
    endloop
  endfacet
  facet normal 9.363954e-01 -8.523221e-02 -3.404396e-01
    outer loop
      vertex 1.014327e+02 9.458438e+00 3.492306e+01
      vertex 1.016874e+02 1.169629e+01 3.506327e+01
      vertex 1.016866e+02 9.748998e+00 3.554865e+01
    endloop
  endfacet
  facet normal 5.846197e-01 -3.011243e-01 -7.533551e-01
    outer loop
      vertex 9.999334e+01 1.184701e+01 3.199863e+01
      vertex 9.948254e+01 1.042394e+01 3.217105e+01
      vertex 9.940717e+01 1.168539e+01 3.160835e+01
    endloop
  endfacet
  facet normal 4.677029e-01 -3.366224e-01 -8.172755e-01
    outer loop
      vertex 9.940717e+01 1.168539e+01 3.160835e+01
      vertex 9.948254e+01 1.042394e+01 3.217105e+01
      vertex 9.878427e+01 1.026556e+01 3.183669e+01
    endloop
  endfacet
  facet normal 4.616080e-01 -3.346352e-01 -8.215457e-01
    outer loop
      vertex 9.940717e+01 1.168539e+01 3.160835e+01
      vertex 9.878427e+01 1.026556e+01 3.183669e+01
      vertex 9.876624e+01 1.155730e+01 3.130040e+01
    endloop
  endfacet
  facet normal 5.844140e-01 -3.138853e-01 -7.482889e-01
    outer loop
      vertex 1.000987e+02 1.565501e+01 3.049116e+01
      vertex 9.944306e+01 1.297112e+01 3.110493e+01
      vertex 9.951404e+01 1.553326e+01 3.008562e+01
    endloop
  endfacet
  facet normal 4.642532e-01 -3.384790e-01 -8.184747e-01
    outer loop
      vertex 9.951404e+01 1.553326e+01 3.008562e+01
      vertex 9.944306e+01 1.297112e+01 3.110493e+01
      vertex 9.877644e+01 1.285165e+01 3.077621e+01
    endloop
  endfacet
  facet normal 4.615185e-01 -3.381587e-01 -8.201520e-01
    outer loop
      vertex 9.951404e+01 1.553326e+01 3.008562e+01
      vertex 9.877644e+01 1.285165e+01 3.077621e+01
      vertex 9.887474e+01 1.544565e+01 2.976199e+01
    endloop
  endfacet
  facet normal 9.875881e-01 -3.280659e-02 1.536018e-01
    outer loop
      vertex 1.018984e+02 1.891488e+01 3.442060e+01
      vertex 1.018861e+02 1.692296e+01 3.407477e+01
      vertex 1.020542e+02 1.951053e+01 3.354668e+01
    endloop
  endfacet
  facet normal 9.955709e-01 -7.597453e-02 -5.537520e-02
    outer loop
      vertex 1.020542e+02 1.951053e+01 3.354668e+01
      vertex 1.018861e+02 1.692296e+01 3.407477e+01
      vertex 1.018292e+02 1.666888e+01 3.340148e+01
    endloop
  endfacet
  facet normal 9.963576e-01 -8.032876e-02 2.861713e-02
    outer loop
      vertex 1.020542e+02 1.951053e+01 3.354668e+01
      vertex 1.018292e+02 1.666888e+01 3.340148e+01
      vertex 1.020536e+02 1.924501e+01 3.282050e+01
    endloop
  endfacet
  facet normal 9.737741e-01 -1.273373e-01 -1.885449e-01
    outer loop
      vertex 1.020536e+02 1.924501e+01 3.282050e+01
      vertex 1.018292e+02 1.666888e+01 3.340148e+01
      vertex 1.016695e+02 1.642551e+01 3.274089e+01
    endloop
  endfacet
  facet normal 9.844693e-01 -1.308119e-01 -1.170827e-01
    outer loop
      vertex 1.020536e+02 1.924501e+01 3.282050e+01
      vertex 1.016695e+02 1.642551e+01 3.274089e+01
      vertex 1.019343e+02 1.899235e+01 3.209954e+01
    endloop
  endfacet
  facet normal 9.317068e-01 -1.755615e-01 -3.179633e-01
    outer loop
      vertex 1.019343e+02 1.899235e+01 3.209954e+01
      vertex 1.016695e+02 1.642551e+01 3.274089e+01
      vertex 1.014102e+02 1.619792e+01 3.210679e+01
    endloop
  endfacet
  facet normal 9.489945e-01 -1.786527e-01 -2.597935e-01
    outer loop
      vertex 1.019343e+02 1.899235e+01 3.209954e+01
      vertex 1.014102e+02 1.619792e+01 3.210679e+01
      vertex 1.016991e+02 1.875858e+01 3.140105e+01
    endloop
  endfacet
  facet normal 8.702384e-01 -2.196916e-01 -4.409317e-01
    outer loop
      vertex 1.016991e+02 1.875858e+01 3.140105e+01
      vertex 1.014102e+02 1.619792e+01 3.210679e+01
      vertex 1.010568e+02 1.599084e+01 3.151239e+01
    endloop
  endfacet
  facet normal 8.907830e-01 -2.226577e-01 -3.961428e-01
    outer loop
      vertex 1.016991e+02 1.875858e+01 3.140105e+01
      vertex 1.010568e+02 1.599084e+01 3.151239e+01
      vertex 1.013536e+02 1.854930e+01 3.074175e+01
    endloop
  endfacet
  facet normal 7.906572e-01 -2.588475e-01 -5.548504e-01
    outer loop
      vertex 1.013536e+02 1.854930e+01 3.074175e+01
      vertex 1.010568e+02 1.599084e+01 3.151239e+01
      vertex 1.006165e+02 1.580861e+01 3.097008e+01
    endloop
  endfacet
  facet normal 8.112431e-01 -2.617187e-01 -5.228651e-01
    outer loop
      vertex 1.013536e+02 1.854930e+01 3.074175e+01
      vertex 1.006165e+02 1.580861e+01 3.097008e+01
      vertex 1.009060e+02 1.836952e+01 3.013739e+01
    endloop
  endfacet
  facet normal 6.946201e-01 -2.922582e-01 -6.573341e-01
    outer loop
      vertex 1.009060e+02 1.836952e+01 3.013739e+01
      vertex 1.006165e+02 1.580861e+01 3.097008e+01
      vertex 1.000987e+02 1.565501e+01 3.049116e+01
    endloop
  endfacet
  facet normal 7.122673e-01 -2.948534e-01 -6.369746e-01
    outer loop
      vertex 1.009060e+02 1.836952e+01 3.013739e+01
      vertex 1.000987e+02 1.565501e+01 3.049116e+01
      vertex 1.003672e+02 1.822352e+01 2.960243e+01
    endloop
  endfacet
  facet normal 5.841154e-01 -3.192658e-01 -7.462429e-01
    outer loop
      vertex 1.003672e+02 1.822352e+01 2.960243e+01
      vertex 1.000987e+02 1.565501e+01 3.049116e+01
      vertex 9.951404e+01 1.553326e+01 3.008562e+01
    endloop
  endfacet
  facet normal 5.962366e-01 -3.212237e-01 -7.357426e-01
    outer loop
      vertex 1.003672e+02 1.822352e+01 2.960243e+01
      vertex 9.951404e+01 1.553326e+01 3.008562e+01
      vertex 9.974990e+01 1.811481e+01 2.914966e+01
    endloop
  endfacet
  facet normal 4.614518e-01 -3.393479e-01 -8.196983e-01
    outer loop
      vertex 9.974990e+01 1.811481e+01 2.914966e+01
      vertex 9.951404e+01 1.553326e+01 3.008562e+01
      vertex 9.887474e+01 1.544565e+01 2.976199e+01
    endloop
  endfacet
  facet normal 4.659190e-01 -3.401549e-01 -8.168318e-01
    outer loop
      vertex 9.974990e+01 1.811481e+01 2.914966e+01
      vertex 9.887474e+01 1.544565e+01 2.976199e+01
      vertex 9.906892e+01 1.804565e+01 2.879003e+01
    endloop
  endfacet
  facet normal 5.881462e-01 -3.277865e-01 -7.393511e-01
    outer loop
      vertex 1.005981e+02 2.077151e+01 2.864653e+01
      vertex 9.974990e+01 1.811481e+01 2.914966e+01
      vertex 1.000044e+02 2.069290e+01 2.820914e+01
    endloop
  endfacet
  facet normal 4.656109e-01 -3.435076e-01 -8.156034e-01
    outer loop
      vertex 1.000044e+02 2.069290e+01 2.820914e+01
      vertex 9.974990e+01 1.811481e+01 2.914966e+01
      vertex 9.906892e+01 1.804565e+01 2.879003e+01
    endloop
  endfacet
  facet normal 4.628885e-01 -3.429379e-01 -8.173909e-01
    outer loop
      vertex 1.000044e+02 2.069290e+01 2.820914e+01
      vertex 9.906892e+01 1.804565e+01 2.879003e+01
      vertex 9.935283e+01 2.065158e+01 2.785748e+01
    endloop
  endfacet
  facet normal 4.602854e-01 -3.238531e-01 -8.265933e-01
    outer loop
      vertex 9.951960e+01 3.263428e+00 3.504106e+01
      vertex 9.930042e+01 4.440105e+00 3.445800e+01
      vertex 9.993028e+01 4.670862e+00 3.471833e+01
    endloop
  endfacet
  facet normal 4.654353e-01 -3.246238e-01 -8.234012e-01
    outer loop
      vertex 9.951960e+01 3.263428e+00 3.504106e+01
      vertex 9.993028e+01 4.670862e+00 3.471833e+01
      vertex 1.002705e+02 3.248377e+00 3.547143e+01
    endloop
  endfacet
  facet normal 4.689307e-01 -3.052209e-01 -8.288209e-01
    outer loop
      vertex 9.951960e+01 3.263428e+00 3.504106e+01
      vertex 1.002705e+02 3.248377e+00 3.547143e+01
      vertex 1.002907e+02 2.655875e+00 3.570107e+01
    endloop
  endfacet
  facet normal 9.883667e-01 2.188817e-02 1.505069e-01
    outer loop
      vertex 1.020779e+02 4.761185e+01 3.379453e+01
      vertex 1.020466e+02 5.059128e+01 3.356690e+01
      vertex 1.018759e+02 5.167274e+01 3.453015e+01
    endloop
  endfacet
  facet normal 9.615326e-01 3.096010e-02 2.729403e-01
    outer loop
      vertex 1.020779e+02 4.761185e+01 3.379453e+01
      vertex 1.022600e+02 4.786965e+01 3.312351e+01
      vertex 1.020466e+02 5.059128e+01 3.356690e+01
    endloop
  endfacet
  facet normal 7.869886e-01 1.518713e-02 -6.167806e-01
    outer loop
      vertex 1.028111e+02 6.905211e+01 3.851730e+01
      vertex 1.026496e+02 6.832433e+01 3.829328e+01
      vertex 1.025193e+02 6.888536e+01 3.814092e+01
    endloop
  endfacet
  facet normal 6.916682e-01 1.631986e-01 -7.035348e-01
    outer loop
      vertex 1.017915e+02 6.838922e+01 3.724868e+01
      vertex 1.016423e+02 6.760674e+01 3.692052e+01
      vertex 1.015416e+02 6.825807e+01 3.697254e+01
    endloop
  endfacet
  facet normal 6.025137e-01 3.558983e-01 -7.143624e-01
    outer loop
      vertex 1.015416e+02 6.825807e+01 3.697254e+01
      vertex 1.022101e+02 6.869740e+01 3.775527e+01
      vertex 1.017915e+02 6.838922e+01 3.724868e+01
    endloop
  endfacet
  facet normal 5.145589e-01 4.133000e-01 -7.512737e-01
    outer loop
      vertex 1.010059e+02 6.787931e+01 3.639727e+01
      vertex 1.015416e+02 6.825807e+01 3.697254e+01
      vertex 1.011506e+02 6.796127e+01 3.654146e+01
    endloop
  endfacet
  facet normal 5.918000e-01 2.641335e-01 -7.615814e-01
    outer loop
      vertex 1.010030e+02 6.716836e+01 3.617689e+01
      vertex 1.005858e+02 6.577135e+01 3.536820e+01
      vertex 1.004371e+02 6.745610e+01 3.583694e+01
    endloop
  endfacet
  facet normal 5.861500e-01 2.377020e-01 -7.745489e-01
    outer loop
      vertex 1.004371e+02 6.745610e+01 3.583694e+01
      vertex 1.010059e+02 6.787931e+01 3.639727e+01
      vertex 1.010030e+02 6.716836e+01 3.617689e+01
    endloop
  endfacet
  facet normal 9.933249e-01 4.805592e-02 -1.048635e-01
    outer loop
      vertex 1.017896e+02 5.764091e+01 3.570936e+01
      vertex 1.017545e+02 5.600068e+01 3.462518e+01
      vertex 1.016856e+02 5.846751e+01 3.510320e+01
    endloop
  endfacet
  facet normal 6.729667e-01 1.617611e-01 -7.217681e-01
    outer loop
      vertex 1.011506e+02 6.796127e+01 3.654146e+01
      vertex 1.015416e+02 6.825807e+01 3.697254e+01
      vertex 1.016423e+02 6.760674e+01 3.692052e+01
    endloop
  endfacet
  facet normal 4.757053e-01 3.185515e-01 -8.198960e-01
    outer loop
      vertex 9.971846e+01 6.689592e+01 3.520235e+01
      vertex 1.004371e+02 6.745610e+01 3.583694e+01
      vertex 1.000311e+02 6.603554e+01 3.504946e+01
    endloop
  endfacet
  facet normal 5.724348e-01 2.662973e-01 -7.755024e-01
    outer loop
      vertex 1.004371e+02 6.745610e+01 3.583694e+01
      vertex 1.005858e+02 6.577135e+01 3.536820e+01
      vertex 1.000311e+02 6.603554e+01 3.504946e+01
    endloop
  endfacet
  facet normal 6.767941e-01 2.068721e-01 -7.065082e-01
    outer loop
      vertex 1.010803e+02 6.548347e+01 3.575764e+01
      vertex 1.005858e+02 6.577135e+01 3.536820e+01
      vertex 1.010030e+02 6.716836e+01 3.617689e+01
    endloop
  endfacet
  facet normal 7.014441e-01 2.022596e-01 -6.834232e-01
    outer loop
      vertex 1.010030e+02 6.716836e+01 3.617689e+01
      vertex 1.015186e+02 6.681295e+01 3.660092e+01
      vertex 1.010803e+02 6.548347e+01 3.575764e+01
    endloop
  endfacet
  facet normal 7.680188e-01 1.428125e-01 -6.243010e-01
    outer loop
      vertex 1.010803e+02 6.548347e+01 3.575764e+01
      vertex 1.015186e+02 6.681295e+01 3.660092e+01
      vertex 1.015052e+02 6.517739e+01 3.621029e+01
    endloop
  endfacet
  facet normal 7.974018e-01 1.339937e-01 -5.883844e-01
    outer loop
      vertex 1.015052e+02 6.517739e+01 3.621029e+01
      vertex 1.015186e+02 6.681295e+01 3.660092e+01
      vertex 1.019487e+02 6.644029e+01 3.709899e+01
    endloop
  endfacet
  facet normal 8.445676e-01 7.633030e-02 -5.299804e-01
    outer loop
      vertex 1.015052e+02 6.517739e+01 3.621029e+01
      vertex 1.019487e+02 6.644029e+01 3.709899e+01
      vertex 1.018523e+02 6.485899e+01 3.671751e+01
    endloop
  endfacet
  facet normal 9.049811e-01 8.721601e-03 -4.253623e-01
    outer loop
      vertex 1.018523e+02 6.485899e+01 3.671751e+01
      vertex 1.022836e+02 6.605891e+01 3.765972e+01
      vertex 1.021149e+02 6.453438e+01 3.726955e+01
    endloop
  endfacet
  facet normal 6.013101e-01 2.894548e-01 -7.447429e-01
    outer loop
      vertex 9.972815e+01 6.336549e+01 3.383449e+01
      vertex 1.003568e+02 6.311007e+01 3.424281e+01
      vertex 1.001332e+02 6.204893e+01 3.364985e+01
    endloop
  endfacet
  facet normal 6.902312e-01 2.366588e-01 -6.837934e-01
    outer loop
      vertex 1.006461e+02 6.181315e+01 3.408599e+01
      vertex 1.001332e+02 6.204893e+01 3.364985e+01
      vertex 1.003568e+02 6.311007e+01 3.424281e+01
    endloop
  endfacet
  facet normal 7.195339e-01 2.393403e-01 -6.519104e-01
    outer loop
      vertex 1.003568e+02 6.311007e+01 3.424281e+01
      vertex 1.009026e+02 6.282294e+01 3.473975e+01
      vertex 1.006461e+02 6.181315e+01 3.408599e+01
    endloop
  endfacet
  facet normal 7.851828e-01 1.835234e-01 -5.914448e-01
    outer loop
      vertex 1.010837e+02 6.155465e+01 3.458663e+01
      vertex 1.006461e+02 6.181315e+01 3.408599e+01
      vertex 1.009026e+02 6.282294e+01 3.473975e+01
    endloop
  endfacet
  facet normal 8.196206e-01 1.825960e-01 -5.430292e-01
    outer loop
      vertex 1.009026e+02 6.282294e+01 3.473975e+01
      vertex 1.013517e+02 6.251131e+01 3.531281e+01
      vertex 1.010837e+02 6.155465e+01 3.458663e+01
    endloop
  endfacet
  facet normal 8.642040e-01 1.273848e-01 -4.867489e-01
    outer loop
      vertex 1.010837e+02 6.155465e+01 3.458663e+01
      vertex 1.013517e+02 6.251131e+01 3.531281e+01
      vertex 1.014369e+02 6.127870e+01 3.514158e+01
    endloop
  endfacet
  facet normal 8.990781e-01 1.206401e-01 -4.208377e-01
    outer loop
      vertex 1.014369e+02 6.127870e+01 3.514158e+01
      vertex 1.013517e+02 6.251131e+01 3.531281e+01
      vertex 1.016929e+02 6.218299e+01 3.594764e+01
    endloop
  endfacet
  facet normal 9.257055e-01 6.941184e-02 -3.718217e-01
    outer loop
      vertex 1.014369e+02 6.127870e+01 3.514158e+01
      vertex 1.016929e+02 6.218299e+01 3.594764e+01
      vertex 1.016987e+02 6.099091e+01 3.573954e+01
    endloop
  endfacet
  facet normal 5.903000e-01 3.028820e-01 -7.482034e-01
    outer loop
      vertex 1.000338e+02 5.718067e+01 3.163593e+01
      vertex 9.943204e+01 5.733807e+01 3.122486e+01
      vertex 9.948306e+01 5.973949e+01 3.223723e+01
    endloop
  endfacet
  facet normal 6.000404e-01 3.031249e-01 -7.403154e-01
    outer loop
      vertex 9.948306e+01 5.973949e+01 3.223723e+01
      vertex 1.001113e+02 5.954102e+01 3.266520e+01
      vertex 1.000338e+02 5.718067e+01 3.163593e+01
    endloop
  endfacet
  facet normal 7.037815e-01 2.644219e-01 -6.593729e-01
    outer loop
      vertex 1.005635e+02 5.699087e+01 3.212514e+01
      vertex 1.000338e+02 5.718067e+01 3.163593e+01
      vertex 1.001113e+02 5.954102e+01 3.266520e+01
    endloop
  endfacet
  facet normal 7.179741e-01 2.637202e-01 -6.441776e-01
    outer loop
      vertex 1.001113e+02 5.954102e+01 3.266520e+01
      vertex 1.006580e+02 5.930852e+01 3.317935e+01
      vertex 1.005635e+02 5.699087e+01 3.212514e+01
    endloop
  endfacet
  facet normal 8.016050e-01 2.201325e-01 -5.558516e-01
    outer loop
      vertex 1.010092e+02 5.677287e+01 3.268163e+01
      vertex 1.005635e+02 5.699087e+01 3.212514e+01
      vertex 1.006580e+02 5.930852e+01 3.317935e+01
    endloop
  endfacet
  facet normal 8.181704e-01 2.177724e-01 -5.321395e-01
    outer loop
      vertex 1.006580e+02 5.930852e+01 3.317935e+01
      vertex 1.011096e+02 5.904772e+01 3.376698e+01
      vertex 1.010092e+02 5.677287e+01 3.268163e+01
    endloop
  endfacet
  facet normal 8.815843e-01 1.709959e-01 -4.399652e-01
    outer loop
      vertex 1.010092e+02 5.677287e+01 3.268163e+01
      vertex 1.011096e+02 5.904772e+01 3.376698e+01
      vertex 1.013612e+02 5.653153e+01 3.329301e+01
    endloop
  endfacet
  facet normal 8.981482e-01 1.664373e-01 -4.069749e-01
    outer loop
      vertex 1.013612e+02 5.653153e+01 3.329301e+01
      vertex 1.011096e+02 5.904772e+01 3.376698e+01
      vertex 1.014550e+02 5.876506e+01 3.441359e+01
    endloop
  endfacet
  facet normal 9.419544e-01 1.180937e-01 -3.142862e-01
    outer loop
      vertex 1.013612e+02 5.653153e+01 3.329301e+01
      vertex 1.014550e+02 5.876506e+01 3.441359e+01
      vertex 1.016114e+02 5.627221e+01 3.394570e+01
    endloop
  endfacet
  facet normal 9.559335e-01 1.109952e-01 -2.717927e-01
    outer loop
      vertex 1.016114e+02 5.627221e+01 3.394570e+01
      vertex 1.014550e+02 5.876506e+01 3.441359e+01
      vertex 1.016856e+02 5.846751e+01 3.510320e+01
    endloop
  endfacet
  facet normal 9.813710e-01 6.259946e-02 -1.816371e-01
    outer loop
      vertex 1.016114e+02 5.627221e+01 3.394570e+01
      vertex 1.016856e+02 5.846751e+01 3.510320e+01
      vertex 1.017545e+02 5.600068e+01 3.462518e+01
    endloop
  endfacet
  facet normal 5.834242e-01 3.134281e-01 -7.492524e-01
    outer loop
      vertex 1.000811e+02 5.454929e+01 3.056369e+01
      vertex 9.949919e+01 5.467203e+01 3.016189e+01
      vertex 9.943204e+01 5.733807e+01 3.122486e+01
    endloop
  endfacet
  facet normal 5.901542e-01 3.137121e-01 -7.438431e-01
    outer loop
      vertex 9.943204e+01 5.733807e+01 3.122486e+01
      vertex 1.000338e+02 5.718067e+01 3.163593e+01
      vertex 1.000811e+02 5.454929e+01 3.056369e+01
    endloop
  endfacet
  facet normal 6.936653e-01 2.824685e-01 -6.626011e-01
    outer loop
      vertex 1.005971e+02 5.439513e+01 3.103817e+01
      vertex 1.000811e+02 5.454929e+01 3.056369e+01
      vertex 1.000338e+02 5.718067e+01 3.163593e+01
    endloop
  endfacet
  facet normal 7.035434e-01 2.822350e-01 -6.522040e-01
    outer loop
      vertex 1.000338e+02 5.718067e+01 3.163593e+01
      vertex 1.005635e+02 5.699087e+01 3.212514e+01
      vertex 1.005971e+02 5.439513e+01 3.103817e+01
    endloop
  endfacet
  facet normal 7.895868e-01 2.457037e-01 -5.623009e-01
    outer loop
      vertex 1.010366e+02 5.421272e+01 3.157554e+01
      vertex 1.005971e+02 5.439513e+01 3.103817e+01
      vertex 1.005635e+02 5.699087e+01 3.212514e+01
    endloop
  endfacet
  facet normal 8.012822e-01 2.444814e-01 -5.460546e-01
    outer loop
      vertex 1.005635e+02 5.699087e+01 3.212514e+01
      vertex 1.010092e+02 5.677287e+01 3.268163e+01
      vertex 1.010366e+02 5.421272e+01 3.157554e+01
    endloop
  endfacet
  facet normal 8.692312e-01 2.038851e-01 -4.504086e-01
    outer loop
      vertex 1.013904e+02 5.400581e+01 3.216475e+01
      vertex 1.010366e+02 5.421272e+01 3.157554e+01
      vertex 1.010092e+02 5.677287e+01 3.268163e+01
    endloop
  endfacet
  facet normal 8.811856e-01 2.013035e-01 -4.277718e-01
    outer loop
      vertex 1.010092e+02 5.677287e+01 3.268163e+01
      vertex 1.013612e+02 5.653153e+01 3.329301e+01
      vertex 1.013904e+02 5.400581e+01 3.216475e+01
    endloop
  endfacet
  facet normal 9.309561e-01 1.578654e-01 -3.292405e-01
    outer loop
      vertex 1.013904e+02 5.400581e+01 3.216475e+01
      vertex 1.013612e+02 5.653153e+01 3.329301e+01
      vertex 1.016514e+02 5.377868e+01 3.279363e+01
    endloop
  endfacet
  facet normal 9.414892e-01 1.536667e-01 -2.999743e-01
    outer loop
      vertex 1.016514e+02 5.377868e+01 3.279363e+01
      vertex 1.013612e+02 5.653153e+01 3.329301e+01
      vertex 1.016114e+02 5.627221e+01 3.394570e+01
    endloop
  endfacet
  facet normal 9.734901e-01 1.085926e-01 -2.013074e-01
    outer loop
      vertex 1.016514e+02 5.377868e+01 3.279363e+01
      vertex 1.016114e+02 5.627221e+01 3.394570e+01
      vertex 1.018140e+02 5.353601e+01 3.344924e+01
    endloop
  endfacet
  facet normal 9.808494e-01 1.026448e-01 -1.655242e-01
    outer loop
      vertex 1.018140e+02 5.353601e+01 3.344924e+01
      vertex 1.016114e+02 5.627221e+01 3.394570e+01
      vertex 1.017545e+02 5.600068e+01 3.462518e+01
    endloop
  endfacet
  facet normal 9.959665e-01 5.706950e-02 -6.923729e-02
    outer loop
      vertex 1.018140e+02 5.353601e+01 3.344924e+01
      vertex 1.017545e+02 5.600068e+01 3.462518e+01
      vertex 1.018750e+02 5.328278e+01 3.411806e+01
    endloop
  endfacet
  facet normal 5.950719e-01 3.287007e-01 -7.333794e-01
    outer loop
      vertex 9.973895e+01 5.198676e+01 2.918569e+01
      vertex 1.003550e+02 5.187750e+01 2.963659e+01
      vertex 1.005981e+02 4.922848e+01 2.864652e+01
    endloop
  endfacet
  facet normal 7.004592e-01 3.053633e-01 -6.450661e-01
    outer loop
      vertex 1.011207e+02 4.911431e+01 2.916003e+01
      vertex 1.005981e+02 4.922848e+01 2.864652e+01
      vertex 1.003550e+02 5.187750e+01 2.963659e+01
    endloop
  endfacet
  facet normal 7.105302e-01 3.061707e-01 -6.335664e-01
    outer loop
      vertex 1.003550e+02 5.187750e+01 2.963659e+01
      vertex 1.008931e+02 5.173119e+01 3.016934e+01
      vertex 1.011207e+02 4.911431e+01 2.916003e+01
    endloop
  endfacet
  facet normal 7.973407e-01 2.763095e-01 -5.365639e-01
    outer loop
      vertex 1.015609e+02 4.896709e+01 2.973836e+01
      vertex 1.011207e+02 4.911431e+01 2.916003e+01
      vertex 1.008931e+02 5.173119e+01 3.016934e+01
    endloop
  endfacet
  facet normal 8.090699e-01 2.763557e-01 -5.186843e-01
    outer loop
      vertex 1.008931e+02 5.173119e+01 3.016934e+01
      vertex 1.013404e+02 5.155130e+01 3.077126e+01
      vertex 1.015609e+02 4.896709e+01 2.973836e+01
    endloop
  endfacet
  facet normal 8.766732e-01 2.411865e-01 -4.162608e-01
    outer loop
      vertex 1.019090e+02 4.879005e+01 3.036880e+01
      vertex 1.015609e+02 4.896709e+01 2.973836e+01
      vertex 1.013404e+02 5.155130e+01 3.077126e+01
    endloop
  endfacet
  facet normal 8.883499e-01 2.399769e-01 -3.914658e-01
    outer loop
      vertex 1.013404e+02 5.155130e+01 3.077126e+01
      vertex 1.016863e+02 5.134211e+01 3.142802e+01
      vertex 1.019090e+02 4.879005e+01 3.036880e+01
    endloop
  endfacet
  facet normal 9.367166e-01 2.007580e-01 -2.868072e-01
    outer loop
      vertex 1.019090e+02 4.879005e+01 3.036880e+01
      vertex 1.016863e+02 5.134211e+01 3.142802e+01
      vertex 1.021572e+02 4.858710e+01 3.103746e+01
    endloop
  endfacet
  facet normal 9.464888e-01 1.979095e-01 -2.549326e-01
    outer loop
      vertex 1.021572e+02 4.858710e+01 3.103746e+01
      vertex 1.016863e+02 5.134211e+01 3.142802e+01
      vertex 1.019226e+02 5.110860e+01 3.212402e+01
    endloop
  endfacet
  facet normal 9.761538e-01 1.559059e-01 -1.510537e-01
    outer loop
      vertex 1.021572e+02 4.858710e+01 3.103746e+01
      vertex 1.019226e+02 5.110860e+01 3.212402e+01
      vertex 1.023002e+02 4.836271e+01 3.172965e+01
    endloop
  endfacet
  facet normal 9.821050e-01 1.511636e-01 -1.123366e-01
    outer loop
      vertex 1.023002e+02 4.836271e+01 3.172965e+01
      vertex 1.019226e+02 5.110860e+01 3.212402e+01
      vertex 1.020437e+02 5.085632e+01 3.284267e+01
    endloop
  endfacet
  facet normal 9.941201e-01 1.076158e-01 -1.200345e-02
    outer loop
      vertex 1.023002e+02 4.836271e+01 3.172965e+01
      vertex 1.020437e+02 5.085632e+01 3.284267e+01
      vertex 1.023347e+02 4.812178e+01 3.243014e+01
    endloop
  endfacet
  facet normal 9.943553e-01 1.008619e-01 3.293131e-02
    outer loop
      vertex 1.023347e+02 4.812178e+01 3.243014e+01
      vertex 1.020437e+02 5.085632e+01 3.284267e+01
      vertex 1.020466e+02 5.059128e+01 3.356690e+01
    endloop
  endfacet
  facet normal 9.902278e-01 5.693654e-02 1.273079e-01
    outer loop
      vertex 1.023347e+02 4.812178e+01 3.243014e+01
      vertex 1.020466e+02 5.059128e+01 3.356690e+01
      vertex 1.022600e+02 4.786965e+01 3.312351e+01
    endloop
  endfacet
  facet normal 7.562681e-01 8.643620e-02 -6.485270e-01
    outer loop
      vertex 1.022101e+02 6.869740e+01 3.775527e+01
      vertex 1.025193e+02 6.888536e+01 3.814092e+01
      vertex 1.021922e+02 6.802214e+01 3.764443e+01
    endloop
  endfacet
  facet normal 8.105433e-01 2.930056e-02 -5.849453e-01
    outer loop
      vertex 1.021922e+02 6.802214e+01 3.764443e+01
      vertex 1.025193e+02 6.888536e+01 3.814092e+01
      vertex 1.026496e+02 6.832433e+01 3.829328e+01
    endloop
  endfacet
  facet normal 7.980738e-01 7.573245e-02 -5.977815e-01
    outer loop
      vertex 1.021922e+02 6.802214e+01 3.764443e+01
      vertex 1.026496e+02 6.832433e+01 3.829328e+01
      vertex 1.020597e+02 6.723692e+01 3.736804e+01
    endloop
  endfacet
  facet normal 8.442839e-01 -1.992484e-03 -5.358925e-01
    outer loop
      vertex 1.020597e+02 6.723692e+01 3.736804e+01
      vertex 1.026496e+02 6.832433e+01 3.829328e+01
      vertex 1.025101e+02 6.758099e+01 3.807638e+01
    endloop
  endfacet
  facet normal 8.247418e-01 7.443504e-02 -5.605893e-01
    outer loop
      vertex 1.020597e+02 6.723692e+01 3.736804e+01
      vertex 1.025101e+02 6.758099e+01 3.807638e+01
      vertex 1.019487e+02 6.644029e+01 3.709899e+01
    endloop
  endfacet
  facet normal 8.616914e-01 1.060872e-02 -5.073218e-01
    outer loop
      vertex 1.019487e+02 6.644029e+01 3.709899e+01
      vertex 1.025101e+02 6.758099e+01 3.807638e+01
      vertex 1.022836e+02 6.605891e+01 3.765972e+01
    endloop
  endfacet
  facet normal 8.750231e-01 6.242409e-02 -4.800395e-01
    outer loop
      vertex 1.019487e+02 6.644029e+01 3.709899e+01
      vertex 1.022836e+02 6.605891e+01 3.765972e+01
      vertex 1.018523e+02 6.485899e+01 3.671751e+01
    endloop
  endfacet
  facet normal 4.629508e-01 3.220268e-01 -8.258180e-01
    outer loop
      vertex 9.983203e+01 6.450139e+01 3.433963e+01
      vertex 9.917351e+01 6.472657e+01 3.405827e+01
      vertex 1.000311e+02 6.603554e+01 3.504946e+01
    endloop
  endfacet
  facet normal 4.569662e-01 3.269931e-01 -8.271986e-01
    outer loop
      vertex 1.000311e+02 6.603554e+01 3.504946e+01
      vertex 9.917351e+01 6.472657e+01 3.405827e+01
      vertex 9.932994e+01 6.573509e+01 3.454336e+01
    endloop
  endfacet
  facet normal 4.628331e-01 3.153926e-01 -8.284401e-01
    outer loop
      vertex 1.000311e+02 6.603554e+01 3.504946e+01
      vertex 9.932994e+01 6.573509e+01 3.454336e+01
      vertex 9.971846e+01 6.689592e+01 3.520235e+01
    endloop
  endfacet
  facet normal 4.112310e-01 3.420250e-01 -8.449308e-01
    outer loop
      vertex 9.971846e+01 6.689592e+01 3.520235e+01
      vertex 9.932994e+01 6.573509e+01 3.454336e+01
      vertex 9.951959e+01 6.673657e+01 3.504106e+01
    endloop
  endfacet
  facet normal 9.884905e-01 1.387590e-02 -1.506451e-01
    outer loop
      vertex 1.017896e+02 5.764091e+01 3.570936e+01
      vertex 1.016856e+02 5.846751e+01 3.510320e+01
      vertex 1.018248e+02 5.954915e+01 3.611566e+01
    endloop
  endfacet
  facet normal 9.811190e-01 4.895385e-02 -1.871070e-01
    outer loop
      vertex 1.018248e+02 5.954915e+01 3.611566e+01
      vertex 1.016856e+02 5.846751e+01 3.510320e+01
      vertex 1.016824e+02 5.973138e+01 3.541679e+01
    endloop
  endfacet
  facet normal 9.802254e-01 7.465505e-03 -1.977432e-01
    outer loop
      vertex 1.018248e+02 5.954915e+01 3.611566e+01
      vertex 1.016824e+02 5.973138e+01 3.541679e+01
      vertex 1.018888e+02 6.127490e+01 3.649812e+01
    endloop
  endfacet
  facet normal 9.635383e-01 5.466174e-02 -2.619275e-01
    outer loop
      vertex 1.018888e+02 6.127490e+01 3.649812e+01
      vertex 1.016824e+02 5.973138e+01 3.541679e+01
      vertex 1.016987e+02 6.099091e+01 3.573954e+01
    endloop
  endfacet
  facet normal 9.700053e-01 -5.716722e-07 -2.430840e-01
    outer loop
      vertex 1.018888e+02 6.127490e+01 3.649812e+01
      vertex 1.016987e+02 6.099091e+01 3.573954e+01
      vertex 1.019882e+02 6.298999e+01 3.689493e+01
    endloop
  endfacet
  facet normal 9.355304e-01 6.515875e-02 -3.471849e-01
    outer loop
      vertex 1.019882e+02 6.298999e+01 3.689493e+01
      vertex 1.016987e+02 6.099091e+01 3.573954e+01
      vertex 1.016929e+02 6.218299e+01 3.594764e+01
    endloop
  endfacet
  facet normal 9.399388e-01 5.200960e-02 -3.373574e-01
    outer loop
      vertex 1.019882e+02 6.298999e+01 3.689493e+01
      vertex 1.016929e+02 6.218299e+01 3.594764e+01
      vertex 1.017445e+02 6.332146e+01 3.626702e+01
    endloop
  endfacet
  facet normal 9.835548e-01 -5.605568e-03 1.805226e-01
    outer loop
      vertex 1.018759e+02 5.167274e+01 3.453015e+01
      vertex 1.020466e+02 5.059128e+01 3.356690e+01
      vertex 1.018165e+02 5.369971e+01 3.491661e+01
    endloop
  endfacet
  facet normal 9.975200e-01 5.444421e-02 4.460564e-02
    outer loop
      vertex 1.018165e+02 5.369971e+01 3.491661e+01
      vertex 1.020466e+02 5.059128e+01 3.356690e+01
      vertex 1.018750e+02 5.328278e+01 3.411806e+01
    endloop
  endfacet
  facet normal 9.973322e-01 3.865017e-05 7.299694e-02
    outer loop
      vertex 1.018165e+02 5.369971e+01 3.491661e+01
      vertex 1.018750e+02 5.328278e+01 3.411806e+01
      vertex 1.017872e+02 5.572297e+01 3.531633e+01
    endloop
  endfacet
  facet normal 9.984055e-01 4.936727e-02 -2.737785e-02
    outer loop
      vertex 1.017872e+02 5.572297e+01 3.531633e+01
      vertex 1.018750e+02 5.328278e+01 3.411806e+01
      vertex 1.017545e+02 5.600068e+01 3.462518e+01
    endloop
  endfacet
  facet normal 9.989961e-01 7.780433e-03 -4.411552e-02
    outer loop
      vertex 1.017872e+02 5.572297e+01 3.531633e+01
      vertex 1.017545e+02 5.600068e+01 3.462518e+01
      vertex 1.017896e+02 5.764091e+01 3.570936e+01
    endloop
  endfacet
  facet normal 7.658342e-01 9.463868e-02 -6.360359e-01
    outer loop
      vertex 1.020597e+02 6.723692e+01 3.736804e+01
      vertex 1.016423e+02 6.760674e+01 3.692052e+01
      vertex 1.021922e+02 6.802214e+01 3.764443e+01
    endloop
  endfacet
  facet normal 7.534342e-01 1.269415e-01 -6.451533e-01
    outer loop
      vertex 1.021922e+02 6.802214e+01 3.764443e+01
      vertex 1.016423e+02 6.760674e+01 3.692052e+01
      vertex 1.017915e+02 6.838922e+01 3.724868e+01
    endloop
  endfacet
  facet normal 7.402663e-01 8.977569e-02 -6.662928e-01
    outer loop
      vertex 1.021922e+02 6.802214e+01 3.764443e+01
      vertex 1.017915e+02 6.838922e+01 3.724868e+01
      vertex 1.022101e+02 6.869740e+01 3.775527e+01
    endloop
  endfacet
  facet normal 7.692646e-01 1.056511e-01 -6.301348e-01
    outer loop
      vertex 1.020597e+02 6.723692e+01 3.736804e+01
      vertex 1.019487e+02 6.644029e+01 3.709899e+01
      vertex 1.016423e+02 6.760674e+01 3.692052e+01
    endloop
  endfacet
  facet normal 7.932500e-01 1.169349e-01 -5.975622e-01
    outer loop
      vertex 1.016423e+02 6.760674e+01 3.692052e+01
      vertex 1.019487e+02 6.644029e+01 3.709899e+01
      vertex 1.015186e+02 6.681295e+01 3.660092e+01
    endloop
  endfacet
  facet normal 6.788588e-01 1.807172e-01 -7.116826e-01
    outer loop
      vertex 1.016423e+02 6.760674e+01 3.692052e+01
      vertex 1.015186e+02 6.681295e+01 3.660092e+01
      vertex 1.011506e+02 6.796127e+01 3.654146e+01
    endloop
  endfacet
  facet normal 6.978748e-01 1.878754e-01 -6.911393e-01
    outer loop
      vertex 1.011506e+02 6.796127e+01 3.654146e+01
      vertex 1.015186e+02 6.681295e+01 3.660092e+01
      vertex 1.010030e+02 6.716836e+01 3.617689e+01
    endloop
  endfacet
  facet normal 6.183029e-01 2.303986e-01 -7.514107e-01
    outer loop
      vertex 1.011506e+02 6.796127e+01 3.654146e+01
      vertex 1.010030e+02 6.716836e+01 3.617689e+01
      vertex 1.010059e+02 6.787931e+01 3.639727e+01
    endloop
  endfacet
  facet normal 5.892848e-01 2.750299e-01 -7.596722e-01
    outer loop
      vertex 9.983203e+01 6.450139e+01 3.433963e+01
      vertex 1.000311e+02 6.603554e+01 3.504946e+01
      vertex 1.004310e+02 6.424214e+01 3.471043e+01
    endloop
  endfacet
  facet normal 5.739020e-01 2.738856e-01 -7.717663e-01
    outer loop
      vertex 1.004310e+02 6.424214e+01 3.471043e+01
      vertex 1.000311e+02 6.603554e+01 3.504946e+01
      vertex 1.005858e+02 6.577135e+01 3.536820e+01
    endloop
  endfacet
  facet normal 7.021053e-01 2.202198e-01 -6.771642e-01
    outer loop
      vertex 1.004310e+02 6.424214e+01 3.471043e+01
      vertex 1.005858e+02 6.577135e+01 3.536820e+01
      vertex 1.009571e+02 6.395467e+01 3.516233e+01
    endloop
  endfacet
  facet normal 6.790112e-01 2.181962e-01 -7.009524e-01
    outer loop
      vertex 1.009571e+02 6.395467e+01 3.516233e+01
      vertex 1.005858e+02 6.577135e+01 3.536820e+01
      vertex 1.010803e+02 6.548347e+01 3.575764e+01
    endloop
  endfacet
  facet normal 7.991900e-01 1.610563e-01 -5.790995e-01
    outer loop
      vertex 1.009571e+02 6.395467e+01 3.516233e+01
      vertex 1.010803e+02 6.548347e+01 3.575764e+01
      vertex 1.013982e+02 6.364545e+01 3.568512e+01
    endloop
  endfacet
  facet normal 7.709807e-01 1.576746e-01 -6.170313e-01
    outer loop
      vertex 1.013982e+02 6.364545e+01 3.568512e+01
      vertex 1.010803e+02 6.548347e+01 3.575764e+01
      vertex 1.015052e+02 6.517739e+01 3.621029e+01
    endloop
  endfacet
  facet normal 8.783549e-01 9.896439e-02 -4.676523e-01
    outer loop
      vertex 1.013982e+02 6.364545e+01 3.568512e+01
      vertex 1.015052e+02 6.517739e+01 3.621029e+01
      vertex 1.017445e+02 6.332146e+01 3.626702e+01
    endloop
  endfacet
  facet normal 8.480391e-01 9.340525e-02 -5.216371e-01
    outer loop
      vertex 1.017445e+02 6.332146e+01 3.626702e+01
      vertex 1.015052e+02 6.517739e+01 3.621029e+01
      vertex 1.018523e+02 6.485899e+01 3.671751e+01
    endloop
  endfacet
  facet normal 9.378287e-01 3.544272e-02 -3.452840e-01
    outer loop
      vertex 1.017445e+02 6.332146e+01 3.626702e+01
      vertex 1.018523e+02 6.485899e+01 3.671751e+01
      vertex 1.019882e+02 6.298999e+01 3.689493e+01
    endloop
  endfacet
  facet normal 9.086835e-01 2.654884e-02 -4.166407e-01
    outer loop
      vertex 1.019882e+02 6.298999e+01 3.689493e+01
      vertex 1.018523e+02 6.485899e+01 3.671751e+01
      vertex 1.021149e+02 6.453438e+01 3.726955e+01
    endloop
  endfacet
  facet normal 4.672454e-01 3.255554e-01 -8.220070e-01
    outer loop
      vertex 9.903229e+01 6.358279e+01 3.352501e+01
      vertex 9.917351e+01 6.472657e+01 3.405827e+01
      vertex 9.972815e+01 6.336549e+01 3.383449e+01
    endloop
  endfacet
  facet normal 4.632829e-01 3.243847e-01 -8.247081e-01
    outer loop
      vertex 9.972815e+01 6.336549e+01 3.383449e+01
      vertex 9.917351e+01 6.472657e+01 3.405827e+01
      vertex 9.983203e+01 6.450139e+01 3.433963e+01
    endloop
  endfacet
  facet normal 6.001685e-01 2.785554e-01 -7.498031e-01
    outer loop
      vertex 9.972815e+01 6.336549e+01 3.383449e+01
      vertex 9.983203e+01 6.450139e+01 3.433963e+01
      vertex 1.003568e+02 6.311007e+01 3.424281e+01
    endloop
  endfacet
  facet normal 5.893002e-01 2.751391e-01 -7.596208e-01
    outer loop
      vertex 1.003568e+02 6.311007e+01 3.424281e+01
      vertex 9.983203e+01 6.450139e+01 3.433963e+01
      vertex 1.004310e+02 6.424214e+01 3.471043e+01
    endloop
  endfacet
  facet normal 7.180709e-01 2.249711e-01 -6.586062e-01
    outer loop
      vertex 1.003568e+02 6.311007e+01 3.424281e+01
      vertex 1.004310e+02 6.424214e+01 3.471043e+01
      vertex 1.009026e+02 6.282294e+01 3.473975e+01
    endloop
  endfacet
  facet normal 7.019647e-01 2.192270e-01 -6.776320e-01
    outer loop
      vertex 1.009026e+02 6.282294e+01 3.473975e+01
      vertex 1.004310e+02 6.424214e+01 3.471043e+01
      vertex 1.009571e+02 6.395467e+01 3.516233e+01
    endloop
  endfacet
  facet normal 8.180073e-01 1.662308e-01 -5.506644e-01
    outer loop
      vertex 1.009026e+02 6.282294e+01 3.473975e+01
      vertex 1.009571e+02 6.395467e+01 3.516233e+01
      vertex 1.013517e+02 6.251131e+01 3.531281e+01
    endloop
  endfacet
  facet normal 7.987315e-01 1.578380e-01 -5.806161e-01
    outer loop
      vertex 1.013517e+02 6.251131e+01 3.531281e+01
      vertex 1.009571e+02 6.395467e+01 3.516233e+01
      vertex 1.013982e+02 6.364545e+01 3.568512e+01
    endloop
  endfacet
  facet normal 8.974822e-01 1.038984e-01 -4.286384e-01
    outer loop
      vertex 1.013517e+02 6.251131e+01 3.531281e+01
      vertex 1.013982e+02 6.364545e+01 3.568512e+01
      vertex 1.016929e+02 6.218299e+01 3.594764e+01
    endloop
  endfacet
  facet normal 8.773986e-01 9.228254e-02 -4.708034e-01
    outer loop
      vertex 1.016929e+02 6.218299e+01 3.594764e+01
      vertex 1.013982e+02 6.364545e+01 3.568512e+01
      vertex 1.017445e+02 6.332146e+01 3.626702e+01
    endloop
  endfacet
  facet normal 4.605176e-01 3.296441e-01 -8.241714e-01
    outer loop
      vertex 9.892432e+01 6.243370e+01 3.300508e+01
      vertex 9.903229e+01 6.358279e+01 3.352501e+01
      vertex 9.955537e+01 6.225719e+01 3.328709e+01
    endloop
  endfacet
  facet normal 4.678993e-01 3.316626e-01 -8.191888e-01
    outer loop
      vertex 9.955537e+01 6.225719e+01 3.328709e+01
      vertex 9.903229e+01 6.358279e+01 3.352501e+01
      vertex 9.972815e+01 6.336549e+01 3.383449e+01
    endloop
  endfacet
  facet normal 5.812699e-01 2.856961e-01 -7.619075e-01
    outer loop
      vertex 9.955537e+01 6.225719e+01 3.328709e+01
      vertex 9.972815e+01 6.336549e+01 3.383449e+01
      vertex 1.001332e+02 6.204893e+01 3.364985e+01
    endloop
  endfacet
  facet normal 4.639031e-01 3.305241e-01 -8.219171e-01
    outer loop
      vertex 9.884023e+01 6.116867e+01 3.244890e+01
      vertex 9.892432e+01 6.243370e+01 3.300508e+01
      vertex 9.950362e+01 6.100048e+01 3.275569e+01
    endloop
  endfacet
  facet normal 4.605100e-01 3.295521e-01 -8.242123e-01
    outer loop
      vertex 9.950362e+01 6.100048e+01 3.275569e+01
      vertex 9.892432e+01 6.243370e+01 3.300508e+01
      vertex 9.955537e+01 6.225719e+01 3.328709e+01
    endloop
  endfacet
  facet normal 5.909988e-01 2.934001e-01 -7.514232e-01
    outer loop
      vertex 9.950362e+01 6.100048e+01 3.275569e+01
      vertex 9.955537e+01 6.225719e+01 3.328709e+01
      vertex 1.001075e+02 6.079699e+01 3.315118e+01
    endloop
  endfacet
  facet normal 5.816803e-01 2.906487e-01 -7.597179e-01
    outer loop
      vertex 1.001075e+02 6.079699e+01 3.315118e+01
      vertex 9.955537e+01 6.225719e+01 3.328709e+01
      vertex 1.001332e+02 6.204893e+01 3.364985e+01
    endloop
  endfacet
  facet normal 7.048040e-01 2.499545e-01 -6.639082e-01
    outer loop
      vertex 1.001075e+02 6.079699e+01 3.315118e+01
      vertex 1.001332e+02 6.204893e+01 3.364985e+01
      vertex 1.006383e+02 6.056280e+01 3.362648e+01
    endloop
  endfacet
  facet normal 6.909875e-01 2.455107e-01 -6.798975e-01
    outer loop
      vertex 1.006383e+02 6.056280e+01 3.362648e+01
      vertex 1.001332e+02 6.204893e+01 3.364985e+01
      vertex 1.006461e+02 6.181315e+01 3.408599e+01
    endloop
  endfacet
  facet normal 8.027725e-01 2.012233e-01 -5.613069e-01
    outer loop
      vertex 1.006383e+02 6.056280e+01 3.362648e+01
      vertex 1.006461e+02 6.181315e+01 3.408599e+01
      vertex 1.010840e+02 6.030317e+01 3.417089e+01
    endloop
  endfacet
  facet normal 7.861966e-01 1.950056e-01 -5.864023e-01
    outer loop
      vertex 1.010840e+02 6.030317e+01 3.417089e+01
      vertex 1.006461e+02 6.181315e+01 3.408599e+01
      vertex 1.010837e+02 6.155465e+01 3.458663e+01
    endloop
  endfacet
  facet normal 8.827022e-01 1.483570e-01 -4.459003e-01
    outer loop
      vertex 1.010840e+02 6.030317e+01 3.417089e+01
      vertex 1.010837e+02 6.155465e+01 3.458663e+01
      vertex 1.014347e+02 6.002393e+01 3.477217e+01
    endloop
  endfacet
  facet normal 8.653637e-01 1.401072e-01 -4.811606e-01
    outer loop
      vertex 1.014347e+02 6.002393e+01 3.477217e+01
      vertex 1.010837e+02 6.155465e+01 3.458663e+01
      vertex 1.014369e+02 6.127870e+01 3.514158e+01
    endloop
  endfacet
  facet normal 9.427877e-01 9.260380e-02 -3.202746e-01
    outer loop
      vertex 1.014347e+02 6.002393e+01 3.477217e+01
      vertex 1.014369e+02 6.127870e+01 3.514158e+01
      vertex 1.016824e+02 5.973138e+01 3.541679e+01
    endloop
  endfacet
  facet normal 9.268751e-01 8.188775e-02 -3.663291e-01
    outer loop
      vertex 1.016824e+02 5.973138e+01 3.541679e+01
      vertex 1.014369e+02 6.127870e+01 3.514158e+01
      vertex 1.016987e+02 6.099091e+01 3.573954e+01
    endloop
  endfacet
  facet normal 4.671592e-01 3.315177e-01 -8.196695e-01
    outer loop
      vertex 9.878870e+01 5.989901e+01 3.190601e+01
      vertex 9.884023e+01 6.116867e+01 3.244890e+01
      vertex 9.948306e+01 5.973949e+01 3.223723e+01
    endloop
  endfacet
  facet normal 4.638961e-01 3.303913e-01 -8.219745e-01
    outer loop
      vertex 9.948306e+01 5.973949e+01 3.223723e+01
      vertex 9.884023e+01 6.116867e+01 3.244890e+01
      vertex 9.950362e+01 6.100048e+01 3.275569e+01
    endloop
  endfacet
  facet normal 5.998491e-01 2.958684e-01 -7.433996e-01
    outer loop
      vertex 9.948306e+01 5.973949e+01 3.223723e+01
      vertex 9.950362e+01 6.100048e+01 3.275569e+01
      vertex 1.001113e+02 5.954102e+01 3.266520e+01
    endloop
  endfacet
  facet normal 5.909601e-01 2.926837e-01 -7.517329e-01
    outer loop
      vertex 1.001113e+02 5.954102e+01 3.266520e+01
      vertex 9.950362e+01 6.100048e+01 3.275569e+01
      vertex 1.001075e+02 6.079699e+01 3.315118e+01
    endloop
  endfacet
  facet normal 7.177204e-01 2.531933e-01 -6.486682e-01
    outer loop
      vertex 1.001113e+02 5.954102e+01 3.266520e+01
      vertex 1.001075e+02 6.079699e+01 3.315118e+01
      vertex 1.006580e+02 5.930852e+01 3.317935e+01
    endloop
  endfacet
  facet normal 7.047022e-01 2.480744e-01 -6.647210e-01
    outer loop
      vertex 1.006580e+02 5.930852e+01 3.317935e+01
      vertex 1.001075e+02 6.079699e+01 3.315118e+01
      vertex 1.006383e+02 6.056280e+01 3.362648e+01
    endloop
  endfacet
  facet normal 8.178893e-01 2.046022e-01 -5.377687e-01
    outer loop
      vertex 1.006580e+02 5.930852e+01 3.317935e+01
      vertex 1.006383e+02 6.056280e+01 3.362648e+01
      vertex 1.011096e+02 5.904772e+01 3.376698e+01
    endloop
  endfacet
  facet normal 8.025702e-01 1.975040e-01 -5.629149e-01
    outer loop
      vertex 1.011096e+02 5.904772e+01 3.376698e+01
      vertex 1.006383e+02 6.056280e+01 3.362648e+01
      vertex 1.010840e+02 6.030317e+01 3.417089e+01
    endloop
  endfacet
  facet normal 8.978724e-01 1.513544e-01 -4.134210e-01
    outer loop
      vertex 1.011096e+02 5.904772e+01 3.376698e+01
      vertex 1.010840e+02 6.030317e+01 3.417089e+01
      vertex 1.014550e+02 5.876506e+01 3.441359e+01
    endloop
  endfacet
  facet normal 8.823578e-01 1.420573e-01 -4.486250e-01
    outer loop
      vertex 1.014550e+02 5.876506e+01 3.441359e+01
      vertex 1.010840e+02 6.030317e+01 3.417089e+01
      vertex 1.014347e+02 6.002393e+01 3.477217e+01
    endloop
  endfacet
  facet normal 9.556891e-01 9.483539e-02 -2.786832e-01
    outer loop
      vertex 1.014550e+02 5.876506e+01 3.441359e+01
      vertex 1.014347e+02 6.002393e+01 3.477217e+01
      vertex 1.016856e+02 5.846751e+01 3.510320e+01
    endloop
  endfacet
  facet normal 9.422569e-01 8.293349e-02 -3.244593e-01
    outer loop
      vertex 1.016856e+02 5.846751e+01 3.510320e+01
      vertex 1.014347e+02 6.002393e+01 3.477217e+01
      vertex 1.016824e+02 5.973138e+01 3.541679e+01
    endloop
  endfacet
  facet normal 4.672279e-01 3.339434e-01 -8.186452e-01
    outer loop
      vertex 9.878870e+01 5.989901e+01 3.190601e+01
      vertex 9.948306e+01 5.973949e+01 3.223723e+01
      vertex 9.877151e+01 5.745954e+01 3.090109e+01
    endloop
  endfacet
  facet normal 4.636521e-01 3.358042e-01 -8.199161e-01
    outer loop
      vertex 9.877151e+01 5.745954e+01 3.090109e+01
      vertex 9.948306e+01 5.973949e+01 3.223723e+01
      vertex 9.943204e+01 5.733807e+01 3.122486e+01
    endloop
  endfacet
  facet normal 4.636281e-01 3.375552e-01 -8.192103e-01
    outer loop
      vertex 9.877151e+01 5.745954e+01 3.090109e+01
      vertex 9.943204e+01 5.733807e+01 3.122486e+01
      vertex 9.886331e+01 5.476095e+01 2.984109e+01
    endloop
  endfacet
  facet normal 4.611278e-01 3.386269e-01 -8.201786e-01
    outer loop
      vertex 9.886331e+01 5.476095e+01 2.984109e+01
      vertex 9.943204e+01 5.733807e+01 3.122486e+01
      vertex 9.949919e+01 5.467203e+01 3.016189e+01
    endloop
  endfacet
  facet normal 4.657561e-01 3.400192e-01 -8.169811e-01
    outer loop
      vertex 9.905957e+01 5.205663e+01 2.882747e+01
      vertex 9.886331e+01 5.476095e+01 2.984109e+01
      vertex 9.973895e+01 5.198676e+01 2.918569e+01
    endloop
  endfacet
  facet normal 4.610946e-01 3.392471e-01 -8.199410e-01
    outer loop
      vertex 9.973895e+01 5.198676e+01 2.918569e+01
      vertex 9.886331e+01 5.476095e+01 2.984109e+01
      vertex 9.949919e+01 5.467203e+01 3.016189e+01
    endloop
  endfacet
  facet normal 5.957918e-01 3.208539e-01 -7.362642e-01
    outer loop
      vertex 9.973895e+01 5.198676e+01 2.918569e+01
      vertex 9.949919e+01 5.467203e+01 3.016189e+01
      vertex 1.003550e+02 5.187750e+01 2.963659e+01
    endloop
  endfacet
  facet normal 5.831301e-01 3.190169e-01 -7.471194e-01
    outer loop
      vertex 1.003550e+02 5.187750e+01 2.963659e+01
      vertex 9.949919e+01 5.467203e+01 3.016189e+01
      vertex 1.000811e+02 5.454929e+01 3.056369e+01
    endloop
  endfacet
  facet normal 7.116320e-01 2.943031e-01 -6.379386e-01
    outer loop
      vertex 1.003550e+02 5.187750e+01 2.963659e+01
      vertex 1.000811e+02 5.454929e+01 3.056369e+01
      vertex 1.008931e+02 5.173119e+01 3.016934e+01
    endloop
  endfacet
  facet normal 6.931793e-01 2.919335e-01 -6.589972e-01
    outer loop
      vertex 1.008931e+02 5.173119e+01 3.016934e+01
      vertex 1.000811e+02 5.454929e+01 3.056369e+01
      vertex 1.005971e+02 5.439513e+01 3.103817e+01
    endloop
  endfacet
  facet normal 8.105127e-01 2.610475e-01 -5.243315e-01
    outer loop
      vertex 1.008931e+02 5.173119e+01 3.016934e+01
      vertex 1.005971e+02 5.439513e+01 3.103817e+01
      vertex 1.013404e+02 5.155130e+01 3.077126e+01
    endloop
  endfacet
  facet normal 7.889490e-01 2.585181e-01 -5.574296e-01
    outer loop
      vertex 1.013404e+02 5.155130e+01 3.077126e+01
      vertex 1.005971e+02 5.439513e+01 3.103817e+01
      vertex 1.010366e+02 5.421272e+01 3.157554e+01
    endloop
  endfacet
  facet normal 8.900812e-01 2.219215e-01 -3.981286e-01
    outer loop
      vertex 1.013404e+02 5.155130e+01 3.077126e+01
      vertex 1.010366e+02 5.421272e+01 3.157554e+01
      vertex 1.016863e+02 5.134211e+01 3.142802e+01
    endloop
  endfacet
  facet normal 8.684868e-01 2.194173e-01 -4.445073e-01
    outer loop
      vertex 1.016863e+02 5.134211e+01 3.142802e+01
      vertex 1.010366e+02 5.421272e+01 3.157554e+01
      vertex 1.013904e+02 5.400581e+01 3.216475e+01
    endloop
  endfacet
  facet normal 9.484430e-01 1.779066e-01 -2.623072e-01
    outer loop
      vertex 1.016863e+02 5.134211e+01 3.142802e+01
      vertex 1.013904e+02 5.400581e+01 3.216475e+01
      vertex 1.019226e+02 5.110860e+01 3.212402e+01
    endloop
  endfacet
  facet normal 9.301514e-01 1.753939e-01 -3.225760e-01
    outer loop
      vertex 1.019226e+02 5.110860e+01 3.212402e+01
      vertex 1.013904e+02 5.400581e+01 3.216475e+01
      vertex 1.016514e+02 5.377868e+01 3.279363e+01
    endloop
  endfacet
  facet normal 9.842018e-01 1.301032e-01 -1.200828e-01
    outer loop
      vertex 1.019226e+02 5.110860e+01 3.212402e+01
      vertex 1.016514e+02 5.377868e+01 3.279363e+01
      vertex 1.020437e+02 5.085632e+01 3.284267e+01
    endloop
  endfacet
  facet normal 9.726704e-01 1.273117e-01 -1.941751e-01
    outer loop
      vertex 1.020437e+02 5.085632e+01 3.284267e+01
      vertex 1.016514e+02 5.377868e+01 3.279363e+01
      vertex 1.018140e+02 5.353601e+01 3.344924e+01
    endloop
  endfacet
  facet normal 9.965007e-01 7.970190e-02 2.517892e-02
    outer loop
      vertex 1.020437e+02 5.085632e+01 3.284267e+01
      vertex 1.018140e+02 5.353601e+01 3.344924e+01
      vertex 1.020466e+02 5.059128e+01 3.356690e+01
    endloop
  endfacet
  facet normal 9.951724e-01 7.611538e-02 -6.195384e-02
    outer loop
      vertex 1.020466e+02 5.059128e+01 3.356690e+01
      vertex 1.018140e+02 5.353601e+01 3.344924e+01
      vertex 1.018750e+02 5.328278e+01 3.411806e+01
    endloop
  endfacet
  facet normal 4.628964e-01 3.428905e-01 -8.174062e-01
    outer loop
      vertex 9.935283e+01 4.934842e+01 2.785748e+01
      vertex 9.905957e+01 5.205663e+01 2.882747e+01
      vertex 1.000044e+02 4.930709e+01 2.820913e+01
    endloop
  endfacet
  facet normal 4.654504e-01 3.433940e-01 -8.157429e-01
    outer loop
      vertex 1.000044e+02 4.930709e+01 2.820913e+01
      vertex 9.905957e+01 5.205663e+01 2.882747e+01
      vertex 9.973895e+01 5.198676e+01 2.918569e+01
    endloop
  endfacet
  facet normal 5.881553e-01 3.277183e-01 -7.393743e-01
    outer loop
      vertex 1.000044e+02 4.930709e+01 2.820913e+01
      vertex 9.973895e+01 5.198676e+01 2.918569e+01
      vertex 1.005981e+02 4.922848e+01 2.864652e+01
    endloop
  endfacet
  facet normal 9.063114e-01 -1.136631e-08 4.226106e-01
    outer loop
      vertex 1.025899e+02 2.873830e+01 3.264640e+01
      vertex 1.024562e+02 4.285766e+01 3.293316e+01
      vertex 1.024399e+02 2.697018e+01 3.296814e+01
    endloop
  endfacet
  facet normal 9.063051e-01 2.426307e-08 4.226240e-01
    outer loop
      vertex 1.024399e+02 2.697018e+01 3.296814e+01
      vertex 1.024562e+02 4.285766e+01 3.293316e+01
      vertex 1.022529e+02 4.477818e+01 3.336905e+01
    endloop
  endfacet
  facet normal 9.063047e-01 0.000000e+00 4.226248e-01
    outer loop
      vertex 1.024399e+02 2.697018e+01 3.296814e+01
      vertex 1.022529e+02 4.477818e+01 3.336905e+01
      vertex 1.022529e+02 2.522191e+01 3.336905e+01
    endloop
  endfacet
  facet normal 9.063128e-01 6.278187e-08 4.226077e-01
    outer loop
      vertex 1.024562e+02 4.285766e+01 3.293316e+01
      vertex 1.025899e+02 2.873830e+01 3.264640e+01
      vertex 1.026149e+02 4.091381e+01 3.259278e+01
    endloop
  endfacet
  facet normal 9.063107e-01 8.564834e-08 4.226119e-01
    outer loop
      vertex 1.026149e+02 4.091381e+01 3.259278e+01
      vertex 1.025899e+02 2.873830e+01 3.264640e+01
      vertex 1.027026e+02 3.052188e+01 3.240463e+01
    endloop
  endfacet
  facet normal 9.063063e-01 -1.263181e-07 4.226216e-01
    outer loop
      vertex 1.026149e+02 4.091381e+01 3.259278e+01
      vertex 1.027026e+02 3.052188e+01 3.240463e+01
      vertex 1.027286e+02 3.895238e+01 3.234894e+01
    endloop
  endfacet
  facet normal 9.063087e-01 -1.699185e-07 4.226162e-01
    outer loop
      vertex 1.027286e+02 3.895238e+01 3.234894e+01
      vertex 1.027026e+02 3.052188e+01 3.240463e+01
      vertex 1.027778e+02 3.231654e+01 3.224340e+01
    endloop
  endfacet
  facet normal 9.063088e-01 -1.689096e-07 4.226162e-01
    outer loop
      vertex 1.027286e+02 3.895238e+01 3.234894e+01
      vertex 1.027778e+02 3.231654e+01 3.224340e+01
      vertex 1.027970e+02 3.697915e+01 3.220234e+01
    endloop
  endfacet
  facet normal 9.063199e-01 -4.251181e-07 4.225923e-01
    outer loop
      vertex 1.027970e+02 3.697915e+01 3.220234e+01
      vertex 1.027778e+02 3.231654e+01 3.224340e+01
      vertex 1.028152e+02 3.411785e+01 3.216313e+01
    endloop
  endfacet
  facet normal 9.062736e-01 -2.078747e-06 4.226914e-01
    outer loop
      vertex 1.027970e+02 3.697915e+01 3.220234e+01
      vertex 1.028152e+02 3.411785e+01 3.216313e+01
      vertex 1.028198e+02 3.500000e+01 3.215342e+01
    endloop
  endfacet
  facet normal 9.972809e-01 -9.986344e-05 7.369430e-02
    outer loop
      vertex 1.017872e+02 5.572297e+01 3.531633e+01
      vertex 1.018005e+02 1.545219e+01 3.508242e+01
      vertex 1.018165e+02 5.369971e+01 3.491661e+01
    endloop
  endfacet
  facet normal 9.890469e-01 2.240073e-04 1.476016e-01
    outer loop
      vertex 1.018165e+02 5.369971e+01 3.491661e+01
      vertex 1.018005e+02 1.545219e+01 3.508242e+01
      vertex 1.018984e+02 1.891488e+01 3.442060e+01
    endloop
  endfacet
  facet normal 9.885381e-01 1.747637e-04 1.509710e-01
    outer loop
      vertex 1.018165e+02 5.369971e+01 3.491661e+01
      vertex 1.018984e+02 1.891488e+01 3.442060e+01
      vertex 1.018759e+02 5.167274e+01 3.453015e+01
    endloop
  endfacet
  facet normal 9.616740e-01 -2.557993e-04 2.741954e-01
    outer loop
      vertex 1.018759e+02 5.167274e+01 3.453015e+01
      vertex 1.018984e+02 1.891488e+01 3.442060e+01
      vertex 1.020779e+02 2.238815e+01 3.379454e+01
    endloop
  endfacet
  facet normal 9.643206e-01 3.949592e-08 2.647370e-01
    outer loop
      vertex 1.018759e+02 5.167274e+01 3.453015e+01
      vertex 1.020779e+02 2.238815e+01 3.379454e+01
      vertex 1.020779e+02 4.761185e+01 3.379453e+01
    endloop
  endfacet
  facet normal 9.327600e-01 5.451978e-08 3.604980e-01
    outer loop
      vertex 1.020779e+02 4.761185e+01 3.379453e+01
      vertex 1.020779e+02 2.238815e+01 3.379454e+01
      vertex 1.021663e+02 2.379838e+01 3.356569e+01
    endloop
  endfacet
  facet normal 9.327581e-01 0.000000e+00 3.605029e-01
    outer loop
      vertex 1.020779e+02 4.761185e+01 3.379453e+01
      vertex 1.021663e+02 2.379838e+01 3.356569e+01
      vertex 1.021663e+02 4.620166e+01 3.356569e+01
    endloop
  endfacet
  facet normal 9.151754e-01 0.000000e+00 4.030557e-01
    outer loop
      vertex 1.021663e+02 4.620166e+01 3.356569e+01
      vertex 1.021663e+02 2.379838e+01 3.356569e+01
      vertex 1.022529e+02 2.522191e+01 3.336905e+01
    endloop
  endfacet
  facet normal 9.151754e-01 0.000000e+00 4.030557e-01
    outer loop
      vertex 1.021663e+02 4.620166e+01 3.356569e+01
      vertex 1.022529e+02 2.522191e+01 3.336905e+01
      vertex 1.022529e+02 4.477818e+01 3.336905e+01
    endloop
  endfacet
  facet normal 9.863166e-01 -4.746831e-05 -1.648622e-01
    outer loop
      vertex 1.018888e+02 6.127490e+01 3.649812e+01
      vertex 1.018732e+02 9.072770e+00 3.641981e+01
      vertex 1.018248e+02 5.954915e+01 3.611566e+01
    endloop
  endfacet
  facet normal 9.923723e-01 2.089136e-04 -1.232766e-01
    outer loop
      vertex 1.018248e+02 5.954915e+01 3.611566e+01
      vertex 1.018732e+02 9.072770e+00 3.641981e+01
      vertex 1.017936e+02 1.200213e+01 3.578414e+01
    endloop
  endfacet
  facet normal 9.963042e-01 -5.430145e-05 -8.589614e-02
    outer loop
      vertex 1.018248e+02 5.954915e+01 3.611566e+01
      vertex 1.017936e+02 1.200213e+01 3.578414e+01
      vertex 1.017896e+02 5.764091e+01 3.570936e+01
    endloop
  endfacet
  facet normal 9.999469e-01 1.036413e-04 1.030518e-02
    outer loop
      vertex 1.017896e+02 5.764091e+01 3.570936e+01
      vertex 1.017936e+02 1.200213e+01 3.578414e+01
      vertex 1.018005e+02 1.545219e+01 3.508242e+01
    endloop
  endfacet
  facet normal 9.999681e-01 3.754520e-04 -7.985596e-03
    outer loop
      vertex 1.017896e+02 5.764091e+01 3.570936e+01
      vertex 1.018005e+02 1.545219e+01 3.508242e+01
      vertex 1.017872e+02 5.572297e+01 3.531633e+01
    endloop
  endfacet
  facet normal 9.003522e-01 7.387842e-05 -4.351619e-01
    outer loop
      vertex 1.023806e+02 3.232269e+00 3.784979e+01
      vertex 1.021942e+02 4.693220e+00 3.746436e+01
      vertex 1.022836e+02 6.605891e+01 3.765972e+01
    endloop
  endfacet
  facet normal 9.327558e-01 -2.109806e-04 -3.605087e-01
    outer loop
      vertex 1.022836e+02 6.605891e+01 3.765972e+01
      vertex 1.021942e+02 4.693220e+00 3.746436e+01
      vertex 1.020517e+02 6.176677e+00 3.709479e+01
    endloop
  endfacet
  facet normal 9.175988e-01 1.967613e-04 -3.975077e-01
    outer loop
      vertex 1.022836e+02 6.605891e+01 3.765972e+01
      vertex 1.020517e+02 6.176677e+00 3.709479e+01
      vertex 1.021149e+02 6.453438e+01 3.726955e+01
    endloop
  endfacet
  facet normal 9.573066e-01 -1.709598e-04 -2.890747e-01
    outer loop
      vertex 1.021149e+02 6.453438e+01 3.726955e+01
      vertex 1.020517e+02 6.176677e+00 3.709479e+01
      vertex 1.019483e+02 7.619797e+00 3.675174e+01
    endloop
  endfacet
  facet normal 9.471455e-01 1.474517e-04 -3.208045e-01
    outer loop
      vertex 1.021149e+02 6.453438e+01 3.726955e+01
      vertex 1.019483e+02 7.619797e+00 3.675174e+01
      vertex 1.019882e+02 6.298999e+01 3.689493e+01
    endloop
  endfacet
  facet normal 9.751842e-01 -1.298169e-04 -2.213951e-01
    outer loop
      vertex 1.019882e+02 6.298999e+01 3.689493e+01
      vertex 1.019483e+02 7.619797e+00 3.675174e+01
      vertex 1.018732e+02 9.072770e+00 3.641981e+01
    endloop
  endfacet
  facet normal 9.699280e-01 7.523825e-05 -2.433923e-01
    outer loop
      vertex 1.019882e+02 6.298999e+01 3.689493e+01
      vertex 1.018732e+02 9.072770e+00 3.641981e+01
      vertex 1.018888e+02 6.127490e+01 3.649812e+01
    endloop
  endfacet
  facet normal 8.111377e-01 -9.086793e-08 -5.848553e-01
    outer loop
      vertex 1.028111e+02 6.905211e+01 3.851730e+01
      vertex 1.028111e+02 9.478937e-01 3.851730e+01
      vertex 1.026496e+02 6.832433e+01 3.829328e+01
    endloop
  endfacet
  facet normal 8.193615e-01 5.812128e-05 -5.732772e-01
    outer loop
      vertex 1.026496e+02 6.832433e+01 3.829328e+01
      vertex 1.028111e+02 9.478937e-01 3.851730e+01
      vertex 1.025723e+02 2.072664e+00 3.817613e+01
    endloop
  endfacet
  facet normal 8.412324e-01 -2.503367e-05 -5.406737e-01
    outer loop
      vertex 1.026496e+02 6.832433e+01 3.829328e+01
      vertex 1.025723e+02 2.072664e+00 3.817613e+01
      vertex 1.025101e+02 6.758099e+01 3.807638e+01
    endloop
  endfacet
  facet normal 8.622995e-01 4.715114e-05 -5.063987e-01
    outer loop
      vertex 1.025101e+02 6.758099e+01 3.807638e+01
      vertex 1.025723e+02 2.072664e+00 3.817613e+01
      vertex 1.023806e+02 3.232269e+00 3.784979e+01
    endloop
  endfacet
  facet normal 8.786488e-01 -8.763232e-05 -4.774686e-01
    outer loop
      vertex 1.025101e+02 6.758099e+01 3.807638e+01
      vertex 1.023806e+02 3.232269e+00 3.784979e+01
      vertex 1.022836e+02 6.605891e+01 3.765972e+01
    endloop
  endfacet
  facet normal 7.933072e-01 0.000000e+00 -6.088215e-01
    outer loop
      vertex 1.028237e+02 9.409881e-01 3.853376e+01
      vertex 1.028111e+02 9.478937e-01 3.851730e+01
      vertex 1.028237e+02 6.905901e+01 3.853376e+01
    endloop
  endfacet
  facet normal 7.934849e-01 -8.889037e-08 -6.085898e-01
    outer loop
      vertex 1.028237e+02 6.905901e+01 3.853376e+01
      vertex 1.028111e+02 9.478937e-01 3.851730e+01
      vertex 1.028111e+02 6.905211e+01 3.851730e+01
    endloop
  endfacet
  facet normal 0.000000e+00 -1.000000e+00 0.000000e+00
    outer loop
      vertex 8.088106e+01 0.000000e+00 3.992221e+01
      vertex 8.345570e+01 0.000000e+00 3.440086e+01
      vertex 8.541260e+01 0.000000e+00 4.203531e+01
    endloop
  endfacet
  facet normal 0.000000e+00 -1.000000e+00 -0.000000e+00
    outer loop
      vertex 8.541260e+01 0.000000e+00 4.203531e+01
      vertex 8.345570e+01 0.000000e+00 3.440086e+01
      vertex 8.819855e+01 0.000000e+00 3.606080e+01
    endloop
  endfacet
  facet normal 0.000000e+00 -1.000000e+00 0.000000e+00
    outer loop
      vertex 8.345570e+01 0.000000e+00 3.440086e+01
      vertex 8.383469e+01 0.000000e+00 3.372895e+01
      vertex 8.819855e+01 0.000000e+00 3.606080e+01
    endloop
  endfacet
  facet normal 0.000000e+00 -1.000000e+00 0.000000e+00
    outer loop
      vertex 8.819855e+01 0.000000e+00 3.606080e+01
      vertex 8.383469e+01 0.000000e+00 3.372895e+01
      vertex 8.431251e+01 0.000000e+00 3.312334e+01
    endloop
  endfacet
  facet normal 0.000000e+00 -1.000000e+00 -0.000000e+00
    outer loop
      vertex 8.819855e+01 0.000000e+00 3.606080e+01
      vertex 8.431251e+01 0.000000e+00 3.312334e+01
      vertex 9.998055e+01 0.000000e+00 4.155484e+01
    endloop
  endfacet
  facet normal 0.000000e+00 -1.000000e+00 -0.000000e+00
    outer loop
      vertex 9.998055e+01 0.000000e+00 4.155484e+01
      vertex 8.431251e+01 0.000000e+00 3.312334e+01
      vertex 1.038224e+02 0.000000e+00 4.222094e+01
    endloop
  endfacet
  facet normal 0.000000e+00 -1.000000e+00 0.000000e+00
    outer loop
      vertex 9.955794e+01 0.000000e+00 4.246115e+01
      vertex 9.998055e+01 0.000000e+00 4.155484e+01
      vertex 1.038224e+02 0.000000e+00 4.222094e+01
    endloop
  endfacet
  facet normal 0.000000e+00 -1.000000e+00 0.000000e+00
    outer loop
      vertex 9.955794e+01 0.000000e+00 4.246115e+01
      vertex 1.038224e+02 0.000000e+00 4.222094e+01
      vertex 1.036656e+02 0.000000e+00 4.297626e+01
    endloop
  endfacet
  facet normal 0.000000e+00 -1.000000e+00 0.000000e+00
    outer loop
      vertex 9.955794e+01 0.000000e+00 4.246115e+01
      vertex 1.036656e+02 0.000000e+00 4.297626e+01
      vertex 1.033945e+02 0.000000e+00 4.369846e+01
    endloop
  endfacet
  facet normal 0.000000e+00 -1.000000e+00 0.000000e+00
    outer loop
      vertex 9.955794e+01 0.000000e+00 4.246115e+01
      vertex 1.033945e+02 0.000000e+00 4.369846e+01
      vertex 1.031832e+02 0.000000e+00 4.415162e+01
    endloop
  endfacet
  facet normal 8.300109e-01 0.000000e+00 -5.577472e-01
    outer loop
      vertex 1.028237e+02 9.409881e-01 3.853376e+01
      vertex 1.028237e+02 6.905901e+01 3.853376e+01
      vertex 1.031849e+02 7.201886e-01 3.907122e+01
    endloop
  endfacet
  facet normal 8.300109e-01 0.000000e+00 -5.577472e-01
    outer loop
      vertex 1.031849e+02 7.201886e-01 3.907122e+01
      vertex 1.028237e+02 6.905901e+01 3.853376e+01
      vertex 1.031849e+02 6.927981e+01 3.907122e+01
    endloop
  endfacet
  facet normal 8.902687e-01 0.000000e+00 -4.554357e-01
    outer loop
      vertex 1.031849e+02 7.201886e-01 3.907122e+01
      vertex 1.031849e+02 6.927981e+01 3.907122e+01
      vertex 1.034308e+02 5.366076e-01 3.955188e+01
    endloop
  endfacet
  facet normal 8.902687e-01 0.000000e+00 -4.554357e-01
    outer loop
      vertex 1.034308e+02 5.366076e-01 3.955188e+01
      vertex 1.031849e+02 6.927981e+01 3.907122e+01
      vertex 1.034308e+02 6.946339e+01 3.955188e+01
    endloop
  endfacet
  facet normal 9.343299e-01 0.000000e+00 -3.564095e-01
    outer loop
      vertex 1.034308e+02 5.366076e-01 3.955188e+01
      vertex 1.034308e+02 6.946339e+01 3.955188e+01
      vertex 1.036246e+02 3.648202e-01 4.006002e+01
    endloop
  endfacet
  facet normal 9.343298e-01 0.000000e+00 -3.564095e-01
    outer loop
      vertex 1.036246e+02 3.648202e-01 4.006002e+01
      vertex 1.034308e+02 6.946339e+01 3.955188e+01
      vertex 1.036246e+02 6.963518e+01 4.006002e+01
    endloop
  endfacet
  facet normal 9.676741e-01 0.000000e+00 -2.522040e-01
    outer loop
      vertex 1.036246e+02 3.648202e-01 4.006002e+01
      vertex 1.036246e+02 6.963518e+01 4.006002e+01
      vertex 1.037634e+02 2.151638e-01 4.059243e+01
    endloop
  endfacet
  facet normal 9.676741e-01 0.000000e+00 -2.522040e-01
    outer loop
      vertex 1.037634e+02 2.151638e-01 4.059243e+01
      vertex 1.036246e+02 6.963518e+01 4.006002e+01
      vertex 1.037634e+02 6.978484e+01 4.059243e+01
    endloop
  endfacet
  facet normal 9.893668e-01 0.000000e+00 -1.454423e-01
    outer loop
      vertex 1.037634e+02 2.151638e-01 4.059243e+01
      vertex 1.037634e+02 6.978484e+01 4.059243e+01
      vertex 1.038418e+02 1.011222e-01 4.112606e+01
    endloop
  endfacet
  facet normal 9.893668e-01 0.000000e+00 -1.454423e-01
    outer loop
      vertex 1.038418e+02 1.011222e-01 4.112606e+01
      vertex 1.037634e+02 6.978484e+01 4.059243e+01
      vertex 1.038418e+02 6.989888e+01 4.112606e+01
    endloop
  endfacet
  facet normal 9.993028e-01 0.000000e+00 -3.733661e-02
    outer loop
      vertex 1.038418e+02 1.011222e-01 4.112606e+01
      vertex 1.038418e+02 6.989888e+01 4.112606e+01
      vertex 1.038622e+02 2.653439e-02 4.167188e+01
    endloop
  endfacet
  facet normal 9.993027e-01 0.000000e+00 -3.733661e-02
    outer loop
      vertex 1.038622e+02 2.653439e-02 4.167188e+01
      vertex 1.038418e+02 6.989888e+01 4.112606e+01
      vertex 1.038622e+02 6.997346e+01 4.167188e+01
    endloop
  endfacet
  facet normal 9.973817e-01 -0.000000e+00 7.231613e-02
    outer loop
      vertex 1.038622e+02 2.653439e-02 4.167188e+01
      vertex 1.038622e+02 6.997346e+01 4.167188e+01
      vertex 1.038224e+02 0.000000e+00 4.222094e+01
    endloop
  endfacet
  facet normal 9.973817e-01 -0.000000e+00 7.231612e-02
    outer loop
      vertex 1.038224e+02 0.000000e+00 4.222094e+01
      vertex 1.038622e+02 6.997346e+01 4.167188e+01
      vertex 1.038224e+02 7.000000e+01 4.222094e+01
    endloop
  endfacet
  facet normal 9.791268e-01 -0.000000e+00 2.032508e-01
    outer loop
      vertex 1.038224e+02 0.000000e+00 4.222094e+01
      vertex 1.038224e+02 7.000000e+01 4.222094e+01
      vertex 1.036656e+02 0.000000e+00 4.297626e+01
    endloop
  endfacet
  facet normal 9.791268e-01 -0.000000e+00 2.032508e-01
    outer loop
      vertex 1.036656e+02 0.000000e+00 4.297626e+01
      vertex 1.038224e+02 7.000000e+01 4.222094e+01
      vertex 1.036656e+02 7.000000e+01 4.297626e+01
    endloop
  endfacet
  facet normal 9.362084e-01 -0.000000e+00 3.514453e-01
    outer loop
      vertex 1.036656e+02 0.000000e+00 4.297626e+01
      vertex 1.036656e+02 7.000000e+01 4.297626e+01
      vertex 1.033945e+02 0.000000e+00 4.369846e+01
    endloop
  endfacet
  facet normal 9.362084e-01 -0.000000e+00 3.514453e-01
    outer loop
      vertex 1.033945e+02 0.000000e+00 4.369846e+01
      vertex 1.036656e+02 7.000000e+01 4.297626e+01
      vertex 1.033945e+02 7.000000e+01 4.369846e+01
    endloop
  endfacet
  facet normal 0.000000e+00 1.000000e+00 0.000000e+00
    outer loop
      vertex 5.984293e+01 7.000000e+01 8.503862e+01
      vertex 8.819855e+01 7.000000e+01 3.606080e+01
      vertex 8.345570e+01 7.000000e+01 3.440086e+01
    endloop
  endfacet
  facet normal -0.000000e+00 1.000000e+00 -0.000000e+00
    outer loop
      vertex 5.984293e+01 7.000000e+01 8.503862e+01
      vertex 5.928888e+01 7.000000e+01 8.607766e+01
      vertex 8.819855e+01 7.000000e+01 3.606080e+01
    endloop
  endfacet
  facet normal 0.000000e+00 1.000000e+00 0.000000e+00
    outer loop
      vertex 4.882382e+01 7.000000e+01 1.044325e+02
      vertex 5.000129e+01 7.000000e+01 1.044209e+02
      vertex 4.765184e+01 7.000000e+01 1.043183e+02
    endloop
  endfacet
  facet normal -0.000000e+00 1.000000e+00 0.000000e+00
    outer loop
      vertex 4.765184e+01 7.000000e+01 1.043183e+02
      vertex 5.000129e+01 7.000000e+01 1.044209e+02
      vertex 5.117078e+01 7.000000e+01 1.042834e+02
    endloop
  endfacet
  facet normal 0.000000e+00 1.000000e+00 0.000000e+00
    outer loop
      vertex 4.765184e+01 7.000000e+01 1.043183e+02
      vertex 5.117078e+01 7.000000e+01 1.042834e+02
      vertex 4.649879e+01 7.000000e+01 1.040794e+02
    endloop
  endfacet
  facet normal -0.000000e+00 1.000000e+00 0.000000e+00
    outer loop
      vertex 4.649879e+01 7.000000e+01 1.040794e+02
      vertex 5.117078e+01 7.000000e+01 1.042834e+02
      vertex 5.231886e+01 7.000000e+01 1.040217e+02
    endloop
  endfacet
  facet normal 0.000000e+00 1.000000e+00 0.000000e+00
    outer loop
      vertex 4.649879e+01 7.000000e+01 1.040794e+02
      vertex 5.231886e+01 7.000000e+01 1.040217e+02
      vertex 4.537788e+01 7.000000e+01 1.037186e+02
    endloop
  endfacet
  facet normal -0.000000e+00 1.000000e+00 0.000000e+00
    outer loop
      vertex 4.537788e+01 7.000000e+01 1.037186e+02
      vertex 5.231886e+01 7.000000e+01 1.040217e+02
      vertex 5.343239e+01 7.000000e+01 1.036388e+02
    endloop
  endfacet
  facet normal 0.000000e+00 1.000000e+00 0.000000e+00
    outer loop
      vertex 4.537788e+01 7.000000e+01 1.037186e+02
      vertex 5.343239e+01 7.000000e+01 1.036388e+02
      vertex 4.430196e+01 7.000000e+01 1.032401e+02
    endloop
  endfacet
  facet normal -0.000000e+00 1.000000e+00 0.000000e+00
    outer loop
      vertex 4.430196e+01 7.000000e+01 1.032401e+02
      vertex 5.343239e+01 7.000000e+01 1.036388e+02
      vertex 5.449862e+01 7.000000e+01 1.031390e+02
    endloop
  endfacet
  facet normal 0.000000e+00 1.000000e+00 0.000000e+00
    outer loop
      vertex 4.430196e+01 7.000000e+01 1.032401e+02
      vertex 5.449862e+01 7.000000e+01 1.031390e+02
      vertex 4.328336e+01 7.000000e+01 1.026493e+02
    endloop
  endfacet
  facet normal -0.000000e+00 1.000000e+00 0.000000e+00
    outer loop
      vertex 4.328336e+01 7.000000e+01 1.026493e+02
      vertex 5.449862e+01 7.000000e+01 1.031390e+02
      vertex 5.550530e+01 7.000000e+01 1.025281e+02
    endloop
  endfacet
  facet normal 0.000000e+00 1.000000e+00 0.000000e+00
    outer loop
      vertex 4.328336e+01 7.000000e+01 1.026493e+02
      vertex 5.550530e+01 7.000000e+01 1.025281e+02
      vertex 4.233374e+01 7.000000e+01 1.019530e+02
    endloop
  endfacet
  facet normal -0.000000e+00 1.000000e+00 0.000000e+00
    outer loop
      vertex 4.233374e+01 7.000000e+01 1.019530e+02
      vertex 5.550530e+01 7.000000e+01 1.025281e+02
      vertex 5.644092e+01 7.000000e+01 1.018131e+02
    endloop
  endfacet
  facet normal 0.000000e+00 1.000000e+00 0.000000e+00
    outer loop
      vertex 4.233374e+01 7.000000e+01 1.019530e+02
      vertex 5.644092e+01 7.000000e+01 1.018131e+02
      vertex 4.146400e+01 7.000000e+01 1.011592e+02
    endloop
  endfacet
  facet normal -0.000000e+00 1.000000e+00 0.000000e+00
    outer loop
      vertex 4.146400e+01 7.000000e+01 1.011592e+02
      vertex 5.644092e+01 7.000000e+01 1.018131e+02
      vertex 5.729475e+01 7.000000e+01 1.010022e+02
    endloop
  endfacet
  facet normal 0.000000e+00 1.000000e+00 0.000000e+00
    outer loop
      vertex 4.146400e+01 7.000000e+01 1.011592e+02
      vertex 5.729475e+01 7.000000e+01 1.010022e+02
      vertex 4.068409e+01 7.000000e+01 1.002770e+02
    endloop
  endfacet
  facet normal -0.000000e+00 1.000000e+00 0.000000e+00
    outer loop
      vertex 4.068409e+01 7.000000e+01 1.002770e+02
      vertex 5.729475e+01 7.000000e+01 1.010022e+02
      vertex 5.805701e+01 7.000000e+01 1.001047e+02
    endloop
  endfacet
  facet normal 0.000000e+00 1.000000e+00 0.000000e+00
    outer loop
      vertex 4.068409e+01 7.000000e+01 1.002770e+02
      vertex 5.805701e+01 7.000000e+01 1.001047e+02
      vertex 4.000296e+01 7.000000e+01 9.931646e+01
    endloop
  endfacet
  facet normal -0.000000e+00 1.000000e+00 0.000000e+00
    outer loop
      vertex 4.000296e+01 7.000000e+01 9.931646e+01
      vertex 5.805701e+01 7.000000e+01 1.001047e+02
      vertex 5.871896e+01 7.000000e+01 9.913086e+01
    endloop
  endfacet
  facet normal -0.000000e+00 1.000000e+00 0.000000e+00
    outer loop
      vertex 9.998055e+01 7.000000e+01 4.155484e+01
      vertex 1.038224e+02 7.000000e+01 4.222094e+01
      vertex 8.819855e+01 7.000000e+01 3.606080e+01
    endloop
  endfacet
  facet normal -0.000000e+00 1.000000e+00 0.000000e+00
    outer loop
      vertex 8.819855e+01 7.000000e+01 3.606080e+01
      vertex 1.038224e+02 7.000000e+01 4.222094e+01
      vertex 8.431251e+01 7.000000e+01 3.312334e+01
    endloop
  endfacet
  facet normal 0.000000e+00 1.000000e+00 0.000000e+00
    outer loop
      vertex 8.819855e+01 7.000000e+01 3.606080e+01
      vertex 8.431251e+01 7.000000e+01 3.312334e+01
      vertex 8.345570e+01 7.000000e+01 3.440086e+01
    endloop
  endfacet
  facet normal 0.000000e+00 1.000000e+00 0.000000e+00
    outer loop
      vertex 8.345570e+01 7.000000e+01 3.440086e+01
      vertex 8.431251e+01 7.000000e+01 3.312334e+01
      vertex 8.383469e+01 7.000000e+01 3.372895e+01
    endloop
  endfacet
  facet normal 0.000000e+00 1.000000e+00 0.000000e+00
    outer loop
      vertex 9.955794e+01 7.000000e+01 4.246115e+01
      vertex 1.031832e+02 7.000000e+01 4.415162e+01
      vertex 1.033945e+02 7.000000e+01 4.369846e+01
    endloop
  endfacet
  facet normal 0.000000e+00 1.000000e+00 0.000000e+00
    outer loop
      vertex 9.955794e+01 7.000000e+01 4.246115e+01
      vertex 1.033945e+02 7.000000e+01 4.369846e+01
      vertex 1.036656e+02 7.000000e+01 4.297626e+01
    endloop
  endfacet
  facet normal -0.000000e+00 1.000000e+00 0.000000e+00
    outer loop
      vertex 9.955794e+01 7.000000e+01 4.246115e+01
      vertex 1.036656e+02 7.000000e+01 4.297626e+01
      vertex 1.038224e+02 7.000000e+01 4.222094e+01
    endloop
  endfacet
  facet normal 0.000000e+00 1.000000e+00 0.000000e+00
    outer loop
      vertex 9.955794e+01 7.000000e+01 4.246115e+01
      vertex 1.038224e+02 7.000000e+01 4.222094e+01
      vertex 9.998055e+01 7.000000e+01 4.155484e+01
    endloop
  endfacet
  facet normal 0.000000e+00 1.000000e+00 0.000000e+00
    outer loop
      vertex 3.896701e+01 7.000000e+01 9.720524e+01
      vertex 5.400231e+01 7.000000e+01 9.058557e+01
      vertex 5.288877e+01 7.000000e+01 9.096850e+01
    endloop
  endfacet
  facet normal 0.000000e+00 1.000000e+00 0.000000e+00
    outer loop
      vertex 3.896701e+01 7.000000e+01 9.720524e+01
      vertex 5.288877e+01 7.000000e+01 9.096850e+01
      vertex 5.174069e+01 7.000000e+01 9.123019e+01
    endloop
  endfacet
  facet normal 0.000000e+00 1.000000e+00 0.000000e+00
    outer loop
      vertex 3.896701e+01 7.000000e+01 9.720524e+01
      vertex 5.174069e+01 7.000000e+01 9.123019e+01
      vertex 5.057121e+01 7.000000e+01 9.136768e+01
    endloop
  endfacet
  facet normal 0.000000e+00 1.000000e+00 0.000000e+00
    outer loop
      vertex 3.896701e+01 7.000000e+01 9.720524e+01
      vertex 5.057121e+01 7.000000e+01 9.136768e+01
      vertex 4.939373e+01 7.000000e+01 9.137935e+01
    endloop
  endfacet
  facet normal 0.000000e+00 1.000000e+00 0.000000e+00
    outer loop
      vertex 3.896701e+01 7.000000e+01 9.720524e+01
      vertex 4.939373e+01 7.000000e+01 9.137935e+01
      vertex 4.822176e+01 7.000000e+01 9.126509e+01
    endloop
  endfacet
  facet normal 0.000000e+00 1.000000e+00 0.000000e+00
    outer loop
      vertex 3.896701e+01 7.000000e+01 9.720524e+01
      vertex 4.822176e+01 7.000000e+01 9.126509e+01
      vertex 4.706871e+01 7.000000e+01 9.102621e+01
    endloop
  endfacet
  facet normal 0.000000e+00 1.000000e+00 0.000000e+00
    outer loop
      vertex 3.896701e+01 7.000000e+01 9.720524e+01
      vertex 4.706871e+01 7.000000e+01 9.102621e+01
      vertex 4.594780e+01 7.000000e+01 9.066544e+01
    endloop
  endfacet
  facet normal 0.000000e+00 1.000000e+00 0.000000e+00
    outer loop
      vertex 3.896701e+01 7.000000e+01 9.720524e+01
      vertex 4.594780e+01 7.000000e+01 9.066544e+01
      vertex 4.487188e+01 7.000000e+01 9.018693e+01
    endloop
  endfacet
  facet normal 0.000000e+00 1.000000e+00 0.000000e+00
    outer loop
      vertex 3.896701e+01 7.000000e+01 9.720524e+01
      vertex 4.487188e+01 7.000000e+01 9.018693e+01
      vertex 4.385327e+01 7.000000e+01 8.959614e+01
    endloop
  endfacet
  facet normal 0.000000e+00 1.000000e+00 0.000000e+00
    outer loop
      vertex 3.896701e+01 7.000000e+01 9.720524e+01
      vertex 4.385327e+01 7.000000e+01 8.959614e+01
      vertex 4.290366e+01 7.000000e+01 8.889985e+01
    endloop
  endfacet
  facet normal 0.000000e+00 1.000000e+00 0.000000e+00
    outer loop
      vertex 3.896701e+01 7.000000e+01 9.720524e+01
      vertex 4.290366e+01 7.000000e+01 8.889985e+01
      vertex 4.203391e+01 7.000000e+01 8.810604e+01
    endloop
  endfacet
  facet normal 0.000000e+00 1.000000e+00 0.000000e+00
    outer loop
      vertex 3.896701e+01 7.000000e+01 9.720524e+01
      vertex 4.203391e+01 7.000000e+01 8.810604e+01
      vertex 4.125400e+01 7.000000e+01 8.722382e+01
    endloop
  endfacet
  facet normal 0.000000e+00 1.000000e+00 0.000000e+00
    outer loop
      vertex 3.896701e+01 7.000000e+01 9.720524e+01
      vertex 4.125400e+01 7.000000e+01 8.722382e+01
      vertex 4.057287e+01 7.000000e+01 8.626327e+01
    endloop
  endfacet
  facet normal 0.000000e+00 1.000000e+00 0.000000e+00
    outer loop
      vertex 3.896701e+01 7.000000e+01 9.720524e+01
      vertex 4.057287e+01 7.000000e+01 8.626327e+01
      vertex 3.999832e+01 7.000000e+01 8.523542e+01
    endloop
  endfacet
  facet normal 0.000000e+00 1.000000e+00 0.000000e+00
    outer loop
      vertex 3.896701e+01 7.000000e+01 9.720524e+01
      vertex 3.999832e+01 7.000000e+01 8.523542e+01
      vertex 3.953693e+01 7.000000e+01 8.415204e+01
    endloop
  endfacet
  facet normal 0.000000e+00 1.000000e+00 0.000000e+00
    outer loop
      vertex 3.896701e+01 7.000000e+01 9.720524e+01
      vertex 3.953693e+01 7.000000e+01 8.415204e+01
      vertex 5.052567e+00 7.000000e+01 4.026061e+00
    endloop
  endfacet
  facet normal 0.000000e+00 1.000000e+00 0.000000e+00
    outer loop
      vertex 5.927302e+01 7.000000e+01 9.809181e+01
      vertex 8.819855e+01 7.000000e+01 3.606080e+01
      vertex 5.928888e+01 7.000000e+01 8.607766e+01
    endloop
  endfacet
  facet normal 0.000000e+00 1.000000e+00 0.000000e+00
    outer loop
      vertex 5.927302e+01 7.000000e+01 9.809181e+01
      vertex 5.928888e+01 7.000000e+01 8.607766e+01
      vertex 5.862693e+01 7.000000e+01 8.705153e+01
    endloop
  endfacet
  facet normal 0.000000e+00 1.000000e+00 0.000000e+00
    outer loop
      vertex 5.927302e+01 7.000000e+01 9.809181e+01
      vertex 5.862693e+01 7.000000e+01 8.705153e+01
      vertex 5.786467e+01 7.000000e+01 8.794905e+01
    endloop
  endfacet
  facet normal 0.000000e+00 1.000000e+00 0.000000e+00
    outer loop
      vertex 5.927302e+01 7.000000e+01 9.809181e+01
      vertex 5.786467e+01 7.000000e+01 8.794905e+01
      vertex 5.701084e+01 7.000000e+01 8.875995e+01
    endloop
  endfacet
  facet normal 0.000000e+00 1.000000e+00 0.000000e+00
    outer loop
      vertex 5.927302e+01 7.000000e+01 9.809181e+01
      vertex 5.701084e+01 7.000000e+01 8.875995e+01
      vertex 5.607521e+01 7.000000e+01 8.947493e+01
    endloop
  endfacet
  facet normal 0.000000e+00 1.000000e+00 0.000000e+00
    outer loop
      vertex 5.927302e+01 7.000000e+01 9.809181e+01
      vertex 5.607521e+01 7.000000e+01 8.947493e+01
      vertex 5.506853e+01 7.000000e+01 9.008581e+01
    endloop
  endfacet
  facet normal 0.000000e+00 1.000000e+00 0.000000e+00
    outer loop
      vertex 5.927302e+01 7.000000e+01 9.809181e+01
      vertex 5.506853e+01 7.000000e+01 9.008581e+01
      vertex 5.400231e+01 7.000000e+01 9.058557e+01
    endloop
  endfacet
  facet normal 0.000000e+00 1.000000e+00 0.000000e+00
    outer loop
      vertex 5.927302e+01 7.000000e+01 9.809181e+01
      vertex 5.400231e+01 7.000000e+01 9.058557e+01
      vertex 3.896701e+01 7.000000e+01 9.720524e+01
    endloop
  endfacet
  facet normal 0.000000e+00 1.000000e+00 0.000000e+00
    outer loop
      vertex 5.927302e+01 7.000000e+01 9.809181e+01
      vertex 3.896701e+01 7.000000e+01 9.720524e+01
      vertex 3.942840e+01 7.000000e+01 9.828861e+01
    endloop
  endfacet
  facet normal 0.000000e+00 1.000000e+00 0.000000e+00
    outer loop
      vertex 5.927302e+01 7.000000e+01 9.809181e+01
      vertex 3.942840e+01 7.000000e+01 9.828861e+01
      vertex 4.000296e+01 7.000000e+01 9.931646e+01
    endloop
  endfacet
  facet normal 0.000000e+00 1.000000e+00 0.000000e+00
    outer loop
      vertex 5.927302e+01 7.000000e+01 9.809181e+01
      vertex 4.000296e+01 7.000000e+01 9.931646e+01
      vertex 5.871896e+01 7.000000e+01 9.913086e+01
    endloop
  endfacet
  facet normal 0.000000e+00 1.000000e+00 0.000000e+00
    outer loop
      vertex 5.052567e+00 7.000000e+01 4.026061e+00
      vertex 3.953693e+01 7.000000e+01 8.415204e+01
      vertex 1.537301e+01 7.000000e+01 1.776222e+01
    endloop
  endfacet
  facet normal 0.000000e+00 1.000000e+00 0.000000e+00
    outer loop
      vertex 5.052567e+00 7.000000e+01 4.026061e+00
      vertex 1.537301e+01 7.000000e+01 1.776222e+01
      vertex 1.503123e+01 7.000000e+01 1.664044e+01
    endloop
  endfacet
  facet normal 0.000000e+00 1.000000e+00 0.000000e+00
    outer loop
      vertex 5.052567e+00 7.000000e+01 4.026061e+00
      vertex 1.503123e+01 7.000000e+01 1.664044e+01
      vertex 1.481082e+01 7.000000e+01 1.548864e+01
    endloop
  endfacet
  facet normal 0.000000e+00 1.000000e+00 0.000000e+00
    outer loop
      vertex 5.052567e+00 7.000000e+01 4.026061e+00
      vertex 1.481082e+01 7.000000e+01 1.548864e+01
      vertex 1.471428e+01 7.000000e+01 1.431993e+01
    endloop
  endfacet
  facet normal 0.000000e+00 1.000000e+00 0.000000e+00
    outer loop
      vertex 5.052567e+00 7.000000e+01 4.026061e+00
      vertex 1.471428e+01 7.000000e+01 1.431993e+01
      vertex 1.474271e+01 7.000000e+01 1.314758e+01
    endloop
  endfacet
  facet normal 0.000000e+00 1.000000e+00 0.000000e+00
    outer loop
      vertex 5.052567e+00 7.000000e+01 4.026061e+00
      vertex 1.474271e+01 7.000000e+01 1.314758e+01
      vertex 1.489577e+01 7.000000e+01 1.198492e+01
    endloop
  endfacet
  facet normal 0.000000e+00 1.000000e+00 0.000000e+00
    outer loop
      vertex 5.052567e+00 7.000000e+01 4.026061e+00
      vertex 1.489577e+01 7.000000e+01 1.198492e+01
      vertex 1.517174e+01 7.000000e+01 1.084516e+01
    endloop
  endfacet
  facet normal 0.000000e+00 1.000000e+00 0.000000e+00
    outer loop
      vertex 5.052567e+00 7.000000e+01 4.026061e+00
      vertex 1.517174e+01 7.000000e+01 1.084516e+01
      vertex 1.556748e+01 7.000000e+01 9.741261e+00
    endloop
  endfacet
  facet normal 0.000000e+00 1.000000e+00 0.000000e+00
    outer loop
      vertex 5.052567e+00 7.000000e+01 4.026061e+00
      vertex 1.556748e+01 7.000000e+01 9.741261e+00
      vertex 1.607849e+01 7.000000e+01 8.685761e+00
    endloop
  endfacet
  facet normal 0.000000e+00 1.000000e+00 0.000000e+00
    outer loop
      vertex 5.052567e+00 7.000000e+01 4.026061e+00
      vertex 1.607849e+01 7.000000e+01 8.685761e+00
      vertex 1.669896e+01 7.000000e+01 7.690659e+00
    endloop
  endfacet
  facet normal 0.000000e+00 1.000000e+00 0.000000e+00
    outer loop
      vertex 5.052567e+00 7.000000e+01 4.026061e+00
      vertex 1.669896e+01 7.000000e+01 7.690659e+00
      vertex 1.742183e+01 7.000000e+01 6.767265e+00
    endloop
  endfacet
  facet normal 0.000000e+00 1.000000e+00 0.000000e+00
    outer loop
      vertex 5.052567e+00 7.000000e+01 4.026061e+00
      vertex 1.742183e+01 7.000000e+01 6.767265e+00
      vertex 1.823890e+01 7.000000e+01 5.926074e+00
    endloop
  endfacet
  facet normal 0.000000e+00 1.000000e+00 0.000000e+00
    outer loop
      vertex 5.052567e+00 7.000000e+01 4.026061e+00
      vertex 1.823890e+01 7.000000e+01 5.926074e+00
      vertex 1.914088e+01 7.000000e+01 5.176645e+00
    endloop
  endfacet
  facet normal 0.000000e+00 1.000000e+00 0.000000e+00
    outer loop
      vertex 5.052567e+00 7.000000e+01 4.026061e+00
      vertex 1.914088e+01 7.000000e+01 5.176645e+00
      vertex 2.011752e+01 7.000000e+01 4.527497e+00
    endloop
  endfacet
  facet normal -0.000000e+00 1.000000e+00 0.000000e+00
    outer loop
      vertex 5.052567e+00 7.000000e+01 4.026061e+00
      vertex 2.011752e+01 7.000000e+01 4.527497e+00
      vertex 2.115771e+01 7.000000e+01 3.986008e+00
    endloop
  endfacet
  facet normal 0.000000e+00 1.000000e+00 0.000000e+00
    outer loop
      vertex 5.052567e+00 7.000000e+01 4.026061e+00
      vertex 2.115771e+01 7.000000e+01 3.986008e+00
      vertex 2.224964e+01 7.000000e+01 3.558331e+00
    endloop
  endfacet
  facet normal 0.000000e+00 1.000000e+00 0.000000e+00
    outer loop
      vertex 5.052567e+00 7.000000e+01 4.026061e+00
      vertex 2.224964e+01 7.000000e+01 3.558331e+00
      vertex 4.908579e+00 7.000000e+01 3.469303e+00
    endloop
  endfacet
  facet normal 0.000000e+00 1.000000e+00 0.000000e+00
    outer loop
      vertex 4.873472e+00 7.000000e+01 2.895302e+00
      vertex 4.908579e+00 7.000000e+01 3.469303e+00
      vertex 2.224964e+01 7.000000e+01 3.558331e+00
    endloop
  endfacet
  facet normal 0.000000e+00 1.000000e+00 0.000000e+00
    outer loop
      vertex 4.873472e+00 7.000000e+01 2.895302e+00
      vertex 2.224964e+01 7.000000e+01 3.558331e+00
      vertex 2.338089e+01 7.000000e+01 3.249328e+00
    endloop
  endfacet
  facet normal 0.000000e+00 1.000000e+00 0.000000e+00
    outer loop
      vertex 4.873472e+00 7.000000e+01 2.895302e+00
      vertex 2.338089e+01 7.000000e+01 3.249328e+00
      vertex 2.453860e+01 7.000000e+01 3.062510e+00
    endloop
  endfacet
  facet normal 0.000000e+00 1.000000e+00 0.000000e+00
    outer loop
      vertex 4.873472e+00 7.000000e+01 2.895302e+00
      vertex 2.453860e+01 7.000000e+01 3.062510e+00
      vertex 2.570963e+01 7.000000e+01 3.000000e+00
    endloop
  endfacet
  facet normal 0.000000e+00 1.000000e+00 0.000000e+00
    outer loop
      vertex 4.873472e+00 7.000000e+01 2.895302e+00
      vertex 2.570963e+01 7.000000e+01 3.000000e+00
      vertex 9.400000e+01 7.000000e+01 3.000000e+00
    endloop
  endfacet
  facet normal 0.000000e+00 1.000000e+00 0.000000e+00
    outer loop
      vertex 9.400000e+01 7.000000e+01 0.000000e+00
      vertex 7.871644e+00 7.000000e+01 0.000000e+00
      vertex 7.299218e+00 7.000000e+01 5.511845e-02
    endloop
  endfacet
  facet normal 0.000000e+00 1.000000e+00 0.000000e+00
    outer loop
      vertex 9.400000e+01 7.000000e+01 0.000000e+00
      vertex 7.299218e+00 7.000000e+01 5.511845e-02
      vertex 6.747825e+00 7.000000e+01 2.184484e-01
    endloop
  endfacet
  facet normal 0.000000e+00 1.000000e+00 0.000000e+00
    outer loop
      vertex 9.400000e+01 7.000000e+01 0.000000e+00
      vertex 6.747825e+00 7.000000e+01 2.184484e-01
      vertex 6.237727e+00 7.000000e+01 4.839883e-01
    endloop
  endfacet
  facet normal 0.000000e+00 1.000000e+00 0.000000e+00
    outer loop
      vertex 9.400000e+01 7.000000e+01 0.000000e+00
      vertex 6.237727e+00 7.000000e+01 4.839883e-01
      vertex 5.787669e+00 7.000000e+01 8.419806e-01
    endloop
  endfacet
  facet normal 0.000000e+00 1.000000e+00 0.000000e+00
    outer loop
      vertex 9.400000e+01 7.000000e+01 0.000000e+00
      vertex 5.787669e+00 7.000000e+01 8.419806e-01
      vertex 5.414188e+00 7.000000e+01 1.279271e+00
    endloop
  endfacet
  facet normal 0.000000e+00 1.000000e+00 0.000000e+00
    outer loop
      vertex 9.400000e+01 7.000000e+01 0.000000e+00
      vertex 5.414188e+00 7.000000e+01 1.279271e+00
      vertex 5.131008e+00 7.000000e+01 1.779790e+00
    endloop
  endfacet
  facet normal 0.000000e+00 1.000000e+00 0.000000e+00
    outer loop
      vertex 9.400000e+01 7.000000e+01 0.000000e+00
      vertex 5.131008e+00 7.000000e+01 1.779790e+00
      vertex 4.948534e+00 7.000000e+01 2.325147e+00
    endloop
  endfacet
  facet normal 0.000000e+00 1.000000e+00 0.000000e+00
    outer loop
      vertex 9.400000e+01 7.000000e+01 0.000000e+00
      vertex 4.948534e+00 7.000000e+01 2.325147e+00
      vertex 4.873472e+00 7.000000e+01 2.895302e+00
    endloop
  endfacet
  facet normal 0.000000e+00 1.000000e+00 -0.000000e+00
    outer loop
      vertex 9.400000e+01 7.000000e+01 0.000000e+00
      vertex 4.873472e+00 7.000000e+01 2.895302e+00
      vertex 9.400000e+01 7.000000e+01 3.000000e+00
    endloop
  endfacet
  facet normal 3.963145e-01 3.473141e-01 -8.498870e-01
    outer loop
      vertex 9.935283e+01 4.934842e+01 2.785748e+01
      vertex 9.904781e+01 4.934842e+01 2.771524e+01
      vertex 9.905957e+01 5.205663e+01 2.882747e+01
    endloop
  endfacet
  facet normal 3.963104e-01 3.473147e-01 -8.498885e-01
    outer loop
      vertex 9.905957e+01 5.205663e+01 2.882747e+01
      vertex 9.904781e+01 4.934842e+01 2.771524e+01
      vertex 9.840679e+01 5.223900e+01 2.859760e+01
    endloop
  endfacet
  facet normal 3.963103e-01 3.473138e-01 -8.498890e-01
    outer loop
      vertex 9.905957e+01 5.205663e+01 2.882747e+01
      vertex 9.840679e+01 5.223900e+01 2.859760e+01
      vertex 9.886331e+01 5.476095e+01 2.984109e+01
    endloop
  endfacet
  facet normal 3.963087e-01 3.473144e-01 -8.498895e-01
    outer loop
      vertex 9.886331e+01 5.476095e+01 2.984109e+01
      vertex 9.840679e+01 5.223900e+01 2.859760e+01
      vertex 9.804430e+01 5.368332e+01 2.901880e+01
    endloop
  endfacet
  facet normal 3.963081e-01 3.473148e-01 -8.498896e-01
    outer loop
      vertex 9.886331e+01 5.476095e+01 2.984109e+01
      vertex 9.804430e+01 5.368332e+01 2.901880e+01
      vertex 9.765241e+01 5.512609e+01 2.942566e+01
    endloop
  endfacet
  facet normal 3.963082e-01 3.473155e-01 -8.498892e-01
    outer loop
      vertex 9.886331e+01 5.476095e+01 2.984109e+01
      vertex 9.765241e+01 5.512609e+01 2.942566e+01
      vertex 9.877151e+01 5.745954e+01 3.090109e+01
    endloop
  endfacet
  facet normal 3.963098e-01 3.473145e-01 -8.498889e-01
    outer loop
      vertex 9.877151e+01 5.745954e+01 3.090109e+01
      vertex 9.765241e+01 5.512609e+01 2.942566e+01
      vertex 9.707826e+01 5.705666e+01 2.994687e+01
    endloop
  endfacet
  facet normal 3.963101e-01 3.473138e-01 -8.498890e-01
    outer loop
      vertex 9.877151e+01 5.745954e+01 3.090109e+01
      vertex 9.707826e+01 5.705666e+01 2.994687e+01
      vertex 9.878870e+01 5.989901e+01 3.190601e+01
    endloop
  endfacet
  facet normal 3.963098e-01 3.473140e-01 -8.498891e-01
    outer loop
      vertex 9.878870e+01 5.989901e+01 3.190601e+01
      vertex 9.707826e+01 5.705666e+01 2.994687e+01
      vertex 9.644415e+01 5.898013e+01 3.043722e+01
    endloop
  endfacet
  facet normal 3.963093e-01 3.473150e-01 -8.498890e-01
    outer loop
      vertex 9.878870e+01 5.989901e+01 3.190601e+01
      vertex 9.644415e+01 5.898013e+01 3.043722e+01
      vertex 9.884023e+01 6.116867e+01 3.244890e+01
    endloop
  endfacet
  facet normal 3.963099e-01 3.473144e-01 -8.498890e-01
    outer loop
      vertex 9.884023e+01 6.116867e+01 3.244890e+01
      vertex 9.644415e+01 5.898013e+01 3.043722e+01
      vertex 9.574318e+01 6.089481e+01 3.089280e+01
    endloop
  endfacet
  facet normal 3.963096e-01 3.473152e-01 -8.498887e-01
    outer loop
      vertex 9.884023e+01 6.116867e+01 3.244890e+01
      vertex 9.574318e+01 6.089481e+01 3.089280e+01
      vertex 9.892432e+01 6.243370e+01 3.300508e+01
    endloop
  endfacet
  facet normal 3.963108e-01 3.473133e-01 -8.498890e-01
    outer loop
      vertex 9.892432e+01 6.243370e+01 3.300508e+01
      vertex 9.574318e+01 6.089481e+01 3.089280e+01
      vertex 9.495124e+01 6.283124e+01 3.131485e+01
    endloop
  endfacet
  facet normal 3.963107e-01 3.473131e-01 -8.498890e-01
    outer loop
      vertex 9.892432e+01 6.243370e+01 3.300508e+01
      vertex 9.495124e+01 6.283124e+01 3.131485e+01
      vertex 9.903229e+01 6.358279e+01 3.352501e+01
    endloop
  endfacet
  facet normal 3.963102e-01 3.473148e-01 -8.498886e-01
    outer loop
      vertex 9.903229e+01 6.358279e+01 3.352501e+01
      vertex 9.495124e+01 6.283124e+01 3.131485e+01
      vertex 9.447620e+01 6.389068e+01 3.152629e+01
    endloop
  endfacet
  facet normal 3.963104e-01 3.473132e-01 -8.498892e-01
    outer loop
      vertex 9.903229e+01 6.358279e+01 3.352501e+01
      vertex 9.447620e+01 6.389068e+01 3.152629e+01
      vertex 9.917351e+01 6.472657e+01 3.405827e+01
    endloop
  endfacet
  facet normal 3.963097e-01 3.473150e-01 -8.498887e-01
    outer loop
      vertex 9.917351e+01 6.472657e+01 3.405827e+01
      vertex 9.447620e+01 6.389068e+01 3.152629e+01
      vertex 9.396964e+01 6.494322e+01 3.172021e+01
    endloop
  endfacet
  facet normal 3.963097e-01 3.473153e-01 -8.498886e-01
    outer loop
      vertex 9.917351e+01 6.472657e+01 3.405827e+01
      vertex 9.396964e+01 6.494322e+01 3.172021e+01
      vertex 9.932994e+01 6.573509e+01 3.454336e+01
    endloop
  endfacet
  facet normal 3.963093e-01 3.473169e-01 -8.498882e-01
    outer loop
      vertex 9.932994e+01 6.573509e+01 3.454336e+01
      vertex 9.396964e+01 6.494322e+01 3.172021e+01
      vertex 9.353173e+01 6.579262e+01 3.186312e+01
    endloop
  endfacet
  facet normal 3.963096e-01 3.473147e-01 -8.498889e-01
    outer loop
      vertex 9.932994e+01 6.573509e+01 3.454336e+01
      vertex 9.353173e+01 6.579262e+01 3.186312e+01
      vertex 9.951959e+01 6.673657e+01 3.504106e+01
    endloop
  endfacet
  facet normal 3.963102e-01 3.473127e-01 -8.498895e-01
    outer loop
      vertex 9.951959e+01 6.673657e+01 3.504106e+01
      vertex 9.353173e+01 6.579262e+01 3.186312e+01
      vertex 9.300908e+01 6.673657e+01 3.200516e+01
    endloop
  endfacet
  facet normal 3.963090e-01 -3.473144e-01 -8.498893e-01
    outer loop
      vertex 9.751505e+01 1.439358e+01 2.955790e+01
      vertex 9.811418e+01 1.658625e+01 2.894122e+01
      vertex 9.887474e+01 1.544565e+01 2.976199e+01
    endloop
  endfacet
  facet normal 3.963099e-01 -3.473137e-01 -8.498892e-01
    outer loop
      vertex 9.887474e+01 1.544565e+01 2.976199e+01
      vertex 9.811418e+01 1.658625e+01 2.894122e+01
      vertex 9.860835e+01 1.861801e+01 2.834136e+01
    endloop
  endfacet
  facet normal 3.963066e-01 -3.473145e-01 -8.498904e-01
    outer loop
      vertex 9.887474e+01 1.544565e+01 2.976199e+01
      vertex 9.860835e+01 1.861801e+01 2.834136e+01
      vertex 9.906892e+01 1.804565e+01 2.879003e+01
    endloop
  endfacet
  facet normal 3.963059e-01 -3.473151e-01 -8.498905e-01
    outer loop
      vertex 9.906892e+01 1.804565e+01 2.879003e+01
      vertex 9.860835e+01 1.861801e+01 2.834136e+01
      vertex 9.904781e+01 2.065158e+01 2.771524e+01
    endloop
  endfacet
  facet normal 3.963147e-01 -3.473136e-01 -8.498870e-01
    outer loop
      vertex 9.906892e+01 1.804565e+01 2.879003e+01
      vertex 9.904781e+01 2.065158e+01 2.771524e+01
      vertex 9.935283e+01 2.065158e+01 2.785748e+01
    endloop
  endfacet
  facet normal 3.963094e-01 -3.473139e-01 -8.498893e-01
    outer loop
      vertex 9.878427e+01 1.026556e+01 3.183669e+01
      vertex 9.609336e+01 1.003619e+01 3.067564e+01
      vertex 9.876624e+01 1.155730e+01 3.130040e+01
    endloop
  endfacet
  facet normal 3.963098e-01 -3.473149e-01 -8.498888e-01
    outer loop
      vertex 9.876624e+01 1.155730e+01 3.130040e+01
      vertex 9.609336e+01 1.003619e+01 3.067564e+01
      vertex 9.684422e+01 1.221004e+01 3.013740e+01
    endloop
  endfacet
  facet normal 3.963098e-01 -3.473148e-01 -8.498888e-01
    outer loop
      vertex 9.876624e+01 1.155730e+01 3.130040e+01
      vertex 9.684422e+01 1.221004e+01 3.013740e+01
      vertex 9.877644e+01 1.285165e+01 3.077621e+01
    endloop
  endfacet
  facet normal 3.963096e-01 -3.473139e-01 -8.498893e-01
    outer loop
      vertex 9.877644e+01 1.285165e+01 3.077621e+01
      vertex 9.684422e+01 1.221004e+01 3.013740e+01
      vertex 9.751505e+01 1.439358e+01 2.955790e+01
    endloop
  endfacet
  facet normal 3.963090e-01 -3.473144e-01 -8.498893e-01
    outer loop
      vertex 9.877644e+01 1.285165e+01 3.077621e+01
      vertex 9.751505e+01 1.439358e+01 2.955790e+01
      vertex 9.887474e+01 1.544565e+01 2.976199e+01
    endloop
  endfacet
  facet normal 3.963095e-01 -3.473145e-01 -8.498891e-01
    outer loop
      vertex 9.903780e+01 6.366584e+00 3.354826e+01
      vertex 9.525032e+01 7.873988e+00 3.116612e+01
      vertex 9.887077e+01 8.309403e+00 3.267643e+01
    endloop
  endfacet
  facet normal 3.963095e-01 -3.473149e-01 -8.498889e-01
    outer loop
      vertex 9.887077e+01 8.309403e+00 3.267643e+01
      vertex 9.525032e+01 7.873988e+00 3.116612e+01
      vertex 9.609336e+01 1.003619e+01 3.067564e+01
    endloop
  endfacet
  facet normal 3.963093e-01 -3.473151e-01 -8.498889e-01
    outer loop
      vertex 9.887077e+01 8.309403e+00 3.267643e+01
      vertex 9.609336e+01 1.003619e+01 3.067564e+01
      vertex 9.878427e+01 1.026556e+01 3.183669e+01
    endloop
  endfacet
  facet normal 3.963102e-01 -3.473130e-01 -8.498893e-01
    outer loop
      vertex 9.525032e+01 7.873988e+00 3.116612e+01
      vertex 9.903780e+01 6.366584e+00 3.354826e+01
      vertex 9.457330e+01 6.320056e+00 3.148545e+01
    endloop
  endfacet
  facet normal 3.963101e-01 -3.473142e-01 -8.498890e-01
    outer loop
      vertex 9.457330e+01 6.320056e+00 3.148545e+01
      vertex 9.903780e+01 6.366584e+00 3.354826e+01
      vertex 9.930042e+01 4.440105e+00 3.445800e+01
    endloop
  endfacet
  facet normal 3.963094e-01 -3.473154e-01 -8.498887e-01
    outer loop
      vertex 9.457330e+01 6.320056e+00 3.148545e+01
      vertex 9.930042e+01 4.440105e+00 3.445800e+01
      vertex 9.383106e+01 4.782057e+00 3.176785e+01
    endloop
  endfacet
  facet normal 3.963099e-01 -3.473133e-01 -8.498894e-01
    outer loop
      vertex 9.383106e+01 4.782057e+00 3.176785e+01
      vertex 9.930042e+01 4.440105e+00 3.445800e+01
      vertex 9.951960e+01 3.263428e+00 3.504106e+01
    endloop
  endfacet
  facet normal 3.963096e-01 -3.473139e-01 -8.498893e-01
    outer loop
      vertex 9.383106e+01 4.782057e+00 3.176785e+01
      vertex 9.951960e+01 3.263428e+00 3.504106e+01
      vertex 9.300908e+01 3.263428e+00 3.200516e+01
    endloop
  endfacet
  facet normal -1.252157e-01 -9.904099e-01 -5.838906e-02
    outer loop
      vertex 9.408955e+01 3.887500e+01 3.880782e+01
      vertex 9.916097e+01 3.887500e+01 2.793213e+01
      vertex 9.449413e+01 3.881273e+01 3.899647e+01
    endloop
  endfacet
  facet normal -1.252158e-01 -9.904099e-01 -5.838907e-02
    outer loop
      vertex 9.449413e+01 3.881273e+01 3.899647e+01
      vertex 9.916097e+01 3.887500e+01 2.793213e+01
      vertex 9.956554e+01 3.881273e+01 2.812078e+01
    endloop
  endfacet
  facet normal -3.564531e-01 -9.194091e-01 -1.662168e-01
    outer loop
      vertex 9.449413e+01 3.881273e+01 3.899647e+01
      vertex 9.956554e+01 3.881273e+01 2.812078e+01
      vertex 9.488569e+01 3.862791e+01 3.917906e+01
    endloop
  endfacet
  facet normal -3.564531e-01 -9.194092e-01 -1.662168e-01
    outer loop
      vertex 9.488569e+01 3.862791e+01 3.917906e+01
      vertex 9.956554e+01 3.881273e+01 2.812078e+01
      vertex 9.995711e+01 3.862791e+01 2.830337e+01
    endloop
  endfacet
  facet normal -5.421321e-01 -8.013643e-01 -2.528004e-01
    outer loop
      vertex 9.488569e+01 3.862791e+01 3.917906e+01
      vertex 9.995711e+01 3.862791e+01 2.830337e+01
      vertex 9.525166e+01 3.832649e+01 3.934972e+01
    endloop
  endfacet
  facet normal -5.421321e-01 -8.013642e-01 -2.528004e-01
    outer loop
      vertex 9.525166e+01 3.832649e+01 3.934972e+01
      vertex 9.995711e+01 3.862791e+01 2.830337e+01
      vertex 1.003231e+02 3.832649e+01 2.847403e+01
    endloop
  endfacet
  facet normal -6.776838e-01 -6.639902e-01 -3.160091e-01
    outer loop
      vertex 9.525166e+01 3.832649e+01 3.934972e+01
      vertex 1.003231e+02 3.832649e+01 2.847403e+01
      vertex 9.558029e+01 3.791815e+01 3.950296e+01
    endloop
  endfacet
  facet normal -6.776838e-01 -6.639901e-01 -3.160091e-01
    outer loop
      vertex 9.558029e+01 3.791815e+01 3.950296e+01
      vertex 1.003231e+02 3.832649e+01 2.847403e+01
      vertex 1.006517e+02 3.791815e+01 2.862727e+01
    endloop
  endfacet
  facet normal -7.713608e-01 -5.249997e-01 -3.596914e-01
    outer loop
      vertex 9.558029e+01 3.791815e+01 3.950296e+01
      vertex 1.006517e+02 3.791815e+01 2.862727e+01
      vertex 9.586101e+01 3.741602e+01 3.963386e+01
    endloop
  endfacet
  facet normal -7.713613e-01 -5.249988e-01 -3.596916e-01
    outer loop
      vertex 9.586101e+01 3.741602e+01 3.963386e+01
      vertex 1.006517e+02 3.791815e+01 2.862727e+01
      vertex 1.009324e+02 3.741602e+01 2.875817e+01
    endloop
  endfacet
  facet normal -8.239326e-01 -4.165582e-01 -3.842061e-01
    outer loop
      vertex 9.586101e+01 3.741602e+01 3.963386e+01
      vertex 1.009324e+02 3.741602e+01 2.875817e+01
      vertex 9.600695e+01 3.706459e+01 3.970192e+01
    endloop
  endfacet
  facet normal -8.239325e-01 -4.165585e-01 -3.842060e-01
    outer loop
      vertex 9.600695e+01 3.706459e+01 3.970192e+01
      vertex 1.009324e+02 3.741602e+01 2.875817e+01
      vertex 1.010784e+02 3.706459e+01 2.882622e+01
    endloop
  endfacet
  facet normal -8.533571e-01 -3.368023e-01 -3.979269e-01
    outer loop
      vertex 9.600695e+01 3.706459e+01 3.970192e+01
      vertex 1.010784e+02 3.706459e+01 2.882622e+01
      vertex 9.612917e+01 3.668760e+01 3.975890e+01
    endloop
  endfacet
  facet normal -8.533565e-01 -3.368042e-01 -3.979267e-01
    outer loop
      vertex 9.612917e+01 3.668760e+01 3.975890e+01
      vertex 1.010784e+02 3.706459e+01 2.882622e+01
      vertex 1.012006e+02 3.668760e+01 2.888321e+01
    endloop
  endfacet
  facet normal -8.753580e-01 -2.590993e-01 -4.081861e-01
    outer loop
      vertex 9.612917e+01 3.668760e+01 3.975890e+01
      vertex 1.012006e+02 3.668760e+01 2.888321e+01
      vertex 9.622750e+01 3.628313e+01 3.980476e+01
    endloop
  endfacet
  facet normal -8.753584e-01 -2.590978e-01 -4.081863e-01
    outer loop
      vertex 9.622750e+01 3.628313e+01 3.980476e+01
      vertex 1.012006e+02 3.668760e+01 2.888321e+01
      vertex 1.012989e+02 3.628313e+01 2.892907e+01
    endloop
  endfacet
  facet normal -8.909972e-01 -1.830338e-01 -4.154788e-01
    outer loop
      vertex 9.622750e+01 3.628313e+01 3.980476e+01
      vertex 1.012989e+02 3.628313e+01 2.892907e+01
      vertex 9.629852e+01 3.586227e+01 3.983788e+01
    endloop
  endfacet
  facet normal -8.909972e-01 -1.830339e-01 -4.154788e-01
    outer loop
      vertex 9.629852e+01 3.586227e+01 3.983788e+01
      vertex 1.012989e+02 3.628313e+01 2.892907e+01
      vertex 1.013699e+02 3.586227e+01 2.896218e+01
    endloop
  endfacet
  facet normal -9.039227e-01 -7.250145e-02 -4.215060e-01
    outer loop
      vertex 9.629852e+01 3.586227e+01 3.983788e+01
      vertex 1.013699e+02 3.586227e+01 2.896218e+01
      vertex 9.635532e+01 3.500000e+01 3.986436e+01
    endloop
  endfacet
  facet normal -9.039226e-01 -7.250264e-02 -4.215060e-01
    outer loop
      vertex 9.635532e+01 3.500000e+01 3.986436e+01
      vertex 1.013699e+02 3.586227e+01 2.896218e+01
      vertex 1.014267e+02 3.500000e+01 2.898867e+01
    endloop
  endfacet
  facet normal -9.039227e-01 7.250145e-02 -4.215060e-01
    outer loop
      vertex 9.635532e+01 3.500000e+01 3.986436e+01
      vertex 1.014267e+02 3.500000e+01 2.898867e+01
      vertex 9.629852e+01 3.413773e+01 3.983788e+01
    endloop
  endfacet
  facet normal -9.039226e-01 7.250263e-02 -4.215060e-01
    outer loop
      vertex 9.629852e+01 3.413773e+01 3.983788e+01
      vertex 1.014267e+02 3.500000e+01 2.898867e+01
      vertex 1.013699e+02 3.413773e+01 2.896218e+01
    endloop
  endfacet
  facet normal -8.909972e-01 1.830338e-01 -4.154788e-01
    outer loop
      vertex 9.629852e+01 3.413773e+01 3.983788e+01
      vertex 1.013699e+02 3.413773e+01 2.896218e+01
      vertex 9.622750e+01 3.371687e+01 3.980476e+01
    endloop
  endfacet
  facet normal -8.909972e-01 1.830339e-01 -4.154788e-01
    outer loop
      vertex 9.622750e+01 3.371687e+01 3.980476e+01
      vertex 1.013699e+02 3.413773e+01 2.896218e+01
      vertex 1.012989e+02 3.371687e+01 2.892907e+01
    endloop
  endfacet
  facet normal -8.753580e-01 2.590993e-01 -4.081860e-01
    outer loop
      vertex 9.622750e+01 3.371687e+01 3.980476e+01
      vertex 1.012989e+02 3.371687e+01 2.892907e+01
      vertex 9.612917e+01 3.331240e+01 3.975890e+01
    endloop
  endfacet
  facet normal -8.753584e-01 2.590978e-01 -4.081863e-01
    outer loop
      vertex 9.612917e+01 3.331240e+01 3.975890e+01
      vertex 1.012989e+02 3.371687e+01 2.892907e+01
      vertex 1.012006e+02 3.331240e+01 2.888321e+01
    endloop
  endfacet
  facet normal -8.533571e-01 3.368023e-01 -3.979270e-01
    outer loop
      vertex 9.612917e+01 3.331240e+01 3.975890e+01
      vertex 1.012006e+02 3.331240e+01 2.888321e+01
      vertex 9.600695e+01 3.293541e+01 3.970192e+01
    endloop
  endfacet
  facet normal -8.533565e-01 3.368041e-01 -3.979266e-01
    outer loop
      vertex 9.600695e+01 3.293541e+01 3.970192e+01
      vertex 1.012006e+02 3.331240e+01 2.888321e+01
      vertex 1.010784e+02 3.293541e+01 2.882622e+01
    endloop
  endfacet
  facet normal -8.239326e-01 4.165582e-01 -3.842061e-01
    outer loop
      vertex 9.600695e+01 3.293541e+01 3.970192e+01
      vertex 1.010784e+02 3.293541e+01 2.882622e+01
      vertex 9.586101e+01 3.258398e+01 3.963386e+01
    endloop
  endfacet
  facet normal -8.239328e-01 4.165578e-01 -3.842061e-01
    outer loop
      vertex 9.586101e+01 3.258398e+01 3.963386e+01
      vertex 1.010784e+02 3.293541e+01 2.882622e+01
      vertex 1.009324e+02 3.258398e+01 2.875817e+01
    endloop
  endfacet
  facet normal -7.713608e-01 5.249997e-01 -3.596914e-01
    outer loop
      vertex 9.586101e+01 3.258398e+01 3.963386e+01
      vertex 1.009324e+02 3.258398e+01 2.875817e+01
      vertex 9.558029e+01 3.208185e+01 3.950296e+01
    endloop
  endfacet
  facet normal -7.713612e-01 5.249988e-01 -3.596917e-01
    outer loop
      vertex 9.558029e+01 3.208185e+01 3.950296e+01
      vertex 1.009324e+02 3.258398e+01 2.875817e+01
      vertex 1.006517e+02 3.208185e+01 2.862727e+01
    endloop
  endfacet
  facet normal -6.776838e-01 6.639902e-01 -3.160091e-01
    outer loop
      vertex 9.558029e+01 3.208185e+01 3.950296e+01
      vertex 1.006517e+02 3.208185e+01 2.862727e+01
      vertex 9.525166e+01 3.167351e+01 3.934972e+01
    endloop
  endfacet
  facet normal -6.776838e-01 6.639901e-01 -3.160091e-01
    outer loop
      vertex 9.525166e+01 3.167351e+01 3.934972e+01
      vertex 1.006517e+02 3.208185e+01 2.862727e+01
      vertex 1.003231e+02 3.167351e+01 2.847403e+01
    endloop
  endfacet
  facet normal -5.421321e-01 8.013643e-01 -2.528004e-01
    outer loop
      vertex 9.525166e+01 3.167351e+01 3.934972e+01
      vertex 1.003231e+02 3.167351e+01 2.847403e+01
      vertex 9.488569e+01 3.137209e+01 3.917906e+01
    endloop
  endfacet
  facet normal -5.421321e-01 8.013642e-01 -2.528004e-01
    outer loop
      vertex 9.488569e+01 3.137209e+01 3.917906e+01
      vertex 1.003231e+02 3.167351e+01 2.847403e+01
      vertex 9.995711e+01 3.137209e+01 2.830337e+01
    endloop
  endfacet
  facet normal -3.564500e-01 9.194106e-01 -1.662153e-01
    outer loop
      vertex 9.488569e+01 3.137209e+01 3.917906e+01
      vertex 9.995711e+01 3.137209e+01 2.830337e+01
      vertex 9.449413e+01 3.118727e+01 3.899647e+01
    endloop
  endfacet
  facet normal -3.564500e-01 9.194106e-01 -1.662153e-01
    outer loop
      vertex 9.449413e+01 3.118727e+01 3.899647e+01
      vertex 9.995711e+01 3.137209e+01 2.830337e+01
      vertex 9.956554e+01 3.118727e+01 2.812078e+01
    endloop
  endfacet
  facet normal -1.252195e-01 9.904093e-01 -5.839081e-02
    outer loop
      vertex 9.449413e+01 3.118727e+01 3.899647e+01
      vertex 9.956554e+01 3.118727e+01 2.812078e+01
      vertex 9.408955e+01 3.112500e+01 3.880782e+01
    endloop
  endfacet
  facet normal -1.252194e-01 9.904093e-01 -5.839078e-02
    outer loop
      vertex 9.408955e+01 3.112500e+01 3.880782e+01
      vertex 9.956554e+01 3.118727e+01 2.812078e+01
      vertex 9.916097e+01 3.112500e+01 2.793213e+01
    endloop
  endfacet
  facet normal -6.759090e-01 -6.631114e-01 -3.216057e-01
    outer loop
      vertex 1.015809e+02 3.631681e+01 2.630450e+01
      vertex 1.006527e+02 3.613613e+01 2.862774e+01
      vertex 1.003630e+02 3.649702e+01 2.849262e+01
    endloop
  endfacet
  facet normal -8.661496e-01 -2.963045e-01 -4.024780e-01
    outer loop
      vertex 1.008558e+02 3.570921e+01 2.872244e+01
      vertex 1.018542e+02 3.574880e+01 2.654465e+01
      vertex 1.019290e+02 3.543280e+01 2.661635e+01
    endloop
  endfacet
  facet normal -8.774457e-01 -2.393139e-01 -4.157137e-01
    outer loop
      vertex 1.019290e+02 3.543280e+01 2.661635e+01
      vertex 1.009604e+02 3.524107e+01 2.877120e+01
      vertex 1.008558e+02 3.570921e+01 2.872244e+01
    endloop
  endfacet
  facet normal -8.774467e-01 2.393139e-01 -4.157115e-01
    outer loop
      vertex 1.008558e+02 3.429079e+01 2.872244e+01
      vertex 1.009604e+02 3.475893e+01 2.877120e+01
      vertex 1.019290e+02 3.456719e+01 2.661635e+01
    endloop
  endfacet
  facet normal -7.320156e-01 5.912825e-01 -3.384349e-01
    outer loop
      vertex 1.006527e+02 3.386387e+01 2.862774e+01
      vertex 1.017406e+02 3.395893e+01 2.644083e+01
      vertex 1.015809e+02 3.368319e+01 2.630450e+01
    endloop
  endfacet
  facet normal -6.759090e-01 6.631114e-01 -3.216057e-01
    outer loop
      vertex 1.015809e+02 3.368319e+01 2.630450e+01
      vertex 1.003630e+02 3.350298e+01 2.849262e+01
      vertex 1.006527e+02 3.386387e+01 2.862774e+01
    endloop
  endfacet
  facet normal -6.302900e-01 7.195299e-01 -2.915671e-01
    outer loop
      vertex 1.013839e+02 3.344805e+01 2.615016e+01
      vertex 1.003630e+02 3.350298e+01 2.849262e+01
      vertex 1.015809e+02 3.368319e+01 2.630450e+01
    endloop
  endfacet
  facet normal -1.407195e-01 -9.879704e-01 -6.412981e-02
    outer loop
      vertex 1.007510e+02 3.693257e+01 2.574080e+01
      vertex 9.959476e+01 3.694188e+01 2.813441e+01
      vertex 1.003809e+02 3.699750e+01 2.555258e+01
    endloop
  endfacet
  facet normal -1.077292e-01 -9.927024e-01 -5.418640e-02
    outer loop
      vertex 1.003809e+02 3.699750e+01 2.555258e+01
      vertex 9.959476e+01 3.694188e+01 2.813441e+01
      vertex 9.916097e+01 3.700000e+01 2.793213e+01
    endloop
  endfacet
  facet normal -2.267248e-02 -9.996870e-01 -1.057236e-02
    outer loop
      vertex 1.003809e+02 3.699750e+01 2.555258e+01
      vertex 9.916097e+01 3.700000e+01 2.793213e+01
      vertex 1.002902e+02 3.700000e+01 2.551043e+01
    endloop
  endfacet
  facet normal -6.302909e-01 -7.195287e-01 -2.915677e-01
    outer loop
      vertex 1.015809e+02 3.631681e+01 2.630450e+01
      vertex 1.003630e+02 3.649702e+01 2.849262e+01
      vertex 1.013839e+02 3.655195e+01 2.615016e+01
    endloop
  endfacet
  facet normal -5.134450e-01 -8.229772e-01 -2.430696e-01
    outer loop
      vertex 1.013839e+02 3.655195e+01 2.615016e+01
      vertex 1.003630e+02 3.649702e+01 2.849262e+01
      vertex 1.000033e+02 3.677091e+01 2.832493e+01
    endloop
  endfacet
  facet normal -4.947681e-01 -8.381214e-01 -2.296890e-01
    outer loop
      vertex 1.013839e+02 3.655195e+01 2.615016e+01
      vertex 1.000033e+02 3.677091e+01 2.832493e+01
      vertex 1.010894e+02 3.678213e+01 2.594460e+01
    endloop
  endfacet
  facet normal -3.209286e-01 -9.350160e-01 -1.508311e-01
    outer loop
      vertex 1.010894e+02 3.678213e+01 2.594460e+01
      vertex 1.000033e+02 3.677091e+01 2.832493e+01
      vertex 9.959476e+01 3.694188e+01 2.813441e+01
    endloop
  endfacet
  facet normal -3.233281e-01 -9.339098e-01 -1.525496e-01
    outer loop
      vertex 1.010894e+02 3.678213e+01 2.594460e+01
      vertex 9.959476e+01 3.694188e+01 2.813441e+01
      vertex 1.007510e+02 3.693257e+01 2.574080e+01
    endloop
  endfacet
  facet normal -7.320195e-01 -5.912770e-01 -3.384360e-01
    outer loop
      vertex 1.015809e+02 3.631681e+01 2.630450e+01
      vertex 1.017406e+02 3.604107e+01 2.644083e+01
      vertex 1.006527e+02 3.613613e+01 2.862774e+01
    endloop
  endfacet
  facet normal -8.073810e-01 -4.496098e-01 -3.820826e-01
    outer loop
      vertex 1.006527e+02 3.613613e+01 2.862774e+01
      vertex 1.017406e+02 3.604107e+01 2.644083e+01
      vertex 1.018542e+02 3.574880e+01 2.654465e+01
    endloop
  endfacet
  facet normal -8.016699e-01 -4.647206e-01 -3.759788e-01
    outer loop
      vertex 1.006527e+02 3.613613e+01 2.862774e+01
      vertex 1.018542e+02 3.574880e+01 2.654465e+01
      vertex 1.008558e+02 3.570921e+01 2.872244e+01
    endloop
  endfacet
  facet normal -8.661542e-01 2.962886e-01 -4.024798e-01
    outer loop
      vertex 1.019290e+02 3.456719e+01 2.661635e+01
      vertex 1.018542e+02 3.425120e+01 2.654465e+01
      vertex 1.008558e+02 3.429079e+01 2.872244e+01
    endloop
  endfacet
  facet normal -8.090373e-01 4.491790e-01 -3.790738e-01
    outer loop
      vertex 1.008558e+02 3.429079e+01 2.872244e+01
      vertex 1.018542e+02 3.425120e+01 2.654465e+01
      vertex 1.017406e+02 3.395893e+01 2.644083e+01
    endloop
  endfacet
  facet normal -8.006774e-01 4.647172e-01 -3.780920e-01
    outer loop
      vertex 1.008558e+02 3.429079e+01 2.872244e+01
      vertex 1.017406e+02 3.395893e+01 2.644083e+01
      vertex 1.006527e+02 3.386387e+01 2.862774e+01
    endloop
  endfacet
  facet normal -1.407195e-01 9.879704e-01 -6.412981e-02
    outer loop
      vertex 1.003809e+02 3.300250e+01 2.555258e+01
      vertex 9.959476e+01 3.305812e+01 2.813441e+01
      vertex 1.007510e+02 3.306743e+01 2.574080e+01
    endloop
  endfacet
  facet normal -3.207171e-01 9.350153e-01 -1.512840e-01
    outer loop
      vertex 1.007510e+02 3.306743e+01 2.574080e+01
      vertex 9.959476e+01 3.305812e+01 2.813441e+01
      vertex 1.000033e+02 3.322909e+01 2.832493e+01
    endloop
  endfacet
  facet normal -3.236246e-01 9.338878e-01 -1.520547e-01
    outer loop
      vertex 1.007510e+02 3.306743e+01 2.574080e+01
      vertex 1.000033e+02 3.322909e+01 2.832493e+01
      vertex 1.010894e+02 3.321787e+01 2.594460e+01
    endloop
  endfacet
  facet normal -5.153440e-01 8.229811e-01 -2.390036e-01
    outer loop
      vertex 1.010894e+02 3.321787e+01 2.594460e+01
      vertex 1.000033e+02 3.322909e+01 2.832493e+01
      vertex 1.003630e+02 3.350298e+01 2.849262e+01
    endloop
  endfacet
  facet normal -4.920038e-01 8.385310e-01 -2.340896e-01
    outer loop
      vertex 1.010894e+02 3.321787e+01 2.594460e+01
      vertex 1.003630e+02 3.350298e+01 2.849262e+01
      vertex 1.013839e+02 3.344805e+01 2.615016e+01
    endloop
  endfacet
  facet normal -1.092434e-01 9.927089e-01 -5.094107e-02
    outer loop
      vertex 9.916097e+01 3.300000e+01 2.793213e+01
      vertex 9.959476e+01 3.305812e+01 2.813441e+01
      vertex 1.002902e+02 3.300000e+01 2.551043e+01
    endloop
  endfacet
  facet normal -1.539546e-02 9.995377e-01 -2.621863e-02
    outer loop
      vertex 1.002902e+02 3.300000e+01 2.551043e+01
      vertex 9.959476e+01 3.305812e+01 2.813441e+01
      vertex 1.003809e+02 3.300250e+01 2.555258e+01
    endloop
  endfacet
  facet normal -9.030383e-01 1.086602e-01 -4.155897e-01
    outer loop
      vertex 1.019648e+02 3.500000e+01 2.665169e+01
      vertex 1.019290e+02 3.456719e+01 2.661635e+01
      vertex 1.009604e+02 3.475893e+01 2.877120e+01
    endloop
  endfacet
  facet normal -9.036628e-01 0.000000e+00 -4.282447e-01
    outer loop
      vertex 1.019648e+02 3.500000e+01 2.665169e+01
      vertex 1.009604e+02 3.475893e+01 2.877120e+01
      vertex 1.009604e+02 3.524107e+01 2.877120e+01
    endloop
  endfacet
  facet normal -9.030390e-01 -1.086455e-01 -4.155917e-01
    outer loop
      vertex 1.019648e+02 3.500000e+01 2.665169e+01
      vertex 1.009604e+02 3.524107e+01 2.877120e+01
      vertex 1.019290e+02 3.543280e+01 2.661635e+01
    endloop
  endfacet
  facet normal 4.802602e-01 -2.278697e-01 -8.470098e-01
    outer loop
      vertex 9.999346e+01 2.612252e+01 2.638346e+01
      vertex 1.006705e+02 2.607310e+01 2.678064e+01
      vertex 9.988160e+01 2.499505e+01 2.662336e+01
    endloop
  endfacet
  facet normal 9.358723e-01 -1.535606e-02 3.520043e-01
    outer loop
      vertex 1.027229e+02 2.697271e+01 3.221585e+01
      vertex 1.025899e+02 2.873830e+01 3.264640e+01
      vertex 1.024399e+02 2.697018e+01 3.296814e+01
    endloop
  endfacet
  facet normal 4.841938e-01 -1.731336e-01 -8.576602e-01
    outer loop
      vertex 1.001769e+02 2.839749e+01 2.599005e+01
      vertex 1.008508e+02 2.828175e+01 2.639388e+01
      vertex 1.000919e+02 2.725697e+01 2.617231e+01
    endloop
  endfacet
  facet normal 9.360428e-01 -1.149206e-02 3.516982e-01
    outer loop
      vertex 1.028850e+02 2.895879e+01 3.186807e+01
      vertex 1.027026e+02 3.052188e+01 3.240463e+01
      vertex 1.025899e+02 2.873830e+01 3.264640e+01
    endloop
  endfacet
  facet normal 9.363282e-01 -1.502914e-02 3.508045e-01
    outer loop
      vertex 1.028850e+02 2.895879e+01 3.186807e+01
      vertex 1.025899e+02 2.873830e+01 3.264640e+01
      vertex 1.027229e+02 2.697271e+01 3.221585e+01
    endloop
  endfacet
  facet normal 4.869285e-01 -1.178381e-01 -8.654564e-01
    outer loop
      vertex 1.003062e+02 3.069322e+01 2.571280e+01
      vertex 1.009800e+02 3.051038e+01 2.611682e+01
      vertex 1.002484e+02 2.954321e+01 2.583684e+01
    endloop
  endfacet
  facet normal 9.361666e-01 -7.642101e-03 3.514734e-01
    outer loop
      vertex 1.030012e+02 3.096283e+01 3.161892e+01
      vertex 1.027778e+02 3.231654e+01 3.224340e+01
      vertex 1.027026e+02 3.052188e+01 3.240463e+01
    endloop
  endfacet
  facet normal 9.367204e-01 -1.079975e-02 3.499117e-01
    outer loop
      vertex 1.030012e+02 3.096283e+01 3.161892e+01
      vertex 1.027026e+02 3.052188e+01 3.240463e+01
      vertex 1.028850e+02 2.895879e+01 3.186807e+01
    endloop
  endfacet
  facet normal 9.369842e-01 -6.509723e-03 3.493111e-01
    outer loop
      vertex 1.030711e+02 3.297887e+01 3.146916e+01
      vertex 1.027778e+02 3.231654e+01 3.224340e+01
      vertex 1.030012e+02 3.096283e+01 3.161892e+01
    endloop
  endfacet
  facet normal 9.356673e-01 -1.925335e-02 3.523579e-01
    outer loop
      vertex 1.022529e+02 2.522191e+01 3.336905e+01
      vertex 1.025155e+02 2.501121e+01 3.266033e+01
      vertex 1.024399e+02 2.697018e+01 3.296814e+01
    endloop
  endfacet
  facet normal 5.135507e-01 -1.998926e-01 -8.344511e-01
    outer loop
      vertex 1.008508e+02 2.828175e+01 2.639388e+01
      vertex 9.999346e+01 2.612252e+01 2.638346e+01
      vertex 1.000919e+02 2.725697e+01 2.617231e+01
    endloop
  endfacet
  facet normal 5.150401e-01 -1.450851e-01 -8.447981e-01
    outer loop
      vertex 1.009800e+02 3.051038e+01 2.611682e+01
      vertex 1.001769e+02 2.839749e+01 2.599005e+01
      vertex 1.002484e+02 2.954321e+01 2.583684e+01
    endloop
  endfacet
  facet normal 5.153204e-01 -8.978225e-02 -8.522816e-01
    outer loop
      vertex 1.010577e+02 3.275237e+01 2.595027e+01
      vertex 1.003062e+02 3.069322e+01 2.571280e+01
      vertex 1.003504e+02 3.184662e+01 2.561802e+01
    endloop
  endfacet
  facet normal 9.769897e-01 -4.397520e-03 2.132413e-01
    outer loop
      vertex 1.032386e+02 3.500000e+01 3.074340e+01
      vertex 1.030813e+02 3.500000e+01 3.146389e+01
      vertex 1.030711e+02 3.297887e+01 3.146916e+01
    endloop
  endfacet
  facet normal 9.798223e-01 -9.514820e-03 1.996441e-01
    outer loop
      vertex 1.030711e+02 3.297887e+01 3.146916e+01
      vertex 1.032271e+02 3.293729e+01 3.070119e+01
      vertex 1.032386e+02 3.500000e+01 3.074340e+01
    endloop
  endfacet
  facet normal 9.977147e-01 -6.903633e-03 6.721365e-02
    outer loop
      vertex 1.032881e+02 3.500000e+01 3.000762e+01
      vertex 1.032386e+02 3.500000e+01 3.074340e+01
      vertex 1.032271e+02 3.293729e+01 3.070119e+01
    endloop
  endfacet
  facet normal 9.989254e-01 -1.476865e-02 4.392929e-02
    outer loop
      vertex 1.032271e+02 3.293729e+01 3.070119e+01
      vertex 1.032610e+02 3.289779e+01 2.991814e+01
      vertex 1.032881e+02 3.500000e+01 3.000762e+01
    endloop
  endfacet
  facet normal 9.967285e-01 -9.454137e-03 -8.026753e-02
    outer loop
      vertex 1.032289e+02 3.500000e+01 2.927254e+01
      vertex 1.032881e+02 3.500000e+01 3.000762e+01
      vertex 1.032610e+02 3.289779e+01 2.991814e+01
    endloop
  endfacet
  facet normal 9.934162e-01 -1.952188e-02 -1.128857e-01
    outer loop
      vertex 1.032610e+02 3.289779e+01 2.991814e+01
      vertex 1.031718e+02 3.286133e+01 2.913931e+01
      vertex 1.032289e+02 3.500000e+01 2.927254e+01
    endloop
  endfacet
  facet normal 9.740554e-01 -1.195822e-02 -2.259935e-01
    outer loop
      vertex 1.030623e+02 3.500000e+01 2.855417e+01
      vertex 1.032289e+02 3.500000e+01 2.927254e+01
      vertex 1.031718e+02 3.286133e+01 2.913931e+01
    endloop
  endfacet
  facet normal 9.634310e-01 -2.369610e-02 -2.669068e-01
    outer loop
      vertex 1.031718e+02 3.286133e+01 2.913931e+01
      vertex 1.029617e+02 3.282881e+01 2.838388e+01
      vertex 1.030623e+02 3.500000e+01 2.855417e+01
    endloop
  endfacet
  facet normal 9.301913e-01 -1.432186e-02 -3.667957e-01
    outer loop
      vertex 1.027917e+02 3.500000e+01 2.786812e+01
      vertex 1.030623e+02 3.500000e+01 2.855417e+01
      vertex 1.029617e+02 3.282881e+01 2.838388e+01
    endloop
  endfacet
  facet normal 9.097109e-01 -2.722101e-02 -4.143492e-01
    outer loop
      vertex 1.029617e+02 3.282881e+01 2.838388e+01
      vertex 1.026359e+02 3.280104e+01 2.767046e+01
      vertex 1.027917e+02 3.500000e+01 2.786812e+01
    endloop
  endfacet
  facet normal 8.660920e-01 -1.646544e-02 -4.996134e-01
    outer loop
      vertex 1.024232e+02 3.500000e+01 2.722933e+01
      vertex 1.027917e+02 3.500000e+01 2.786812e+01
      vertex 1.026359e+02 3.280104e+01 2.767046e+01
    endloop
  endfacet
  facet normal 8.046890e-01 -5.631255e-02 -5.910198e-01
    outer loop
      vertex 1.018542e+02 3.425120e+01 2.654465e+01
      vertex 1.019290e+02 3.456719e+01 2.661635e+01
      vertex 1.016721e+02 3.276234e+01 2.643848e+01
    endloop
  endfacet
  facet normal 7.286075e-01 -4.039204e-02 -6.837394e-01
    outer loop
      vertex 1.016721e+02 3.276234e+01 2.643848e+01
      vertex 1.017406e+02 3.395893e+01 2.644083e+01
      vertex 1.018542e+02 3.425120e+01 2.654465e+01
    endloop
  endfacet
  facet normal 5.978376e-01 -5.041832e-02 -8.000301e-01
    outer loop
      vertex 1.010577e+02 3.275237e+01 2.595027e+01
      vertex 1.010894e+02 3.321787e+01 2.594460e+01
      vertex 1.013839e+02 3.344805e+01 2.615016e+01
    endloop
  endfacet
  facet normal 4.884610e-01 -6.217288e-02 -8.703679e-01
    outer loop
      vertex 1.003504e+02 3.184662e+01 2.561802e+01
      vertex 1.003809e+02 3.300250e+01 2.555258e+01
      vertex 1.010577e+02 3.275237e+01 2.595027e+01
    endloop
  endfacet
  facet normal 4.672538e-01 -1.268733e-01 -8.749726e-01
    outer loop
      vertex 1.010577e+02 3.275237e+01 2.595027e+01
      vertex 1.003809e+02 3.300250e+01 2.555258e+01
      vertex 1.007510e+02 3.306743e+01 2.574080e+01
    endloop
  endfacet
  facet normal 5.304418e-01 -4.640033e-02 -8.464504e-01
    outer loop
      vertex 1.010577e+02 3.275237e+01 2.595027e+01
      vertex 1.007510e+02 3.306743e+01 2.574080e+01
      vertex 1.010894e+02 3.321787e+01 2.594460e+01
    endloop
  endfacet
  facet normal 4.784127e-01 -2.549605e-01 -8.403074e-01
    outer loop
      vertex 9.975647e+01 2.387553e+01 2.689180e+01
      vertex 9.988160e+01 2.499505e+01 2.662336e+01
      vertex 1.004403e+02 2.389202e+01 2.727609e+01
    endloop
  endfacet
  facet normal 4.966082e-01 -2.417867e-01 -8.336184e-01
    outer loop
      vertex 1.004403e+02 2.389202e+01 2.727609e+01
      vertex 9.988160e+01 2.499505e+01 2.662336e+01
      vertex 1.006705e+02 2.607310e+01 2.678064e+01
    endloop
  endfacet
  facet normal 6.101387e-01 -2.362003e-01 -7.562674e-01
    outer loop
      vertex 1.004403e+02 2.389202e+01 2.727609e+01
      vertex 1.006705e+02 2.607310e+01 2.678064e+01
      vertex 1.010571e+02 2.394134e+01 2.775838e+01
    endloop
  endfacet
  facet normal 6.100357e-01 -2.362499e-01 -7.563349e-01
    outer loop
      vertex 1.010571e+02 2.394134e+01 2.775838e+01
      vertex 1.006705e+02 2.607310e+01 2.678064e+01
      vertex 1.012866e+02 2.611272e+01 2.726516e+01
    endloop
  endfacet
  facet normal 7.254915e-01 -2.244333e-01 -6.506089e-01
    outer loop
      vertex 1.010571e+02 2.394134e+01 2.775838e+01
      vertex 1.012866e+02 2.611272e+01 2.726516e+01
      vertex 1.015919e+02 2.402219e+01 2.832679e+01
    endloop
  endfacet
  facet normal 7.254308e-01 -2.244700e-01 -6.506637e-01
    outer loop
      vertex 1.015919e+02 2.402219e+01 2.832679e+01
      vertex 1.012866e+02 2.611272e+01 2.726516e+01
      vertex 1.018198e+02 2.617770e+01 2.783726e+01
    endloop
  endfacet
  facet normal 8.230039e-01 -2.071383e-01 -5.289218e-01
    outer loop
      vertex 1.015919e+02 2.402219e+01 2.832679e+01
      vertex 1.018198e+02 2.617770e+01 2.783726e+01
      vertex 1.020313e+02 2.413258e+01 2.896733e+01
    endloop
  endfacet
  facet normal 8.229679e-01 -2.071669e-01 -5.289667e-01
    outer loop
      vertex 1.020313e+02 2.413258e+01 2.896733e+01
      vertex 1.018198e+02 2.617770e+01 2.783726e+01
      vertex 1.022571e+02 2.626643e+01 2.848285e+01
    endloop
  endfacet
  facet normal 9.002568e-01 -1.847490e-01 -3.942151e-01
    outer loop
      vertex 1.020313e+02 2.413258e+01 2.896733e+01
      vertex 1.022571e+02 2.626643e+01 2.848285e+01
      vertex 1.023647e+02 2.426979e+01 2.966422e+01
    endloop
  endfacet
  facet normal 9.002482e-01 -1.847584e-01 -3.942303e-01
    outer loop
      vertex 1.023647e+02 2.426979e+01 2.966422e+01
      vertex 1.022571e+02 2.626643e+01 2.848285e+01
      vertex 1.025876e+02 2.637672e+01 2.918601e+01
    endloop
  endfacet
  facet normal 9.553572e-01 -1.578052e-01 -2.497800e-01
    outer loop
      vertex 1.023647e+02 2.426979e+01 2.966422e+01
      vertex 1.025876e+02 2.637672e+01 2.918601e+01
      vertex 1.025836e+02 2.443044e+01 3.040030e+01
    endloop
  endfacet
  facet normal 9.553636e-01 -1.577944e-01 -2.497626e-01
    outer loop
      vertex 1.025836e+02 2.443044e+01 3.040030e+01
      vertex 1.025876e+02 2.637672e+01 2.918601e+01
      vertex 1.028033e+02 2.650586e+01 2.992942e+01
    endloop
  endfacet
  facet normal 9.869363e-01 -1.269705e-01 -9.917301e-02
    outer loop
      vertex 1.025836e+02 2.443044e+01 3.040030e+01
      vertex 1.028033e+02 2.650586e+01 2.992942e+01
      vertex 1.026829e+02 2.461059e+01 3.115745e+01
    endloop
  endfacet
  facet normal 9.869446e-01 -1.269416e-01 -9.912761e-02
    outer loop
      vertex 1.026829e+02 2.461059e+01 3.115745e+01
      vertex 1.028033e+02 2.650586e+01 2.992942e+01
      vertex 1.028988e+02 2.665067e+01 3.069479e+01
    endloop
  endfacet
  facet normal 9.942064e-01 -9.301022e-02 5.387915e-02
    outer loop
      vertex 1.026829e+02 2.461059e+01 3.115745e+01
      vertex 1.028988e+02 2.665067e+01 3.069479e+01
      vertex 1.026600e+02 2.480578e+01 3.191703e+01
    endloop
  endfacet
  facet normal 9.942069e-01 -9.295525e-02 5.396223e-02
    outer loop
      vertex 1.026600e+02 2.480578e+01 3.191703e+01
      vertex 1.028988e+02 2.665067e+01 3.069479e+01
      vertex 1.028718e+02 2.680757e+01 3.146324e+01
    endloop
  endfacet
  facet normal 9.769821e-01 -5.675001e-02 2.056344e-01
    outer loop
      vertex 1.026600e+02 2.480578e+01 3.191703e+01
      vertex 1.028718e+02 2.680757e+01 3.146324e+01
      vertex 1.025155e+02 2.501121e+01 3.266033e+01
    endloop
  endfacet
  facet normal 9.769631e-01 -5.667191e-02 2.057460e-01
    outer loop
      vertex 1.025155e+02 2.501121e+01 3.266033e+01
      vertex 1.028718e+02 2.680757e+01 3.146324e+01
      vertex 1.027229e+02 2.697271e+01 3.221585e+01
    endloop
  endfacet
  facet normal 9.358147e-01 -1.918665e-02 3.519697e-01
    outer loop
      vertex 1.025155e+02 2.501121e+01 3.266033e+01
      vertex 1.027229e+02 2.697271e+01 3.221585e+01
      vertex 1.024399e+02 2.697018e+01 3.296814e+01
    endloop
  endfacet
  facet normal 9.781244e-01 -4.427975e-02 2.032531e-01
    outer loop
      vertex 1.028850e+02 2.895879e+01 3.186807e+01
      vertex 1.027229e+02 2.697271e+01 3.221585e+01
      vertex 1.030373e+02 2.883451e+01 3.110830e+01
    endloop
  endfacet
  facet normal 9.781239e-01 -4.427786e-02 2.032561e-01
    outer loop
      vertex 1.030373e+02 2.883451e+01 3.110830e+01
      vertex 1.027229e+02 2.697271e+01 3.221585e+01
      vertex 1.028718e+02 2.680757e+01 3.146324e+01
    endloop
  endfacet
  facet normal 9.961131e-01 -7.260635e-02 4.986943e-02
    outer loop
      vertex 1.030373e+02 2.883451e+01 3.110830e+01
      vertex 1.028718e+02 2.680757e+01 3.146324e+01
      vertex 1.030675e+02 2.871642e+01 3.033305e+01
    endloop
  endfacet
  facet normal 9.961131e-01 -7.260378e-02 4.987380e-02
    outer loop
      vertex 1.030675e+02 2.871642e+01 3.033305e+01
      vertex 1.028718e+02 2.680757e+01 3.146324e+01
      vertex 1.028988e+02 2.665067e+01 3.069479e+01
    endloop
  endfacet
  facet normal 9.895496e-01 -9.913641e-02 -1.047075e-01
    outer loop
      vertex 1.030675e+02 2.871642e+01 3.033305e+01
      vertex 1.028988e+02 2.665067e+01 3.069479e+01
      vertex 1.029749e+02 2.860744e+01 2.956142e+01
    endloop
  endfacet
  facet normal 9.895487e-01 -9.913940e-02 -1.047127e-01
    outer loop
      vertex 1.029749e+02 2.860744e+01 2.956142e+01
      vertex 1.028988e+02 2.665067e+01 3.069479e+01
      vertex 1.028033e+02 2.650586e+01 2.992942e+01
    endloop
  endfacet
  facet normal 9.586015e-01 -1.232279e-01 -2.567061e-01
    outer loop
      vertex 1.029749e+02 2.860744e+01 2.956142e+01
      vertex 1.028033e+02 2.650586e+01 2.992942e+01
      vertex 1.027619e+02 2.851025e+01 2.881240e+01
    endloop
  endfacet
  facet normal 9.586014e-01 -1.232282e-01 -2.567066e-01
    outer loop
      vertex 1.027619e+02 2.851025e+01 2.881240e+01
      vertex 1.028033e+02 2.650586e+01 2.992942e+01
      vertex 1.025876e+02 2.637672e+01 2.918601e+01
    endloop
  endfacet
  facet normal 9.040397e-01 -1.442788e-01 -4.023630e-01
    outer loop
      vertex 1.027619e+02 2.851025e+01 2.881240e+01
      vertex 1.025876e+02 2.637672e+01 2.918601e+01
      vertex 1.024335e+02 2.842725e+01 2.810446e+01
    endloop
  endfacet
  facet normal 9.040400e-01 -1.442784e-01 -4.023623e-01
    outer loop
      vertex 1.024335e+02 2.842725e+01 2.810446e+01
      vertex 1.025876e+02 2.637672e+01 2.918601e+01
      vertex 1.022571e+02 2.626643e+01 2.848285e+01
    endloop
  endfacet
  facet normal 8.272202e-01 -1.617721e-01 -5.380860e-01
    outer loop
      vertex 1.024335e+02 2.842725e+01 2.810446e+01
      vertex 1.022571e+02 2.626643e+01 2.848285e+01
      vertex 1.019980e+02 2.836047e+01 2.745504e+01
    endloop
  endfacet
  facet normal 8.272202e-01 -1.617721e-01 -5.380860e-01
    outer loop
      vertex 1.019980e+02 2.836047e+01 2.745504e+01
      vertex 1.022571e+02 2.626643e+01 2.848285e+01
      vertex 1.018198e+02 2.617770e+01 2.783726e+01
    endloop
  endfacet
  facet normal 7.300388e-01 -1.752805e-01 -6.605454e-01
    outer loop
      vertex 1.019980e+02 2.836047e+01 2.745504e+01
      vertex 1.018198e+02 2.617770e+01 2.783726e+01
      vertex 1.014661e+02 2.831157e+01 2.688012e+01
    endloop
  endfacet
  facet normal 7.300386e-01 -1.752804e-01 -6.605454e-01
    outer loop
      vertex 1.014661e+02 2.831157e+01 2.688012e+01
      vertex 1.018198e+02 2.617770e+01 2.783726e+01
      vertex 1.012866e+02 2.611272e+01 2.726516e+01
    endloop
  endfacet
  facet normal 6.148863e-01 -1.844726e-01 -7.667363e-01
    outer loop
      vertex 1.014661e+02 2.831157e+01 2.688012e+01
      vertex 1.012866e+02 2.611272e+01 2.726516e+01
      vertex 1.008508e+02 2.828175e+01 2.639388e+01
    endloop
  endfacet
  facet normal 6.148860e-01 -1.844727e-01 -7.667365e-01
    outer loop
      vertex 1.008508e+02 2.828175e+01 2.639388e+01
      vertex 1.012866e+02 2.611272e+01 2.726516e+01
      vertex 1.006705e+02 2.607310e+01 2.678064e+01
    endloop
  endfacet
  facet normal 4.865671e-01 -1.890888e-01 -8.529348e-01
    outer loop
      vertex 1.008508e+02 2.828175e+01 2.639388e+01
      vertex 1.006705e+02 2.607310e+01 2.678064e+01
      vertex 9.999346e+01 2.612252e+01 2.638346e+01
    endloop
  endfacet
  facet normal 9.790012e-01 -3.171734e-02 2.013716e-01
    outer loop
      vertex 1.030012e+02 3.096283e+01 3.161892e+01
      vertex 1.028850e+02 2.895879e+01 3.186807e+01
      vertex 1.031559e+02 3.087977e+01 3.085403e+01
    endloop
  endfacet
  facet normal 9.790009e-01 -3.171621e-02 2.013736e-01
    outer loop
      vertex 1.031559e+02 3.087977e+01 3.085403e+01
      vertex 1.028850e+02 2.895879e+01 3.186807e+01
      vertex 1.030373e+02 2.883451e+01 3.110830e+01
    endloop
  endfacet
  facet normal 9.975494e-01 -5.200797e-02 4.680112e-02
    outer loop
      vertex 1.031559e+02 3.087977e+01 3.085403e+01
      vertex 1.030373e+02 2.883451e+01 3.110830e+01
      vertex 1.031883e+02 3.080086e+01 3.007391e+01
    endloop
  endfacet
  facet normal 9.975496e-01 -5.201445e-02 4.678883e-02
    outer loop
      vertex 1.031883e+02 3.080086e+01 3.007391e+01
      vertex 1.030373e+02 2.883451e+01 3.110830e+01
      vertex 1.030675e+02 2.871642e+01 3.033305e+01
    endloop
  endfacet
  facet normal 9.915101e-01 -7.102226e-02 -1.089203e-01
    outer loop
      vertex 1.031883e+02 3.080086e+01 3.007391e+01
      vertex 1.030675e+02 2.871642e+01 3.033305e+01
      vertex 1.030979e+02 3.072803e+01 2.929778e+01
    endloop
  endfacet
  facet normal 9.915110e-01 -7.101896e-02 -1.089139e-01
    outer loop
      vertex 1.030979e+02 3.072803e+01 2.929778e+01
      vertex 1.030675e+02 2.871642e+01 3.033305e+01
      vertex 1.029749e+02 2.860744e+01 2.956142e+01
    endloop
  endfacet
  facet normal 9.610398e-01 -8.827621e-02 -2.619348e-01
    outer loop
      vertex 1.030979e+02 3.072803e+01 2.929778e+01
      vertex 1.029749e+02 2.860744e+01 2.956142e+01
      vertex 1.028867e+02 3.066308e+01 2.854476e+01
    endloop
  endfacet
  facet normal 9.610398e-01 -8.827621e-02 -2.619349e-01
    outer loop
      vertex 1.028867e+02 3.066308e+01 2.854476e+01
      vertex 1.029749e+02 2.860744e+01 2.956142e+01
      vertex 1.027619e+02 2.851025e+01 2.881240e+01
    endloop
  endfacet
  facet normal 9.068937e-01 -1.033567e-01 -4.084865e-01
    outer loop
      vertex 1.028867e+02 3.066308e+01 2.854476e+01
      vertex 1.027619e+02 2.851025e+01 2.881240e+01
      vertex 1.025599e+02 3.060761e+01 2.783340e+01
    endloop
  endfacet
  facet normal 9.068944e-01 -1.033560e-01 -4.084851e-01
    outer loop
      vertex 1.025599e+02 3.060761e+01 2.783340e+01
      vertex 1.027619e+02 2.851025e+01 2.881240e+01
      vertex 1.024335e+02 2.842725e+01 2.810446e+01
    endloop
  endfacet
  facet normal 8.304244e-01 -1.158878e-01 -5.449453e-01
    outer loop
      vertex 1.025599e+02 3.060761e+01 2.783340e+01
      vertex 1.024335e+02 2.842725e+01 2.810446e+01
      vertex 1.021257e+02 3.056299e+01 2.718122e+01
    endloop
  endfacet
  facet normal 8.304210e-01 -1.158903e-01 -5.449499e-01
    outer loop
      vertex 1.021257e+02 3.056299e+01 2.718122e+01
      vertex 1.024335e+02 2.842725e+01 2.810446e+01
      vertex 1.019980e+02 2.836047e+01 2.745504e+01
    endloop
  endfacet
  facet normal 7.335050e-01 -1.255676e-01 -6.679844e-01
    outer loop
      vertex 1.021257e+02 3.056299e+01 2.718122e+01
      vertex 1.019980e+02 2.836047e+01 2.745504e+01
      vertex 1.015947e+02 3.053031e+01 2.660429e+01
    endloop
  endfacet
  facet normal 7.335067e-01 -1.255666e-01 -6.679826e-01
    outer loop
      vertex 1.015947e+02 3.053031e+01 2.660429e+01
      vertex 1.019980e+02 2.836047e+01 2.745504e+01
      vertex 1.014661e+02 2.831157e+01 2.688012e+01
    endloop
  endfacet
  facet normal 6.185356e-01 -1.321519e-01 -7.745641e-01
    outer loop
      vertex 1.015947e+02 3.053031e+01 2.660429e+01
      vertex 1.014661e+02 2.831157e+01 2.688012e+01
      vertex 1.009800e+02 3.051038e+01 2.611682e+01
    endloop
  endfacet
  facet normal 6.185362e-01 -1.321516e-01 -7.745637e-01
    outer loop
      vertex 1.009800e+02 3.051038e+01 2.611682e+01
      vertex 1.014661e+02 2.831157e+01 2.688012e+01
      vertex 1.008508e+02 2.828175e+01 2.639388e+01
    endloop
  endfacet
  facet normal 4.920503e-01 -1.354365e-01 -8.599672e-01
    outer loop
      vertex 1.009800e+02 3.051038e+01 2.611682e+01
      vertex 1.008508e+02 2.828175e+01 2.639388e+01
      vertex 1.001769e+02 2.839749e+01 2.599005e+01
    endloop
  endfacet
  facet normal 9.795871e-01 -1.906894e-02 2.001136e-01
    outer loop
      vertex 1.030711e+02 3.297887e+01 3.146916e+01
      vertex 1.030012e+02 3.096283e+01 3.161892e+01
      vertex 1.032271e+02 3.293729e+01 3.070119e+01
    endloop
  endfacet
  facet normal 9.795866e-01 -1.906762e-02 2.001163e-01
    outer loop
      vertex 1.032271e+02 3.293729e+01 3.070119e+01
      vertex 1.030012e+02 3.096283e+01 3.161892e+01
      vertex 1.031559e+02 3.087977e+01 3.085403e+01
    endloop
  endfacet
  facet normal 9.985091e-01 -3.126517e-02 4.474355e-02
    outer loop
      vertex 1.032271e+02 3.293729e+01 3.070119e+01
      vertex 1.031559e+02 3.087977e+01 3.085403e+01
      vertex 1.032610e+02 3.289779e+01 2.991814e+01
    endloop
  endfacet
  facet normal 9.985091e-01 -3.126547e-02 4.474289e-02
    outer loop
      vertex 1.032610e+02 3.289779e+01 2.991814e+01
      vertex 1.031559e+02 3.087977e+01 3.085403e+01
      vertex 1.031883e+02 3.080086e+01 3.007391e+01
    endloop
  endfacet
  facet normal 9.928208e-01 -4.269243e-02 -1.117328e-01
    outer loop
      vertex 1.032610e+02 3.289779e+01 2.991814e+01
      vertex 1.031883e+02 3.080086e+01 3.007391e+01
      vertex 1.031718e+02 3.286133e+01 2.913931e+01
    endloop
  endfacet
  facet normal 9.928210e-01 -4.269186e-02 -1.117315e-01
    outer loop
      vertex 1.031718e+02 3.286133e+01 2.913931e+01
      vertex 1.031883e+02 3.080086e+01 3.007391e+01
      vertex 1.030979e+02 3.072803e+01 2.929778e+01
    endloop
  endfacet
  facet normal 9.626685e-01 -5.306506e-02 -2.654306e-01
    outer loop
      vertex 1.031718e+02 3.286133e+01 2.913931e+01
      vertex 1.030979e+02 3.072803e+01 2.929778e+01
      vertex 1.029617e+02 3.282881e+01 2.838388e+01
    endloop
  endfacet
  facet normal 9.626691e-01 -5.306428e-02 -2.654289e-01
    outer loop
      vertex 1.029617e+02 3.282881e+01 2.838388e+01
      vertex 1.030979e+02 3.072803e+01 2.929778e+01
      vertex 1.028867e+02 3.066308e+01 2.854476e+01
    endloop
  endfacet
  facet normal 9.088022e-01 -6.212939e-02 -4.125755e-01
    outer loop
      vertex 1.029617e+02 3.282881e+01 2.838388e+01
      vertex 1.028867e+02 3.066308e+01 2.854476e+01
      vertex 1.026359e+02 3.280104e+01 2.767046e+01
    endloop
  endfacet
  facet normal 9.088013e-01 -6.213022e-02 -4.125773e-01
    outer loop
      vertex 1.026359e+02 3.280104e+01 2.767046e+01
      vertex 1.028867e+02 3.066308e+01 2.854476e+01
      vertex 1.025599e+02 3.060761e+01 2.783340e+01
    endloop
  endfacet
  facet normal 8.325626e-01 -6.966329e-02 -5.495331e-01
    outer loop
      vertex 1.026359e+02 3.280104e+01 2.767046e+01
      vertex 1.025599e+02 3.060761e+01 2.783340e+01
      vertex 1.022025e+02 3.277870e+01 2.701662e+01
    endloop
  endfacet
  facet normal 8.325632e-01 -6.966285e-02 -5.495322e-01
    outer loop
      vertex 1.022025e+02 3.277870e+01 2.701662e+01
      vertex 1.025599e+02 3.060761e+01 2.783340e+01
      vertex 1.021257e+02 3.056299e+01 2.718122e+01
    endloop
  endfacet
  facet normal 7.358214e-01 -7.548051e-02 -6.729558e-01
    outer loop
      vertex 1.022025e+02 3.277870e+01 2.701662e+01
      vertex 1.021257e+02 3.056299e+01 2.718122e+01
      vertex 1.016721e+02 3.276234e+01 2.643848e+01
    endloop
  endfacet
  facet normal 7.358227e-01 -7.547981e-02 -6.729545e-01
    outer loop
      vertex 1.016721e+02 3.276234e+01 2.643848e+01
      vertex 1.021257e+02 3.056299e+01 2.718122e+01
      vertex 1.015947e+02 3.053031e+01 2.660429e+01
    endloop
  endfacet
  facet normal 6.209732e-01 -7.943836e-02 -7.797960e-01
    outer loop
      vertex 1.016721e+02 3.276234e+01 2.643848e+01
      vertex 1.015947e+02 3.053031e+01 2.660429e+01
      vertex 1.010577e+02 3.275237e+01 2.595027e+01
    endloop
  endfacet
  facet normal 6.209747e-01 -7.943765e-02 -7.797949e-01
    outer loop
      vertex 1.010577e+02 3.275237e+01 2.595027e+01
      vertex 1.015947e+02 3.053031e+01 2.660429e+01
      vertex 1.009800e+02 3.051038e+01 2.611682e+01
    endloop
  endfacet
  facet normal 4.961796e-01 -8.139955e-02 -8.643957e-01
    outer loop
      vertex 1.010577e+02 3.275237e+01 2.595027e+01
      vertex 1.009800e+02 3.051038e+01 2.611682e+01
      vertex 1.003062e+02 3.069322e+01 2.571280e+01
    endloop
  endfacet
  facet normal 9.349980e-01 -3.816370e-03 3.546325e-01
    outer loop
      vertex 1.030813e+02 3.500000e+01 3.146389e+01
      vertex 1.028198e+02 3.500000e+01 3.215342e+01
      vertex 1.030711e+02 3.297887e+01 3.146916e+01
    endloop
  endfacet
  facet normal 9.377512e-01 -9.937444e-04 3.473063e-01
    outer loop
      vertex 1.030711e+02 3.297887e+01 3.146916e+01
      vertex 1.028198e+02 3.500000e+01 3.215342e+01
      vertex 1.028152e+02 3.411785e+01 3.216313e+01
    endloop
  endfacet
  facet normal 9.362370e-01 -3.796935e-03 3.513488e-01
    outer loop
      vertex 1.030711e+02 3.297887e+01 3.146916e+01
      vertex 1.028152e+02 3.411785e+01 3.216313e+01
      vertex 1.027778e+02 3.231654e+01 3.224340e+01
    endloop
  endfacet
  facet normal 6.214159e-01 -6.705342e-02 -7.806063e-01
    outer loop
      vertex 1.010577e+02 3.275237e+01 2.595027e+01
      vertex 1.013839e+02 3.344805e+01 2.615016e+01
      vertex 1.016721e+02 3.276234e+01 2.643848e+01
    endloop
  endfacet
  facet normal 6.495318e-01 -4.612407e-02 -7.589342e-01
    outer loop
      vertex 1.016721e+02 3.276234e+01 2.643848e+01
      vertex 1.013839e+02 3.344805e+01 2.615016e+01
      vertex 1.015809e+02 3.368319e+01 2.630450e+01
    endloop
  endfacet
  facet normal 6.858128e-01 -3.785608e-02 -7.267927e-01
    outer loop
      vertex 1.016721e+02 3.276234e+01 2.643848e+01
      vertex 1.015809e+02 3.368319e+01 2.630450e+01
      vertex 1.017406e+02 3.395893e+01 2.644083e+01
    endloop
  endfacet
  facet normal 7.368582e-01 -3.838399e-02 -6.749567e-01
    outer loop
      vertex 1.022025e+02 3.277870e+01 2.701662e+01
      vertex 1.016721e+02 3.276234e+01 2.643848e+01
      vertex 1.019290e+02 3.456719e+01 2.661635e+01
    endloop
  endfacet
  facet normal 7.916747e-01 -1.563046e-02 -6.107430e-01
    outer loop
      vertex 1.022025e+02 3.277870e+01 2.701662e+01
      vertex 1.019290e+02 3.456719e+01 2.661635e+01
      vertex 1.019648e+02 3.500000e+01 2.665169e+01
    endloop
  endfacet
  facet normal 7.831589e-01 -1.831735e-02 -6.215518e-01
    outer loop
      vertex 1.022025e+02 3.277870e+01 2.701662e+01
      vertex 1.019648e+02 3.500000e+01 2.665169e+01
      vertex 1.024232e+02 3.500000e+01 2.722933e+01
    endloop
  endfacet
  facet normal 8.335893e-01 -3.003119e-02 -5.515679e-01
    outer loop
      vertex 1.022025e+02 3.277870e+01 2.701662e+01
      vertex 1.024232e+02 3.500000e+01 2.722933e+01
      vertex 1.026359e+02 3.280104e+01 2.767046e+01
    endloop
  endfacet
  facet normal 4.869280e-01 1.178392e-01 -8.654566e-01
    outer loop
      vertex 1.002484e+02 4.045679e+01 2.583685e+01
      vertex 1.009800e+02 3.948962e+01 2.611682e+01
      vertex 1.003062e+02 3.930678e+01 2.571280e+01
    endloop
  endfacet
  facet normal 4.841936e-01 1.731345e-01 -8.576602e-01
    outer loop
      vertex 1.000919e+02 4.274304e+01 2.617231e+01
      vertex 1.008508e+02 4.171825e+01 2.639388e+01
      vertex 1.001769e+02 4.160251e+01 2.599005e+01
    endloop
  endfacet
  facet normal 9.798223e-01 9.515006e-03 1.996442e-01
    outer loop
      vertex 1.030711e+02 3.702113e+01 3.146916e+01
      vertex 1.032386e+02 3.500000e+01 3.074340e+01
      vertex 1.032271e+02 3.706271e+01 3.070119e+01
    endloop
  endfacet
  facet normal 9.977147e-01 6.903694e-03 6.721365e-02
    outer loop
      vertex 1.032271e+02 3.706271e+01 3.070119e+01
      vertex 1.032386e+02 3.500000e+01 3.074340e+01
      vertex 1.032881e+02 3.500000e+01 3.000762e+01
    endloop
  endfacet
  facet normal 9.989254e-01 1.476867e-02 4.392936e-02
    outer loop
      vertex 1.032271e+02 3.706271e+01 3.070119e+01
      vertex 1.032881e+02 3.500000e+01 3.000762e+01
      vertex 1.032610e+02 3.710221e+01 2.991814e+01
    endloop
  endfacet
  facet normal 9.967285e-01 9.454046e-03 -8.026753e-02
    outer loop
      vertex 1.032610e+02 3.710221e+01 2.991814e+01
      vertex 1.032881e+02 3.500000e+01 3.000762e+01
      vertex 1.032289e+02 3.500000e+01 2.927254e+01
    endloop
  endfacet
  facet normal 9.934161e-01 1.952177e-02 -1.128858e-01
    outer loop
      vertex 1.032610e+02 3.710221e+01 2.991814e+01
      vertex 1.032289e+02 3.500000e+01 2.927254e+01
      vertex 1.031718e+02 3.713867e+01 2.913931e+01
    endloop
  endfacet
  facet normal 9.740554e-01 1.195802e-02 -2.259935e-01
    outer loop
      vertex 1.031718e+02 3.713867e+01 2.913931e+01
      vertex 1.032289e+02 3.500000e+01 2.927254e+01
      vertex 1.030623e+02 3.500000e+01 2.855417e+01
    endloop
  endfacet
  facet normal 9.634309e-01 2.369604e-02 -2.669074e-01
    outer loop
      vertex 1.031718e+02 3.713867e+01 2.913931e+01
      vertex 1.030623e+02 3.500000e+01 2.855417e+01
      vertex 1.029617e+02 3.717119e+01 2.838388e+01
    endloop
  endfacet
  facet normal 9.301913e-01 1.432185e-02 -3.667956e-01
    outer loop
      vertex 1.029617e+02 3.717119e+01 2.838388e+01
      vertex 1.030623e+02 3.500000e+01 2.855417e+01
      vertex 1.027917e+02 3.500000e+01 2.786812e+01
    endloop
  endfacet
  facet normal 9.097146e-01 2.721879e-02 -4.143411e-01
    outer loop
      vertex 1.029617e+02 3.717119e+01 2.838388e+01
      vertex 1.027917e+02 3.500000e+01 2.786812e+01
      vertex 1.026359e+02 3.719896e+01 2.767046e+01
    endloop
  endfacet
  facet normal 8.660920e-01 1.646242e-02 -4.996134e-01
    outer loop
      vertex 1.026359e+02 3.719896e+01 2.767046e+01
      vertex 1.027917e+02 3.500000e+01 2.786812e+01
      vertex 1.024232e+02 3.500000e+01 2.722933e+01
    endloop
  endfacet
  facet normal 8.335847e-01 3.003009e-02 -5.515748e-01
    outer loop
      vertex 1.026359e+02 3.719896e+01 2.767046e+01
      vertex 1.024232e+02 3.500000e+01 2.722933e+01
      vertex 1.022025e+02 3.722130e+01 2.701662e+01
    endloop
  endfacet
  facet normal 5.978497e-01 5.042227e-02 -8.000209e-01
    outer loop
      vertex 1.010577e+02 3.724763e+01 2.595027e+01
      vertex 1.013839e+02 3.655195e+01 2.615016e+01
      vertex 1.010894e+02 3.678213e+01 2.594460e+01
    endloop
  endfacet
  facet normal 4.940636e-01 8.999278e-02 -8.647557e-01
    outer loop
      vertex 1.009800e+02 3.948962e+01 2.611682e+01
      vertex 1.003504e+02 3.815338e+01 2.561802e+01
      vertex 1.003062e+02 3.930678e+01 2.571280e+01
    endloop
  endfacet
  facet normal 4.900312e-01 1.454873e-01 -8.594782e-01
    outer loop
      vertex 1.008508e+02 4.171825e+01 2.639388e+01
      vertex 1.002484e+02 4.045679e+01 2.583685e+01
      vertex 1.001769e+02 4.160251e+01 2.599005e+01
    endloop
  endfacet
  facet normal 4.847904e-01 2.005377e-01 -8.513300e-01
    outer loop
      vertex 1.006705e+02 4.392691e+01 2.678064e+01
      vertex 1.000919e+02 4.274304e+01 2.617231e+01
      vertex 9.999346e+01 4.387749e+01 2.638346e+01
    endloop
  endfacet
  facet normal 4.784066e-01 2.549638e-01 -8.403097e-01
    outer loop
      vertex 9.975642e+01 4.612457e+01 2.689181e+01
      vertex 1.004403e+02 4.610798e+01 2.727609e+01
      vertex 9.988160e+01 4.500496e+01 2.662336e+01
    endloop
  endfacet
  facet normal 4.611027e-01 6.228781e-02 -8.851579e-01
    outer loop
      vertex 1.003809e+02 3.699750e+01 2.555258e+01
      vertex 1.003504e+02 3.815338e+01 2.561802e+01
      vertex 1.007510e+02 3.693257e+01 2.574080e+01
    endloop
  endfacet
  facet normal 5.053047e-01 7.939498e-02 -8.592808e-01
    outer loop
      vertex 1.007510e+02 3.693257e+01 2.574080e+01
      vertex 1.003504e+02 3.815338e+01 2.561802e+01
      vertex 1.010577e+02 3.724763e+01 2.595027e+01
    endloop
  endfacet
  facet normal 5.304371e-01 4.640177e-02 -8.464534e-01
    outer loop
      vertex 1.007510e+02 3.693257e+01 2.574080e+01
      vertex 1.010577e+02 3.724763e+01 2.595027e+01
      vertex 1.010894e+02 3.678213e+01 2.594460e+01
    endloop
  endfacet
  facet normal 9.356895e-01 1.906899e-02 3.523090e-01
    outer loop
      vertex 1.022529e+02 4.477818e+01 3.336905e+01
      vertex 1.024562e+02 4.285766e+01 3.293316e+01
      vertex 1.025155e+02 4.498879e+01 3.266033e+01
    endloop
  endfacet
  facet normal 9.356636e-01 1.907842e-02 3.523771e-01
    outer loop
      vertex 1.025155e+02 4.498879e+01 3.266033e+01
      vertex 1.024562e+02 4.285766e+01 3.293316e+01
      vertex 1.027229e+02 4.302729e+01 3.221585e+01
    endloop
  endfacet
  facet normal 9.769873e-01 5.670266e-02 2.056225e-01
    outer loop
      vertex 1.025155e+02 4.498879e+01 3.266033e+01
      vertex 1.027229e+02 4.302729e+01 3.221585e+01
      vertex 1.026600e+02 4.519423e+01 3.191703e+01
    endloop
  endfacet
  facet normal 9.769582e-01 5.672020e-02 2.057558e-01
    outer loop
      vertex 1.026600e+02 4.519423e+01 3.191703e+01
      vertex 1.027229e+02 4.302729e+01 3.221585e+01
      vertex 1.028718e+02 4.319244e+01 3.146324e+01
    endloop
  endfacet
  facet normal 9.942098e-01 9.297667e-02 5.387063e-02
    outer loop
      vertex 1.026600e+02 4.519423e+01 3.191703e+01
      vertex 1.028718e+02 4.319244e+01 3.146324e+01
      vertex 1.026829e+02 4.538942e+01 3.115745e+01
    endloop
  endfacet
  facet normal 9.942033e-01 9.298982e-02 5.396906e-02
    outer loop
      vertex 1.026829e+02 4.538942e+01 3.115745e+01
      vertex 1.028718e+02 4.319244e+01 3.146324e+01
      vertex 1.028988e+02 4.334934e+01 3.069479e+01
    endloop
  endfacet
  facet normal 9.869381e-01 1.269525e-01 -9.917776e-02
    outer loop
      vertex 1.026829e+02 4.538942e+01 3.115745e+01
      vertex 1.028988e+02 4.334934e+01 3.069479e+01
      vertex 1.025836e+02 4.556956e+01 3.040030e+01
    endloop
  endfacet
  facet normal 9.869426e-01 1.269604e-01 -9.912290e-02
    outer loop
      vertex 1.025836e+02 4.556956e+01 3.040030e+01
      vertex 1.028988e+02 4.334934e+01 3.069479e+01
      vertex 1.028033e+02 4.349415e+01 2.992942e+01
    endloop
  endfacet
  facet normal 9.553580e-01 1.577989e-01 -2.497810e-01
    outer loop
      vertex 1.025836e+02 4.556956e+01 3.040030e+01
      vertex 1.028033e+02 4.349415e+01 2.992942e+01
      vertex 1.023647e+02 4.573021e+01 2.966422e+01
    endloop
  endfacet
  facet normal 9.553626e-01 1.578021e-01 -2.497614e-01
    outer loop
      vertex 1.023647e+02 4.573021e+01 2.966422e+01
      vertex 1.028033e+02 4.349415e+01 2.992942e+01
      vertex 1.025876e+02 4.362329e+01 2.918601e+01
    endloop
  endfacet
  facet normal 9.002560e-01 1.847561e-01 -3.942134e-01
    outer loop
      vertex 1.023647e+02 4.573021e+01 2.966422e+01
      vertex 1.025876e+02 4.362329e+01 2.918601e+01
      vertex 1.020313e+02 4.586742e+01 2.896733e+01
    endloop
  endfacet
  facet normal 9.002491e-01 1.847527e-01 -3.942311e-01
    outer loop
      vertex 1.020313e+02 4.586742e+01 2.896733e+01
      vertex 1.025876e+02 4.362329e+01 2.918601e+01
      vertex 1.022571e+02 4.373359e+01 2.848285e+01
    endloop
  endfacet
  facet normal 8.229973e-01 2.071610e-01 -5.289232e-01
    outer loop
      vertex 1.020313e+02 4.586742e+01 2.896733e+01
      vertex 1.022571e+02 4.373359e+01 2.848285e+01
      vertex 1.015919e+02 4.597781e+01 2.832679e+01
    endloop
  endfacet
  facet normal 8.229698e-01 2.071496e-01 -5.289705e-01
    outer loop
      vertex 1.015919e+02 4.597781e+01 2.832679e+01
      vertex 1.022571e+02 4.373359e+01 2.848285e+01
      vertex 1.018198e+02 4.382231e+01 2.783726e+01
    endloop
  endfacet
  facet normal 7.254931e-01 2.244647e-01 -6.505961e-01
    outer loop
      vertex 1.015919e+02 4.597781e+01 2.832679e+01
      vertex 1.018198e+02 4.382231e+01 2.783726e+01
      vertex 1.010571e+02 4.605866e+01 2.775838e+01
    endloop
  endfacet
  facet normal 7.254329e-01 2.244416e-01 -6.506711e-01
    outer loop
      vertex 1.010571e+02 4.605866e+01 2.775838e+01
      vertex 1.018198e+02 4.382231e+01 2.783726e+01
      vertex 1.012866e+02 4.388729e+01 2.726517e+01
    endloop
  endfacet
  facet normal 6.101343e-01 2.362431e-01 -7.562574e-01
    outer loop
      vertex 1.010571e+02 4.605866e+01 2.775838e+01
      vertex 1.012866e+02 4.388729e+01 2.726517e+01
      vertex 1.004403e+02 4.610798e+01 2.727609e+01
    endloop
  endfacet
  facet normal 6.100399e-01 2.362076e-01 -7.563447e-01
    outer loop
      vertex 1.004403e+02 4.610798e+01 2.727609e+01
      vertex 1.012866e+02 4.388729e+01 2.726517e+01
      vertex 1.006705e+02 4.392691e+01 2.678064e+01
    endloop
  endfacet
  facet normal 4.966066e-01 2.417868e-01 -8.336193e-01
    outer loop
      vertex 1.004403e+02 4.610798e+01 2.727609e+01
      vertex 1.006705e+02 4.392691e+01 2.678064e+01
      vertex 9.988160e+01 4.500496e+01 2.662336e+01
    endloop
  endfacet
  facet normal 4.802603e-01 2.278714e-01 -8.470092e-01
    outer loop
      vertex 9.988160e+01 4.500496e+01 2.662336e+01
      vertex 1.006705e+02 4.392691e+01 2.678064e+01
      vertex 9.999346e+01 4.387749e+01 2.638346e+01
    endloop
  endfacet
  facet normal 9.366434e-01 2.137855e-03 3.502778e-01
    outer loop
      vertex 1.027970e+02 3.697915e+01 3.220234e+01
      vertex 1.028198e+02 3.500000e+01 3.215342e+01
      vertex 1.030711e+02 3.702113e+01 3.146916e+01
    endloop
  endfacet
  facet normal 9.349980e-01 3.816704e-03 3.546325e-01
    outer loop
      vertex 1.030711e+02 3.702113e+01 3.146916e+01
      vertex 1.028198e+02 3.500000e+01 3.215342e+01
      vertex 1.030813e+02 3.500000e+01 3.146389e+01
    endloop
  endfacet
  facet normal 9.769897e-01 4.397723e-03 2.132413e-01
    outer loop
      vertex 1.030711e+02 3.702113e+01 3.146916e+01
      vertex 1.030813e+02 3.500000e+01 3.146389e+01
      vertex 1.032386e+02 3.500000e+01 3.074340e+01
    endloop
  endfacet
  facet normal 7.831590e-01 1.831735e-02 -6.215518e-01
    outer loop
      vertex 1.024232e+02 3.500000e+01 2.722933e+01
      vertex 1.019648e+02 3.500000e+01 2.665169e+01
      vertex 1.022025e+02 3.722130e+01 2.701662e+01
    endloop
  endfacet
  facet normal 7.917019e-01 1.562176e-02 -6.107079e-01
    outer loop
      vertex 1.022025e+02 3.722130e+01 2.701662e+01
      vertex 1.019648e+02 3.500000e+01 2.665169e+01
      vertex 1.019290e+02 3.543280e+01 2.661635e+01
    endloop
  endfacet
  facet normal 7.368584e-01 3.838698e-02 -6.749564e-01
    outer loop
      vertex 1.022025e+02 3.722130e+01 2.701662e+01
      vertex 1.019290e+02 3.543280e+01 2.661635e+01
      vertex 1.016721e+02 3.723766e+01 2.643848e+01
    endloop
  endfacet
  facet normal 8.046317e-01 5.629974e-02 -5.910991e-01
    outer loop
      vertex 1.016721e+02 3.723766e+01 2.643848e+01
      vertex 1.019290e+02 3.543280e+01 2.661635e+01
      vertex 1.018542e+02 3.574880e+01 2.654465e+01
    endloop
  endfacet
  facet normal 7.286064e-01 4.039171e-02 -6.837406e-01
    outer loop
      vertex 1.016721e+02 3.723766e+01 2.643848e+01
      vertex 1.018542e+02 3.574880e+01 2.654465e+01
      vertex 1.017406e+02 3.604107e+01 2.644083e+01
    endloop
  endfacet
  facet normal 7.012897e-01 1.272464e-01 -7.014279e-01
    outer loop
      vertex 1.013839e+02 3.655195e+01 2.615016e+01
      vertex 1.010577e+02 3.724763e+01 2.595027e+01
      vertex 1.015809e+02 3.631681e+01 2.630450e+01
    endloop
  endfacet
  facet normal 6.218228e-01 5.213850e-02 -7.814204e-01
    outer loop
      vertex 1.015809e+02 3.631681e+01 2.630450e+01
      vertex 1.010577e+02 3.724763e+01 2.595027e+01
      vertex 1.016721e+02 3.723766e+01 2.643848e+01
    endloop
  endfacet
  facet normal 6.858131e-01 3.785585e-02 -7.267924e-01
    outer loop
      vertex 1.015809e+02 3.631681e+01 2.630450e+01
      vertex 1.016721e+02 3.723766e+01 2.643848e+01
      vertex 1.017406e+02 3.604107e+01 2.644083e+01
    endloop
  endfacet
  facet normal 9.365470e-01 6.406412e-03 3.504833e-01
    outer loop
      vertex 1.027286e+02 3.895238e+01 3.234894e+01
      vertex 1.027970e+02 3.697915e+01 3.220234e+01
      vertex 1.030012e+02 3.903717e+01 3.161892e+01
    endloop
  endfacet
  facet normal 9.365460e-01 6.407266e-03 3.504859e-01
    outer loop
      vertex 1.030012e+02 3.903717e+01 3.161892e+01
      vertex 1.027970e+02 3.697915e+01 3.220234e+01
      vertex 1.030711e+02 3.702113e+01 3.146916e+01
    endloop
  endfacet
  facet normal 9.795846e-01 1.906787e-02 2.001263e-01
    outer loop
      vertex 1.030012e+02 3.903717e+01 3.161892e+01
      vertex 1.030711e+02 3.702113e+01 3.146916e+01
      vertex 1.031559e+02 3.912023e+01 3.085403e+01
    endloop
  endfacet
  facet normal 9.795872e-01 1.906399e-02 2.001134e-01
    outer loop
      vertex 1.031559e+02 3.912023e+01 3.085403e+01
      vertex 1.030711e+02 3.702113e+01 3.146916e+01
      vertex 1.032271e+02 3.706271e+01 3.070119e+01
    endloop
  endfacet
  facet normal 9.985097e-01 3.126216e-02 4.473273e-02
    outer loop
      vertex 1.031559e+02 3.912023e+01 3.085403e+01
      vertex 1.032271e+02 3.706271e+01 3.070119e+01
      vertex 1.031883e+02 3.919914e+01 3.007391e+01
    endloop
  endfacet
  facet normal 9.985091e-01 3.126537e-02 4.474371e-02
    outer loop
      vertex 1.031883e+02 3.919914e+01 3.007391e+01
      vertex 1.032271e+02 3.706271e+01 3.070119e+01
      vertex 1.032610e+02 3.710221e+01 2.991814e+01
    endloop
  endfacet
  facet normal 9.928209e-01 4.269243e-02 -1.117314e-01
    outer loop
      vertex 1.031883e+02 3.919914e+01 3.007391e+01
      vertex 1.032610e+02 3.710221e+01 2.991814e+01
      vertex 1.030979e+02 3.927197e+01 2.929778e+01
    endloop
  endfacet
  facet normal 9.928208e-01 4.269195e-02 -1.117330e-01
    outer loop
      vertex 1.030979e+02 3.927197e+01 2.929778e+01
      vertex 1.032610e+02 3.710221e+01 2.991814e+01
      vertex 1.031718e+02 3.713867e+01 2.913931e+01
    endloop
  endfacet
  facet normal 9.626693e-01 5.306499e-02 -2.654282e-01
    outer loop
      vertex 1.030979e+02 3.927197e+01 2.929778e+01
      vertex 1.031718e+02 3.713867e+01 2.913931e+01
      vertex 1.028867e+02 3.933692e+01 2.854476e+01
    endloop
  endfacet
  facet normal 9.626684e-01 5.306406e-02 -2.654313e-01
    outer loop
      vertex 1.028867e+02 3.933692e+01 2.854476e+01
      vertex 1.031718e+02 3.713867e+01 2.913931e+01
      vertex 1.029617e+02 3.717119e+01 2.838388e+01
    endloop
  endfacet
  facet normal 9.088050e-01 6.212851e-02 -4.125694e-01
    outer loop
      vertex 1.028867e+02 3.933692e+01 2.854476e+01
      vertex 1.029617e+02 3.717119e+01 2.838388e+01
      vertex 1.025599e+02 3.939239e+01 2.783340e+01
    endloop
  endfacet
  facet normal 9.088060e-01 6.212922e-02 -4.125672e-01
    outer loop
      vertex 1.025599e+02 3.939239e+01 2.783340e+01
      vertex 1.029617e+02 3.717119e+01 2.838388e+01
      vertex 1.026359e+02 3.719896e+01 2.767046e+01
    endloop
  endfacet
  facet normal 8.325585e-01 6.966307e-02 -5.495391e-01
    outer loop
      vertex 1.025599e+02 3.939239e+01 2.783340e+01
      vertex 1.026359e+02 3.719896e+01 2.767046e+01
      vertex 1.021257e+02 3.943701e+01 2.718122e+01
    endloop
  endfacet
  facet normal 8.325579e-01 6.966273e-02 -5.495401e-01
    outer loop
      vertex 1.021257e+02 3.943701e+01 2.718122e+01
      vertex 1.026359e+02 3.719896e+01 2.767046e+01
      vertex 1.022025e+02 3.722130e+01 2.701662e+01
    endloop
  endfacet
  facet normal 7.358217e-01 7.547987e-02 -6.729556e-01
    outer loop
      vertex 1.021257e+02 3.943701e+01 2.718122e+01
      vertex 1.022025e+02 3.722130e+01 2.701662e+01
      vertex 1.015947e+02 3.946969e+01 2.660429e+01
    endloop
  endfacet
  facet normal 7.358217e-01 7.547986e-02 -6.729557e-01
    outer loop
      vertex 1.015947e+02 3.946969e+01 2.660429e+01
      vertex 1.022025e+02 3.722130e+01 2.701662e+01
      vertex 1.016721e+02 3.723766e+01 2.643848e+01
    endloop
  endfacet
  facet normal 6.209747e-01 7.943833e-02 -7.797948e-01
    outer loop
      vertex 1.015947e+02 3.946969e+01 2.660429e+01
      vertex 1.016721e+02 3.723766e+01 2.643848e+01
      vertex 1.009800e+02 3.948962e+01 2.611682e+01
    endloop
  endfacet
  facet normal 6.209744e-01 7.943818e-02 -7.797951e-01
    outer loop
      vertex 1.009800e+02 3.948962e+01 2.611682e+01
      vertex 1.016721e+02 3.723766e+01 2.643848e+01
      vertex 1.010577e+02 3.724763e+01 2.595027e+01
    endloop
  endfacet
  facet normal 5.071554e-01 8.130603e-02 -8.580109e-01
    outer loop
      vertex 1.009800e+02 3.948962e+01 2.611682e+01
      vertex 1.010577e+02 3.724763e+01 2.595027e+01
      vertex 1.003504e+02 3.815338e+01 2.561802e+01
    endloop
  endfacet
  facet normal 9.363485e-01 1.065670e-02 3.509100e-01
    outer loop
      vertex 1.026149e+02 4.091381e+01 3.259278e+01
      vertex 1.027286e+02 3.895238e+01 3.234894e+01
      vertex 1.028850e+02 4.104122e+01 3.186806e+01
    endloop
  endfacet
  facet normal 9.363510e-01 1.065503e-02 3.509036e-01
    outer loop
      vertex 1.028850e+02 4.104122e+01 3.186806e+01
      vertex 1.027286e+02 3.895238e+01 3.234894e+01
      vertex 1.030012e+02 3.903717e+01 3.161892e+01
    endloop
  endfacet
  facet normal 9.790007e-01 3.171694e-02 2.013743e-01
    outer loop
      vertex 1.028850e+02 4.104122e+01 3.186806e+01
      vertex 1.030012e+02 3.903717e+01 3.161892e+01
      vertex 1.030373e+02 4.116550e+01 3.110830e+01
    endloop
  endfacet
  facet normal 9.789991e-01 3.171873e-02 2.013817e-01
    outer loop
      vertex 1.030373e+02 4.116550e+01 3.110830e+01
      vertex 1.030012e+02 3.903717e+01 3.161892e+01
      vertex 1.031559e+02 3.912023e+01 3.085403e+01
    endloop
  endfacet
  facet normal 9.975498e-01 5.201325e-02 4.678842e-02
    outer loop
      vertex 1.030373e+02 4.116550e+01 3.110830e+01
      vertex 1.031559e+02 3.912023e+01 3.085403e+01
      vertex 1.030675e+02 4.128358e+01 3.033305e+01
    endloop
  endfacet
  facet normal 9.975495e-01 5.201406e-02 4.679186e-02
    outer loop
      vertex 1.030675e+02 4.128358e+01 3.033305e+01
      vertex 1.031559e+02 3.912023e+01 3.085403e+01
      vertex 1.031883e+02 3.919914e+01 3.007391e+01
    endloop
  endfacet
  facet normal 9.915109e-01 7.102132e-02 -1.089136e-01
    outer loop
      vertex 1.030675e+02 4.128358e+01 3.033305e+01
      vertex 1.031883e+02 3.919914e+01 3.007391e+01
      vertex 1.029749e+02 4.139257e+01 2.956142e+01
    endloop
  endfacet
  facet normal 9.915102e-01 7.101966e-02 -1.089204e-01
    outer loop
      vertex 1.029749e+02 4.139257e+01 2.956142e+01
      vertex 1.031883e+02 3.919914e+01 3.007391e+01
      vertex 1.030979e+02 3.927197e+01 2.929778e+01
    endloop
  endfacet
  facet normal 9.610397e-01 8.827616e-02 -2.619351e-01
    outer loop
      vertex 1.029749e+02 4.139257e+01 2.956142e+01
      vertex 1.030979e+02 3.927197e+01 2.929778e+01
      vertex 1.027619e+02 4.148975e+01 2.881240e+01
    endloop
  endfacet
  facet normal 9.610399e-01 8.827638e-02 -2.619342e-01
    outer loop
      vertex 1.027619e+02 4.148975e+01 2.881240e+01
      vertex 1.030979e+02 3.927197e+01 2.929778e+01
      vertex 1.028867e+02 3.933692e+01 2.854476e+01
    endloop
  endfacet
  facet normal 9.068943e-01 1.033569e-01 -4.084849e-01
    outer loop
      vertex 1.027619e+02 4.148975e+01 2.881240e+01
      vertex 1.028867e+02 3.933692e+01 2.854476e+01
      vertex 1.024335e+02 4.157276e+01 2.810446e+01
    endloop
  endfacet
  facet normal 9.068972e-01 1.033588e-01 -4.084781e-01
    outer loop
      vertex 1.024335e+02 4.157276e+01 2.810446e+01
      vertex 1.028867e+02 3.933692e+01 2.854476e+01
      vertex 1.025599e+02 3.939239e+01 2.783340e+01
    endloop
  endfacet
  facet normal 8.304218e-01 1.158914e-01 -5.449485e-01
    outer loop
      vertex 1.024335e+02 4.157276e+01 2.810446e+01
      vertex 1.025599e+02 3.939239e+01 2.783340e+01
      vertex 1.019980e+02 4.163953e+01 2.745504e+01
    endloop
  endfacet
  facet normal 8.304195e-01 1.158902e-01 -5.449523e-01
    outer loop
      vertex 1.019980e+02 4.163953e+01 2.745504e+01
      vertex 1.025599e+02 3.939239e+01 2.783340e+01
      vertex 1.021257e+02 3.943701e+01 2.718122e+01
    endloop
  endfacet
  facet normal 7.335056e-01 1.255673e-01 -6.679838e-01
    outer loop
      vertex 1.019980e+02 4.163953e+01 2.745504e+01
      vertex 1.021257e+02 3.943701e+01 2.718122e+01
      vertex 1.014661e+02 4.168843e+01 2.688012e+01
    endloop
  endfacet
  facet normal 7.335042e-01 1.255666e-01 -6.679855e-01
    outer loop
      vertex 1.014661e+02 4.168843e+01 2.688012e+01
      vertex 1.021257e+02 3.943701e+01 2.718122e+01
      vertex 1.015947e+02 3.946969e+01 2.660429e+01
    endloop
  endfacet
  facet normal 6.185359e-01 1.321516e-01 -7.745639e-01
    outer loop
      vertex 1.014661e+02 4.168843e+01 2.688012e+01
      vertex 1.015947e+02 3.946969e+01 2.660429e+01
      vertex 1.008508e+02 4.171825e+01 2.639388e+01
    endloop
  endfacet
  facet normal 6.185356e-01 1.321515e-01 -7.745642e-01
    outer loop
      vertex 1.008508e+02 4.171825e+01 2.639388e+01
      vertex 1.015947e+02 3.946969e+01 2.660429e+01
      vertex 1.009800e+02 3.948962e+01 2.611682e+01
    endloop
  endfacet
  facet normal 5.049778e-01 1.352537e-01 -8.524693e-01
    outer loop
      vertex 1.008508e+02 4.171825e+01 2.639388e+01
      vertex 1.009800e+02 3.948962e+01 2.611682e+01
      vertex 1.002484e+02 4.045679e+01 2.583685e+01
    endloop
  endfacet
  facet normal 9.360586e-01 1.487479e-02 3.515298e-01
    outer loop
      vertex 1.024562e+02 4.285766e+01 3.293316e+01
      vertex 1.026149e+02 4.091381e+01 3.259278e+01
      vertex 1.027229e+02 4.302729e+01 3.221585e+01
    endloop
  endfacet
  facet normal 9.360538e-01 1.487722e-02 3.515421e-01
    outer loop
      vertex 1.027229e+02 4.302729e+01 3.221585e+01
      vertex 1.026149e+02 4.091381e+01 3.259278e+01
      vertex 1.028850e+02 4.104122e+01 3.186806e+01
    endloop
  endfacet
  facet normal 9.781238e-01 4.427888e-02 2.032565e-01
    outer loop
      vertex 1.027229e+02 4.302729e+01 3.221585e+01
      vertex 1.028850e+02 4.104122e+01 3.186806e+01
      vertex 1.028718e+02 4.319244e+01 3.146324e+01
    endloop
  endfacet
  facet normal 9.781244e-01 4.427832e-02 2.032535e-01
    outer loop
      vertex 1.028718e+02 4.319244e+01 3.146324e+01
      vertex 1.028850e+02 4.104122e+01 3.186806e+01
      vertex 1.030373e+02 4.116550e+01 3.110830e+01
    endloop
  endfacet
  facet normal 9.961130e-01 7.260547e-02 4.987407e-02
    outer loop
      vertex 1.028718e+02 4.319244e+01 3.146324e+01
      vertex 1.030373e+02 4.116550e+01 3.110830e+01
      vertex 1.028988e+02 4.334934e+01 3.069479e+01
    endloop
  endfacet
  facet normal 9.961132e-01 7.260449e-02 4.986884e-02
    outer loop
      vertex 1.028988e+02 4.334934e+01 3.069479e+01
      vertex 1.030373e+02 4.116550e+01 3.110830e+01
      vertex 1.030675e+02 4.128358e+01 3.033305e+01
    endloop
  endfacet
  facet normal 9.895490e-01 9.913732e-02 -1.047124e-01
    outer loop
      vertex 1.028988e+02 4.334934e+01 3.069479e+01
      vertex 1.030675e+02 4.128358e+01 3.033305e+01
      vertex 1.028033e+02 4.349415e+01 2.992942e+01
    endloop
  endfacet
  facet normal 9.895494e-01 9.913830e-02 -1.047072e-01
    outer loop
      vertex 1.028033e+02 4.349415e+01 2.992942e+01
      vertex 1.030675e+02 4.128358e+01 3.033305e+01
      vertex 1.029749e+02 4.139257e+01 2.956142e+01
    endloop
  endfacet
  facet normal 9.586013e-01 1.232278e-01 -2.567069e-01
    outer loop
      vertex 1.028033e+02 4.349415e+01 2.992942e+01
      vertex 1.029749e+02 4.139257e+01 2.956142e+01
      vertex 1.025876e+02 4.362329e+01 2.918601e+01
    endloop
  endfacet
  facet normal 9.586014e-01 1.232279e-01 -2.567063e-01
    outer loop
      vertex 1.025876e+02 4.362329e+01 2.918601e+01
      vertex 1.029749e+02 4.139257e+01 2.956142e+01
      vertex 1.027619e+02 4.148975e+01 2.881240e+01
    endloop
  endfacet
  facet normal 9.040402e-01 1.442784e-01 -4.023620e-01
    outer loop
      vertex 1.025876e+02 4.362329e+01 2.918601e+01
      vertex 1.027619e+02 4.148975e+01 2.881240e+01
      vertex 1.022571e+02 4.373359e+01 2.848285e+01
    endloop
  endfacet
  facet normal 9.040397e-01 1.442781e-01 -4.023631e-01
    outer loop
      vertex 1.022571e+02 4.373359e+01 2.848285e+01
      vertex 1.027619e+02 4.148975e+01 2.881240e+01
      vertex 1.024335e+02 4.157276e+01 2.810446e+01
    endloop
  endfacet
  facet normal 8.272203e-01 1.617717e-01 -5.380861e-01
    outer loop
      vertex 1.022571e+02 4.373359e+01 2.848285e+01
      vertex 1.024335e+02 4.157276e+01 2.810446e+01
      vertex 1.018198e+02 4.382231e+01 2.783726e+01
    endloop
  endfacet
  facet normal 8.272212e-01 1.617721e-01 -5.380845e-01
    outer loop
      vertex 1.018198e+02 4.382231e+01 2.783726e+01
      vertex 1.024335e+02 4.157276e+01 2.810446e+01
      vertex 1.019980e+02 4.163953e+01 2.745504e+01
    endloop
  endfacet
  facet normal 7.300376e-01 1.752808e-01 -6.605465e-01
    outer loop
      vertex 1.018198e+02 4.382231e+01 2.783726e+01
      vertex 1.019980e+02 4.163953e+01 2.745504e+01
      vertex 1.012866e+02 4.388729e+01 2.726517e+01
    endloop
  endfacet
  facet normal 7.300376e-01 1.752808e-01 -6.605466e-01
    outer loop
      vertex 1.012866e+02 4.388729e+01 2.726517e+01
      vertex 1.019980e+02 4.163953e+01 2.745504e+01
      vertex 1.014661e+02 4.168843e+01 2.688012e+01
    endloop
  endfacet
  facet normal 6.148857e-01 1.844730e-01 -7.667367e-01
    outer loop
      vertex 1.012866e+02 4.388729e+01 2.726517e+01
      vertex 1.014661e+02 4.168843e+01 2.688012e+01
      vertex 1.006705e+02 4.392691e+01 2.678064e+01
    endloop
  endfacet
  facet normal 6.148859e-01 1.844731e-01 -7.667366e-01
    outer loop
      vertex 1.006705e+02 4.392691e+01 2.678064e+01
      vertex 1.014661e+02 4.168843e+01 2.688012e+01
      vertex 1.008508e+02 4.171825e+01 2.639388e+01
    endloop
  endfacet
  facet normal 5.014544e-01 1.887986e-01 -8.443333e-01
    outer loop
      vertex 1.006705e+02 4.392691e+01 2.678064e+01
      vertex 1.008508e+02 4.171825e+01 2.639388e+01
      vertex 1.000919e+02 4.274304e+01 2.617231e+01
    endloop
  endfacet
  facet normal 4.221134e-01 -6.234773e-02 -9.043965e-01
    outer loop
      vertex 1.003809e+02 3.300250e+01 2.555258e+01
      vertex 1.003504e+02 3.184662e+01 2.561802e+01
      vertex 1.002902e+02 3.300000e+01 2.551043e+01
    endloop
  endfacet
  facet normal 4.244890e-01 -1.459635e-01 -8.935904e-01
    outer loop
      vertex 1.002484e+02 2.954321e+01 2.583684e+01
      vertex 1.001769e+02 2.839749e+01 2.599005e+01
      vertex 1.000608e+02 2.943262e+01 2.576581e+01
    endloop
  endfacet
  facet normal 2.868906e-01 -1.719720e-01 -9.424009e-01
    outer loop
      vertex 1.000608e+02 2.943262e+01 2.576581e+01
      vertex 1.001769e+02 2.839749e+01 2.599005e+01
      vertex 1.000919e+02 2.725697e+01 2.617231e+01
    endloop
  endfacet
  facet normal 4.665122e-01 -1.559969e-01 -8.706499e-01
    outer loop
      vertex 1.000608e+02 2.943262e+01 2.576581e+01
      vertex 1.000919e+02 2.725697e+01 2.617231e+01
      vertex 9.994243e+01 2.766174e+01 2.601968e+01
    endloop
  endfacet
  facet normal 3.782555e-01 -2.010224e-01 -9.036109e-01
    outer loop
      vertex 9.994243e+01 2.766174e+01 2.601968e+01
      vertex 1.000919e+02 2.725697e+01 2.617231e+01
      vertex 9.999346e+01 2.612252e+01 2.638346e+01
    endloop
  endfacet
  facet normal 3.948727e-01 -1.988968e-01 -8.969480e-01
    outer loop
      vertex 9.994243e+01 2.766174e+01 2.601968e+01
      vertex 9.999346e+01 2.612252e+01 2.638346e+01
      vertex 9.979167e+01 2.590474e+01 2.634292e+01
    endloop
  endfacet
  facet normal 4.228360e-01 -2.285355e-01 -8.769157e-01
    outer loop
      vertex 9.979167e+01 2.590474e+01 2.634292e+01
      vertex 9.999346e+01 2.612252e+01 2.638346e+01
      vertex 9.988160e+01 2.499505e+01 2.662336e+01
    endloop
  endfacet
  facet normal 3.888022e-01 -2.361045e-01 -8.905546e-01
    outer loop
      vertex 9.979167e+01 2.590474e+01 2.634292e+01
      vertex 9.988160e+01 2.499505e+01 2.662336e+01
      vertex 9.965175e+01 2.457839e+01 2.663347e+01
    endloop
  endfacet
  facet normal 4.253215e-01 -2.557068e-01 -8.681680e-01
    outer loop
      vertex 9.965175e+01 2.457839e+01 2.663347e+01
      vertex 9.988160e+01 2.499505e+01 2.662336e+01
      vertex 9.975647e+01 2.387553e+01 2.689180e+01
    endloop
  endfacet
  facet normal 3.828545e-01 -2.678942e-01 -8.841127e-01
    outer loop
      vertex 9.965175e+01 2.457839e+01 2.663347e+01
      vertex 9.975647e+01 2.387553e+01 2.689180e+01
      vertex 9.948357e+01 2.325993e+01 2.696015e+01
    endloop
  endfacet
  facet normal 4.375940e-01 -2.885524e-01 -8.516155e-01
    outer loop
      vertex 9.948357e+01 2.325993e+01 2.696015e+01
      vertex 9.975647e+01 2.387553e+01 2.689180e+01
      vertex 9.955824e+01 2.225599e+01 2.733868e+01
    endloop
  endfacet
  facet normal 3.882774e-01 -2.996981e-01 -8.714480e-01
    outer loop
      vertex 9.948357e+01 2.325993e+01 2.696015e+01
      vertex 9.955824e+01 2.225599e+01 2.733868e+01
      vertex 9.928360e+01 2.195054e+01 2.732136e+01
    endloop
  endfacet
  facet normal 4.177114e-01 -3.275217e-01 -8.474943e-01
    outer loop
      vertex 9.928360e+01 2.195054e+01 2.732136e+01
      vertex 9.955824e+01 2.225599e+01 2.733868e+01
      vertex 9.935283e+01 2.065158e+01 2.785748e+01
    endloop
  endfacet
  facet normal 3.987056e-01 -3.316384e-01 -8.550144e-01
    outer loop
      vertex 9.928360e+01 2.195054e+01 2.732136e+01
      vertex 9.935283e+01 2.065158e+01 2.785748e+01
      vertex 9.904781e+01 2.065158e+01 2.771524e+01
    endloop
  endfacet
  facet normal 4.214597e-01 -6.240987e-02 -9.046970e-01
    outer loop
      vertex 1.002902e+02 3.300000e+01 2.551043e+01
      vertex 1.003504e+02 3.184662e+01 2.561802e+01
      vertex 1.001996e+02 3.300250e+01 2.546806e+01
    endloop
  endfacet
  facet normal 2.702419e-01 -8.913249e-02 -9.586578e-01
    outer loop
      vertex 1.001996e+02 3.300250e+01 2.546806e+01
      vertex 1.003504e+02 3.184662e+01 2.561802e+01
      vertex 1.003062e+02 3.069322e+01 2.571280e+01
    endloop
  endfacet
  facet normal 4.867527e-01 -6.982519e-02 -8.707446e-01
    outer loop
      vertex 1.001996e+02 3.300250e+01 2.546806e+01
      vertex 1.003062e+02 3.069322e+01 2.571280e+01
      vertex 1.001466e+02 3.121399e+01 2.558183e+01
    endloop
  endfacet
  facet normal 3.708937e-01 -1.180091e-01 -9.211470e-01
    outer loop
      vertex 1.001466e+02 3.121399e+01 2.558183e+01
      vertex 1.003062e+02 3.069322e+01 2.571280e+01
      vertex 1.002484e+02 2.954321e+01 2.583684e+01
    endloop
  endfacet
  facet normal 4.095856e-01 -1.132213e-01 -9.052185e-01
    outer loop
      vertex 1.001466e+02 3.121399e+01 2.558183e+01
      vertex 1.002484e+02 2.954321e+01 2.583684e+01
      vertex 1.000608e+02 2.943262e+01 2.576581e+01
    endloop
  endfacet
  facet normal 4.390238e-01 9.028092e-02 -8.939282e-01
    outer loop
      vertex 1.001466e+02 3.878602e+01 2.558183e+01
      vertex 1.003062e+02 3.930678e+01 2.571280e+01
      vertex 1.003504e+02 3.815338e+01 2.561802e+01
    endloop
  endfacet
  facet normal 4.221134e-01 6.234762e-02 -9.043965e-01
    outer loop
      vertex 1.003809e+02 3.699750e+01 2.555258e+01
      vertex 1.002902e+02 3.700000e+01 2.551043e+01
      vertex 1.003504e+02 3.815338e+01 2.561802e+01
    endloop
  endfacet
  facet normal 4.214597e-01 6.240977e-02 -9.046971e-01
    outer loop
      vertex 1.003504e+02 3.815338e+01 2.561802e+01
      vertex 1.002902e+02 3.700000e+01 2.551043e+01
      vertex 1.001996e+02 3.699750e+01 2.546806e+01
    endloop
  endfacet
  facet normal 3.808760e-01 6.994455e-02 -9.219768e-01
    outer loop
      vertex 1.003504e+02 3.815338e+01 2.561802e+01
      vertex 1.001996e+02 3.699750e+01 2.546806e+01
      vertex 1.001466e+02 3.878602e+01 2.558183e+01
    endloop
  endfacet
  facet normal 4.329690e-01 1.736113e-01 -8.845320e-01
    outer loop
      vertex 1.000919e+02 4.274304e+01 2.617231e+01
      vertex 1.001769e+02 4.160251e+01 2.599005e+01
      vertex 9.994242e+01 4.233828e+01 2.601968e+01
    endloop
  endfacet
  facet normal 3.388551e-01 1.454283e-01 -9.295310e-01
    outer loop
      vertex 9.994242e+01 4.233828e+01 2.601968e+01
      vertex 1.001769e+02 4.160251e+01 2.599005e+01
      vertex 1.002484e+02 4.045679e+01 2.583685e+01
    endloop
  endfacet
  facet normal 4.290578e-01 1.562216e-01 -8.896651e-01
    outer loop
      vertex 9.994242e+01 4.233828e+01 2.601968e+01
      vertex 1.002484e+02 4.045679e+01 2.583685e+01
      vertex 1.000608e+02 4.056740e+01 2.576582e+01
    endloop
  endfacet
  facet normal 4.118762e-01 1.181728e-01 -9.035448e-01
    outer loop
      vertex 1.000608e+02 4.056740e+01 2.576582e+01
      vertex 1.002484e+02 4.045679e+01 2.583685e+01
      vertex 1.003062e+02 3.930678e+01 2.571280e+01
    endloop
  endfacet
  facet normal 3.831573e-01 1.131368e-01 -9.167281e-01
    outer loop
      vertex 1.000608e+02 4.056740e+01 2.576582e+01
      vertex 1.003062e+02 3.930678e+01 2.571280e+01
      vertex 1.001466e+02 3.878602e+01 2.558183e+01
    endloop
  endfacet
  facet normal 4.300587e-01 2.362525e-01 -8.713405e-01
    outer loop
      vertex 9.965173e+01 4.542165e+01 2.663348e+01
      vertex 9.999346e+01 4.387749e+01 2.638346e+01
      vertex 9.979169e+01 4.409534e+01 2.634295e+01
    endloop
  endfacet
  facet normal 3.970018e-01 2.011407e-01 -8.955066e-01
    outer loop
      vertex 9.979169e+01 4.409534e+01 2.634295e+01
      vertex 9.999346e+01 4.387749e+01 2.638346e+01
      vertex 1.000919e+02 4.274304e+01 2.617231e+01
    endloop
  endfacet
  facet normal 3.827537e-01 1.988222e-01 -9.022024e-01
    outer loop
      vertex 9.979169e+01 4.409534e+01 2.634295e+01
      vertex 1.000919e+02 4.274304e+01 2.617231e+01
      vertex 9.994242e+01 4.233828e+01 2.601968e+01
    endloop
  endfacet
  facet normal 3.744188e-01 2.283684e-01 -8.986982e-01
    outer loop
      vertex 9.999346e+01 4.387749e+01 2.638346e+01
      vertex 9.965173e+01 4.542165e+01 2.663348e+01
      vertex 9.988160e+01 4.500496e+01 2.662336e+01
    endloop
  endfacet
  facet normal 4.490958e-01 2.684356e-01 -8.522062e-01
    outer loop
      vertex 9.988160e+01 4.500496e+01 2.662336e+01
      vertex 9.965173e+01 4.542165e+01 2.663348e+01
      vertex 9.948356e+01 4.674011e+01 2.696016e+01
    endloop
  endfacet
  facet normal 3.499918e-01 2.552327e-01 -9.013113e-01
    outer loop
      vertex 9.988160e+01 4.500496e+01 2.662336e+01
      vertex 9.948356e+01 4.674011e+01 2.696016e+01
      vertex 9.975642e+01 4.612457e+01 2.689181e+01
    endloop
  endfacet
  facet normal 4.705576e-01 3.007097e-01 -8.295476e-01
    outer loop
      vertex 9.975642e+01 4.612457e+01 2.689181e+01
      vertex 9.948356e+01 4.674011e+01 2.696016e+01
      vertex 9.928359e+01 4.804948e+01 2.732137e+01
    endloop
  endfacet
  facet normal 3.768809e-01 2.889657e-01 -8.800339e-01
    outer loop
      vertex 9.975642e+01 4.612457e+01 2.689181e+01
      vertex 9.928359e+01 4.804948e+01 2.732137e+01
      vertex 9.955822e+01 4.774405e+01 2.733869e+01
    endloop
  endfacet
  facet normal 4.228416e-01 3.323888e-01 -8.430437e-01
    outer loop
      vertex 9.955822e+01 4.774405e+01 2.733869e+01
      vertex 9.928359e+01 4.804948e+01 2.732137e+01
      vertex 9.904781e+01 4.934842e+01 2.771524e+01
    endloop
  endfacet
  facet normal 3.992479e-01 3.279652e-01 -8.561776e-01
    outer loop
      vertex 9.955822e+01 4.774405e+01 2.733869e+01
      vertex 9.904781e+01 4.934842e+01 2.771524e+01
      vertex 9.935283e+01 4.934842e+01 2.785748e+01
    endloop
  endfacet
  facet normal -0.000000e+00 1.000000e+00 -0.000000e+00
    outer loop
      vertex 8.757645e+01 3.350000e+01 3.153086e+01
      vertex 8.683486e+01 3.350000e+01 3.164857e+01
      vertex 8.832730e+01 3.350000e+01 3.152553e+01
    endloop
  endfacet
  facet normal -0.000000e+00 1.000000e+00 0.000000e+00
    outer loop
      vertex 8.819855e+01 3.350000e+01 3.606080e+01
      vertex 9.200043e+01 3.350000e+01 3.783364e+01
      vertex 8.382324e+01 3.350000e+01 3.374609e+01
    endloop
  endfacet
  facet normal 0.000000e+00 1.000000e+00 0.000000e+00
    outer loop
      vertex 8.819855e+01 3.350000e+01 3.606080e+01
      vertex 8.382324e+01 3.350000e+01 3.374609e+01
      vertex 8.345570e+01 3.350000e+01 3.440086e+01
    endloop
  endfacet
  facet normal 0.000000e+00 1.000000e+00 0.000000e+00
    outer loop
      vertex 8.819855e+01 3.350000e+01 3.606080e+01
      vertex 8.345570e+01 3.350000e+01 3.440086e+01
      vertex 7.665488e+01 3.350000e+01 4.898529e+01
    endloop
  endfacet
  facet normal 0.000000e+00 1.000000e+00 0.000000e+00
    outer loop
      vertex 8.819855e+01 3.350000e+01 3.606080e+01
      vertex 7.665488e+01 3.350000e+01 4.898529e+01
      vertex 8.118642e+01 3.350000e+01 5.109838e+01
    endloop
  endfacet
  facet normal -0.000000e+00 1.000000e+00 0.000000e+00
    outer loop
      vertex 9.707185e+01 3.350000e+01 2.695795e+01
      vertex 9.796204e+01 3.350000e+01 2.737305e+01
      vertex 9.903604e+01 3.350000e+01 2.506986e+01
    endloop
  endfacet
  facet normal 0.000000e+00 1.000000e+00 0.000000e+00
    outer loop
      vertex 9.707185e+01 3.350000e+01 2.695795e+01
      vertex 9.903604e+01 3.350000e+01 2.506986e+01
      vertex 9.565165e+01 3.350000e+01 2.561938e+01
    endloop
  endfacet
  facet normal 0.000000e+00 1.000000e+00 0.000000e+00
    outer loop
      vertex 9.707185e+01 3.350000e+01 2.695795e+01
      vertex 9.565165e+01 3.350000e+01 2.561938e+01
      vertex 9.499584e+01 3.350000e+01 2.605830e+01
    endloop
  endfacet
  facet normal 0.000000e+00 1.000000e+00 0.000000e+00
    outer loop
      vertex 9.707185e+01 3.350000e+01 2.695795e+01
      vertex 9.499584e+01 3.350000e+01 2.605830e+01
      vertex 9.441718e+01 3.350000e+01 2.659486e+01
    endloop
  endfacet
  facet normal 0.000000e+00 1.000000e+00 0.000000e+00
    outer loop
      vertex 9.707185e+01 3.350000e+01 2.695795e+01
      vertex 9.441718e+01 3.350000e+01 2.659486e+01
      vertex 9.393001e+01 3.350000e+01 2.721566e+01
    endloop
  endfacet
  facet normal 0.000000e+00 1.000000e+00 0.000000e+00
    outer loop
      vertex 9.707185e+01 3.350000e+01 2.695795e+01
      vertex 9.393001e+01 3.350000e+01 2.721566e+01
      vertex 9.356234e+01 3.350000e+01 2.787080e+01
    endloop
  endfacet
  facet normal 0.000000e+00 1.000000e+00 0.000000e+00
    outer loop
      vertex 9.707185e+01 3.350000e+01 2.695795e+01
      vertex 9.356234e+01 3.350000e+01 2.787080e+01
      vertex 9.319891e+01 3.350000e+01 2.865020e+01
    endloop
  endfacet
  facet normal 0.000000e+00 1.000000e+00 0.000000e+00
    outer loop
      vertex 9.707185e+01 3.350000e+01 2.695795e+01
      vertex 9.319891e+01 3.350000e+01 2.865020e+01
      vertex 9.200043e+01 3.350000e+01 3.783364e+01
    endloop
  endfacet
  facet normal 0.000000e+00 1.000000e+00 0.000000e+00
    outer loop
      vertex 8.907816e+01 3.350000e+01 3.152021e+01
      vertex 8.832730e+01 3.350000e+01 3.152553e+01
      vertex 8.683486e+01 3.350000e+01 3.164857e+01
    endloop
  endfacet
  facet normal 0.000000e+00 1.000000e+00 0.000000e+00
    outer loop
      vertex 8.907816e+01 3.350000e+01 3.152021e+01
      vertex 8.683486e+01 3.350000e+01 3.164857e+01
      vertex 8.611926e+01 3.350000e+01 3.187600e+01
    endloop
  endfacet
  facet normal 0.000000e+00 1.000000e+00 0.000000e+00
    outer loop
      vertex 8.907816e+01 3.350000e+01 3.152021e+01
      vertex 8.611926e+01 3.350000e+01 3.187600e+01
      vertex 8.544579e+01 3.350000e+01 3.220803e+01
    endloop
  endfacet
  facet normal 0.000000e+00 1.000000e+00 0.000000e+00
    outer loop
      vertex 8.981975e+01 3.350000e+01 3.140250e+01
      vertex 8.907816e+01 3.350000e+01 3.152021e+01
      vertex 8.544579e+01 3.350000e+01 3.220803e+01
    endloop
  endfacet
  facet normal 0.000000e+00 1.000000e+00 0.000000e+00
    outer loop
      vertex 8.981975e+01 3.350000e+01 3.140250e+01
      vertex 8.544579e+01 3.350000e+01 3.220803e+01
      vertex 8.482963e+01 3.350000e+01 3.263717e+01
    endloop
  endfacet
  facet normal 0.000000e+00 1.000000e+00 0.000000e+00
    outer loop
      vertex 8.981975e+01 3.350000e+01 3.140250e+01
      vertex 8.482963e+01 3.350000e+01 3.263717e+01
      vertex 8.428468e+01 3.350000e+01 3.315374e+01
    endloop
  endfacet
  facet normal 0.000000e+00 1.000000e+00 0.000000e+00
    outer loop
      vertex 8.981975e+01 3.350000e+01 3.140250e+01
      vertex 8.428468e+01 3.350000e+01 3.315374e+01
      vertex 8.382324e+01 3.350000e+01 3.374609e+01
    endloop
  endfacet
  facet normal 0.000000e+00 1.000000e+00 -0.000000e+00
    outer loop
      vertex 8.981975e+01 3.350000e+01 3.140250e+01
      vertex 8.382324e+01 3.350000e+01 3.374609e+01
      vertex 9.200043e+01 3.350000e+01 3.783364e+01
    endloop
  endfacet
  facet normal -0.000000e+00 1.000000e+00 0.000000e+00
    outer loop
      vertex 8.981975e+01 3.350000e+01 3.140250e+01
      vertex 9.200043e+01 3.350000e+01 3.783364e+01
      vertex 9.053535e+01 3.350000e+01 3.117507e+01
    endloop
  endfacet
  facet normal 0.000000e+00 1.000000e+00 0.000000e+00
    outer loop
      vertex 9.200043e+01 3.350000e+01 3.783364e+01
      vertex 9.319891e+01 3.350000e+01 2.865020e+01
      vertex 9.283137e+01 3.350000e+01 2.930497e+01
    endloop
  endfacet
  facet normal 0.000000e+00 1.000000e+00 0.000000e+00
    outer loop
      vertex 9.200043e+01 3.350000e+01 3.783364e+01
      vertex 9.283137e+01 3.350000e+01 2.930497e+01
      vertex 9.236993e+01 3.350000e+01 2.989733e+01
    endloop
  endfacet
  facet normal 0.000000e+00 1.000000e+00 0.000000e+00
    outer loop
      vertex 9.200043e+01 3.350000e+01 3.783364e+01
      vertex 9.236993e+01 3.350000e+01 2.989733e+01
      vertex 9.182498e+01 3.350000e+01 3.041389e+01
    endloop
  endfacet
  facet normal 0.000000e+00 1.000000e+00 0.000000e+00
    outer loop
      vertex 9.200043e+01 3.350000e+01 3.783364e+01
      vertex 9.182498e+01 3.350000e+01 3.041389e+01
      vertex 9.120882e+01 3.350000e+01 3.084303e+01
    endloop
  endfacet
  facet normal 0.000000e+00 1.000000e+00 0.000000e+00
    outer loop
      vertex 9.200043e+01 3.350000e+01 3.783364e+01
      vertex 9.120882e+01 3.350000e+01 3.084303e+01
      vertex 9.053535e+01 3.350000e+01 3.117507e+01
    endloop
  endfacet
  facet normal 0.000000e+00 1.000000e+00 0.000000e+00
    outer loop
      vertex 9.903604e+01 3.350000e+01 2.506986e+01
      vertex 9.847597e+01 3.350000e+01 2.499519e+01
      vertex 9.791105e+01 3.350000e+01 2.498422e+01
    endloop
  endfacet
  facet normal 0.000000e+00 1.000000e+00 0.000000e+00
    outer loop
      vertex 9.903604e+01 3.350000e+01 2.506986e+01
      vertex 9.791105e+01 3.350000e+01 2.498422e+01
      vertex 9.712750e+01 3.350000e+01 2.507562e+01
    endloop
  endfacet
  facet normal 0.000000e+00 1.000000e+00 0.000000e+00
    outer loop
      vertex 9.903604e+01 3.350000e+01 2.506986e+01
      vertex 9.712750e+01 3.350000e+01 2.507562e+01
      vertex 9.636806e+01 3.350000e+01 2.528912e+01
    endloop
  endfacet
  facet normal 0.000000e+00 1.000000e+00 0.000000e+00
    outer loop
      vertex 9.903604e+01 3.350000e+01 2.506986e+01
      vertex 9.636806e+01 3.350000e+01 2.528912e+01
      vertex 9.565165e+01 3.350000e+01 2.561938e+01
    endloop
  endfacet
  facet normal -0.000000e+00 -1.000000e+00 0.000000e+00
    outer loop
      vertex 9.707185e+01 3.650000e+01 2.695795e+01
      vertex 9.200043e+01 3.650000e+01 3.783364e+01
      vertex 9.498713e+01 3.650000e+01 2.606520e+01
    endloop
  endfacet
  facet normal 0.000000e+00 -1.000000e+00 0.000000e+00
    outer loop
      vertex 9.707185e+01 3.650000e+01 2.695795e+01
      vertex 9.498713e+01 3.650000e+01 2.606520e+01
      vertex 9.564355e+01 3.650000e+01 2.562393e+01
    endloop
  endfacet
  facet normal 0.000000e+00 -1.000000e+00 -0.000000e+00
    outer loop
      vertex 9.707185e+01 3.650000e+01 2.695795e+01
      vertex 9.564355e+01 3.650000e+01 2.562393e+01
      vertex 9.796204e+01 3.650000e+01 2.737305e+01
    endloop
  endfacet
  facet normal 0.000000e+00 -1.000000e+00 0.000000e+00
    outer loop
      vertex 8.819855e+01 3.650000e+01 3.606080e+01
      vertex 8.118642e+01 3.650000e+01 5.109838e+01
      vertex 7.665488e+01 3.650000e+01 4.898529e+01
    endloop
  endfacet
  facet normal -0.000000e+00 -1.000000e+00 0.000000e+00
    outer loop
      vertex 8.819855e+01 3.650000e+01 3.606080e+01
      vertex 7.665488e+01 3.650000e+01 4.898529e+01
      vertex 8.345570e+01 3.650000e+01 3.440086e+01
    endloop
  endfacet
  facet normal 0.000000e+00 -1.000000e+00 0.000000e+00
    outer loop
      vertex 8.819855e+01 3.650000e+01 3.606080e+01
      vertex 8.345570e+01 3.650000e+01 3.440086e+01
      vertex 8.382324e+01 3.650000e+01 3.374609e+01
    endloop
  endfacet
  facet normal 0.000000e+00 -1.000000e+00 -0.000000e+00
    outer loop
      vertex 8.819855e+01 3.650000e+01 3.606080e+01
      vertex 8.382324e+01 3.650000e+01 3.374609e+01
      vertex 9.200043e+01 3.650000e+01 3.783364e+01
    endloop
  endfacet
  facet normal 0.000000e+00 -1.000000e+00 0.000000e+00
    outer loop
      vertex 9.796204e+01 3.650000e+01 2.737305e+01
      vertex 9.564355e+01 3.650000e+01 2.562393e+01
      vertex 9.636084e+01 3.650000e+01 2.529179e+01
    endloop
  endfacet
  facet normal 0.000000e+00 -1.000000e+00 0.000000e+00
    outer loop
      vertex 9.796204e+01 3.650000e+01 2.737305e+01
      vertex 9.636084e+01 3.650000e+01 2.529179e+01
      vertex 9.712164e+01 3.650000e+01 2.507678e+01
    endloop
  endfacet
  facet normal 0.000000e+00 -1.000000e+00 0.000000e+00
    outer loop
      vertex 9.796204e+01 3.650000e+01 2.737305e+01
      vertex 9.712164e+01 3.650000e+01 2.507678e+01
      vertex 9.790689e+01 3.650000e+01 2.498438e+01
    endloop
  endfacet
  facet normal 0.000000e+00 -1.000000e+00 -0.000000e+00
    outer loop
      vertex 9.796204e+01 3.650000e+01 2.737305e+01
      vertex 9.790689e+01 3.650000e+01 2.498438e+01
      vertex 9.847387e+01 3.650000e+01 2.499504e+01
    endloop
  endfacet
  facet normal 0.000000e+00 -1.000000e+00 0.000000e+00
    outer loop
      vertex 9.796204e+01 3.650000e+01 2.737305e+01
      vertex 9.847387e+01 3.650000e+01 2.499504e+01
      vertex 9.903604e+01 3.650000e+01 2.506986e+01
    endloop
  endfacet
  facet normal 0.000000e+00 -1.000000e+00 0.000000e+00
    outer loop
      vertex 9.200043e+01 3.650000e+01 3.783364e+01
      vertex 8.382324e+01 3.650000e+01 3.374609e+01
      vertex 8.428468e+01 3.650000e+01 3.315374e+01
    endloop
  endfacet
  facet normal 0.000000e+00 -1.000000e+00 0.000000e+00
    outer loop
      vertex 9.200043e+01 3.650000e+01 3.783364e+01
      vertex 8.428468e+01 3.650000e+01 3.315374e+01
      vertex 8.482963e+01 3.650000e+01 3.263717e+01
    endloop
  endfacet
  facet normal 0.000000e+00 -1.000000e+00 0.000000e+00
    outer loop
      vertex 9.200043e+01 3.650000e+01 3.783364e+01
      vertex 8.482963e+01 3.650000e+01 3.263717e+01
      vertex 8.544579e+01 3.650000e+01 3.220803e+01
    endloop
  endfacet
  facet normal 0.000000e+00 -1.000000e+00 0.000000e+00
    outer loop
      vertex 9.200043e+01 3.650000e+01 3.783364e+01
      vertex 8.544579e+01 3.650000e+01 3.220803e+01
      vertex 8.611926e+01 3.650000e+01 3.187600e+01
    endloop
  endfacet
  facet normal 0.000000e+00 -1.000000e+00 0.000000e+00
    outer loop
      vertex 9.200043e+01 3.650000e+01 3.783364e+01
      vertex 8.611926e+01 3.650000e+01 3.187600e+01
      vertex 8.683486e+01 3.650000e+01 3.164857e+01
    endloop
  endfacet
  facet normal 0.000000e+00 -1.000000e+00 0.000000e+00
    outer loop
      vertex 9.200043e+01 3.650000e+01 3.783364e+01
      vertex 8.683486e+01 3.650000e+01 3.164857e+01
      vertex 8.757645e+01 3.650000e+01 3.153086e+01
    endloop
  endfacet
  facet normal 0.000000e+00 -1.000000e+00 0.000000e+00
    outer loop
      vertex 9.200043e+01 3.650000e+01 3.783364e+01
      vertex 8.757645e+01 3.650000e+01 3.153086e+01
      vertex 8.832730e+01 3.650000e+01 3.152553e+01
    endloop
  endfacet
  facet normal 0.000000e+00 -1.000000e+00 0.000000e+00
    outer loop
      vertex 9.200043e+01 3.650000e+01 3.783364e+01
      vertex 8.832730e+01 3.650000e+01 3.152553e+01
      vertex 8.907816e+01 3.650000e+01 3.152021e+01
    endloop
  endfacet
  facet normal 0.000000e+00 -1.000000e+00 0.000000e+00
    outer loop
      vertex 9.200043e+01 3.650000e+01 3.783364e+01
      vertex 8.907816e+01 3.650000e+01 3.152021e+01
      vertex 8.981975e+01 3.650000e+01 3.140250e+01
    endloop
  endfacet
  facet normal 0.000000e+00 -1.000000e+00 0.000000e+00
    outer loop
      vertex 9.200043e+01 3.650000e+01 3.783364e+01
      vertex 8.981975e+01 3.650000e+01 3.140250e+01
      vertex 9.053535e+01 3.650000e+01 3.117507e+01
    endloop
  endfacet
  facet normal 0.000000e+00 -1.000000e+00 0.000000e+00
    outer loop
      vertex 9.200043e+01 3.650000e+01 3.783364e+01
      vertex 9.053535e+01 3.650000e+01 3.117507e+01
      vertex 9.120882e+01 3.650000e+01 3.084303e+01
    endloop
  endfacet
  facet normal 0.000000e+00 -1.000000e+00 0.000000e+00
    outer loop
      vertex 9.200043e+01 3.650000e+01 3.783364e+01
      vertex 9.120882e+01 3.650000e+01 3.084303e+01
      vertex 9.182498e+01 3.650000e+01 3.041389e+01
    endloop
  endfacet
  facet normal 0.000000e+00 -1.000000e+00 -0.000000e+00
    outer loop
      vertex 9.200043e+01 3.650000e+01 3.783364e+01
      vertex 9.182498e+01 3.650000e+01 3.041389e+01
      vertex 9.236993e+01 3.650000e+01 2.989733e+01
    endloop
  endfacet
  facet normal 0.000000e+00 -1.000000e+00 0.000000e+00
    outer loop
      vertex 9.200043e+01 3.650000e+01 3.783364e+01
      vertex 9.236993e+01 3.650000e+01 2.989733e+01
      vertex 9.283137e+01 3.650000e+01 2.930497e+01
    endloop
  endfacet
  facet normal 0.000000e+00 -1.000000e+00 0.000000e+00
    outer loop
      vertex 9.200043e+01 3.650000e+01 3.783364e+01
      vertex 9.283137e+01 3.650000e+01 2.930497e+01
      vertex 9.319891e+01 3.650000e+01 2.865020e+01
    endloop
  endfacet
  facet normal 0.000000e+00 -1.000000e+00 0.000000e+00
    outer loop
      vertex 9.200043e+01 3.650000e+01 3.783364e+01
      vertex 9.319891e+01 3.650000e+01 2.865020e+01
      vertex 9.356234e+01 3.650000e+01 2.787080e+01
    endloop
  endfacet
  facet normal 0.000000e+00 -1.000000e+00 0.000000e+00
    outer loop
      vertex 9.200043e+01 3.650000e+01 3.783364e+01
      vertex 9.356234e+01 3.650000e+01 2.787080e+01
      vertex 9.392207e+01 3.650000e+01 2.722765e+01
    endloop
  endfacet
  facet normal 0.000000e+00 -1.000000e+00 0.000000e+00
    outer loop
      vertex 9.200043e+01 3.650000e+01 3.783364e+01
      vertex 9.392207e+01 3.650000e+01 2.722765e+01
      vertex 9.440851e+01 3.650000e+01 2.660430e+01
    endloop
  endfacet
  facet normal 0.000000e+00 -1.000000e+00 0.000000e+00
    outer loop
      vertex 9.200043e+01 3.650000e+01 3.783364e+01
      vertex 9.440851e+01 3.650000e+01 2.660430e+01
      vertex 9.498713e+01 3.650000e+01 2.606520e+01
    endloop
  endfacet
  facet normal -8.715103e-01 -1.479312e-02 -4.901539e-01
    outer loop
      vertex 9.319891e+01 2.700553e+01 2.865020e+01
      vertex 9.337240e+01 2.911267e+01 2.827813e+01
      vertex 9.372028e+01 2.851942e+01 2.767748e+01
    endloop
  endfacet
  facet normal 3.480616e-01 -1.557895e-01 -9.244364e-01
    outer loop
      vertex 9.921775e+01 2.779315e+01 2.572468e+01
      vertex 1.000608e+02 2.943262e+01 2.576581e+01
      vertex 9.994243e+01 2.766174e+01 2.601968e+01
    endloop
  endfacet
  facet normal 3.388216e-01 -1.968470e-01 -9.200278e-01
    outer loop
      vertex 9.921775e+01 2.779315e+01 2.572468e+01
      vertex 9.994243e+01 2.766174e+01 2.601968e+01
      vertex 9.905741e+01 2.591829e+01 2.606677e+01
    endloop
  endfacet
  facet normal -8.714274e-01 -1.021527e-02 -4.904182e-01
    outer loop
      vertex 9.349297e+01 3.124047e+01 2.801957e+01
      vertex 9.383070e+01 3.022027e+01 2.744071e+01
      vertex 9.337240e+01 2.911267e+01 2.827813e+01
    endloop
  endfacet
  facet normal 3.530561e-01 -1.129304e-01 -9.287616e-01
    outer loop
      vertex 9.934053e+01 2.968461e+01 2.546137e+01
      vertex 1.001466e+02 3.121399e+01 2.558183e+01
      vertex 1.000608e+02 2.943262e+01 2.576581e+01
    endloop
  endfacet
  facet normal 3.394757e-01 -1.512756e-01 -9.283707e-01
    outer loop
      vertex 9.934053e+01 2.968461e+01 2.546137e+01
      vertex 1.000608e+02 2.943262e+01 2.576581e+01
      vertex 9.921775e+01 2.779315e+01 2.572468e+01
    endloop
  endfacet
  facet normal -8.718048e-01 -6.311344e-03 -4.898130e-01
    outer loop
      vertex 9.356019e+01 3.338144e+01 2.787542e+01
      vertex 9.393001e+01 3.350000e+01 2.721566e+01
      vertex 9.390765e+01 3.193140e+01 2.727568e+01
    endloop
  endfacet
  facet normal -8.711810e-01 -5.700320e-03 -4.909289e-01
    outer loop
      vertex 9.356019e+01 3.338144e+01 2.787542e+01
      vertex 9.390765e+01 3.193140e+01 2.727568e+01
      vertex 9.349297e+01 3.124047e+01 2.801957e+01
    endloop
  endfacet
  facet normal 3.396745e-01 -1.054164e-01 -9.346169e-01
    outer loop
      vertex 9.942611e+01 3.158750e+01 2.527784e+01
      vertex 1.001466e+02 3.121399e+01 2.558183e+01
      vertex 9.934053e+01 2.968461e+01 2.546137e+01
    endloop
  endfacet
  facet normal 3.418148e-01 -1.983279e-01 -9.186015e-01
    outer loop
      vertex 9.979167e+01 2.590474e+01 2.634292e+01
      vertex 9.905741e+01 2.591829e+01 2.606677e+01
      vertex 9.994243e+01 2.766174e+01 2.601968e+01
    endloop
  endfacet
  facet normal -4.183353e-01 -3.817291e-02 -9.074901e-01
    outer loop
      vertex 9.636806e+01 3.350000e+01 2.528912e+01
      vertex 9.562592e+01 3.175293e+01 2.570473e+01
      vertex 9.565165e+01 3.350000e+01 2.561938e+01
    endloop
  endfacet
  facet normal -5.523317e-01 -3.255944e-02 -8.329884e-01
    outer loop
      vertex 9.565165e+01 3.350000e+01 2.561938e+01
      vertex 9.562592e+01 3.175293e+01 2.570473e+01
      vertex 9.497250e+01 3.180829e+01 2.613583e+01
    endloop
  endfacet
  facet normal -5.559527e-01 -3.039434e-02 -8.306580e-01
    outer loop
      vertex 9.565165e+01 3.350000e+01 2.561938e+01
      vertex 9.497250e+01 3.180829e+01 2.613583e+01
      vertex 9.499584e+01 3.350000e+01 2.605830e+01
    endloop
  endfacet
  facet normal -6.759396e-01 -2.442589e-02 -7.365521e-01
    outer loop
      vertex 9.499584e+01 3.350000e+01 2.605830e+01
      vertex 9.497250e+01 3.180829e+01 2.613583e+01
      vertex 9.439500e+01 3.186827e+01 2.666382e+01
    endloop
  endfacet
  facet normal -6.797600e-01 -2.174258e-02 -7.331122e-01
    outer loop
      vertex 9.499584e+01 3.350000e+01 2.605830e+01
      vertex 9.439500e+01 3.186827e+01 2.666382e+01
      vertex 9.441718e+01 3.350000e+01 2.659486e+01
    endloop
  endfacet
  facet normal -7.828904e-01 -1.564356e-02 -6.219630e-01
    outer loop
      vertex 9.441718e+01 3.350000e+01 2.659486e+01
      vertex 9.439500e+01 3.186827e+01 2.666382e+01
      vertex 9.390765e+01 3.193140e+01 2.727568e+01
    endloop
  endfacet
  facet normal -7.866323e-01 -1.240295e-02 -6.172971e-01
    outer loop
      vertex 9.441718e+01 3.350000e+01 2.659486e+01
      vertex 9.390765e+01 3.193140e+01 2.727568e+01
      vertex 9.393001e+01 3.350000e+01 2.721566e+01
    endloop
  endfacet
  facet normal -8.720528e-01 -3.244206e-03 -4.894009e-01
    outer loop
      vertex 9.356234e+01 3.350000e+01 2.787080e+01
      vertex 9.393001e+01 3.350000e+01 2.721566e+01
      vertex 9.356019e+01 3.338144e+01 2.787542e+01
    endloop
  endfacet
  facet normal 3.803790e-01 -6.994209e-02 -9.221821e-01
    outer loop
      vertex 1.001996e+02 3.300250e+01 2.546806e+01
      vertex 1.001466e+02 3.121399e+01 2.558183e+01
      vertex 9.981758e+01 3.306743e+01 2.530554e+01
    endloop
  endfacet
  facet normal 3.538296e-01 -7.614912e-02 -9.322049e-01
    outer loop
      vertex 9.981758e+01 3.306743e+01 2.530554e+01
      vertex 1.001466e+02 3.121399e+01 2.558183e+01
      vertex 9.942611e+01 3.158750e+01 2.527784e+01
    endloop
  endfacet
  facet normal 3.015409e-01 -6.195773e-02 -9.514380e-01
    outer loop
      vertex 9.981758e+01 3.306743e+01 2.530554e+01
      vertex 9.942611e+01 3.158750e+01 2.527784e+01
      vertex 9.944396e+01 3.321787e+01 2.517733e+01
    endloop
  endfacet
  facet normal 1.914608e-01 -1.920010e-01 -9.625375e-01
    outer loop
      vertex 9.921775e+01 2.779315e+01 2.572468e+01
      vertex 9.905741e+01 2.591829e+01 2.606677e+01
      vertex 9.844994e+01 2.782514e+01 2.556557e+01
    endloop
  endfacet
  facet normal 1.913345e-01 -1.920455e-01 -9.625537e-01
    outer loop
      vertex 9.844994e+01 2.782514e+01 2.556557e+01
      vertex 9.905741e+01 2.591829e+01 2.606677e+01
      vertex 9.829047e+01 2.595861e+01 2.590628e+01
    endloop
  endfacet
  facet normal 3.611853e-02 -1.824358e-01 -9.825541e-01
    outer loop
      vertex 9.844994e+01 2.782514e+01 2.556557e+01
      vertex 9.829047e+01 2.595861e+01 2.590628e+01
      vertex 9.766787e+01 2.787760e+01 2.552708e+01
    endloop
  endfacet
  facet normal 3.602321e-02 -1.824663e-01 -9.825519e-01
    outer loop
      vertex 9.766787e+01 2.787760e+01 2.552708e+01
      vertex 9.829047e+01 2.595861e+01 2.590628e+01
      vertex 9.750974e+01 2.602471e+01 2.586538e+01
    endloop
  endfacet
  facet normal -1.201265e-01 -1.683778e-01 -9.783754e-01
    outer loop
      vertex 9.766787e+01 2.787760e+01 2.552708e+01
      vertex 9.750974e+01 2.602471e+01 2.586538e+01
      vertex 9.689080e+01 2.794923e+01 2.561017e+01
    endloop
  endfacet
  facet normal -1.201836e-01 -1.683949e-01 -9.783655e-01
    outer loop
      vertex 9.689080e+01 2.794923e+01 2.561017e+01
      vertex 9.750974e+01 2.602471e+01 2.586538e+01
      vertex 9.673444e+01 2.611497e+01 2.594508e+01
    endloop
  endfacet
  facet normal -2.734200e-01 -1.501716e-01 -9.501000e-01
    outer loop
      vertex 9.689080e+01 2.794923e+01 2.561017e+01
      vertex 9.673444e+01 2.611497e+01 2.594508e+01
      vertex 9.613788e+01 2.803827e+01 2.581277e+01
    endloop
  endfacet
  facet normal -2.734412e-01 -1.501777e-01 -9.500929e-01
    outer loop
      vertex 9.613788e+01 2.803827e+01 2.581277e+01
      vertex 9.673444e+01 2.611497e+01 2.594508e+01
      vertex 9.598367e+01 2.622715e+01 2.614343e+01
    endloop
  endfacet
  facet normal -4.199945e-01 -1.282650e-01 -8.984167e-01
    outer loop
      vertex 9.613788e+01 2.803827e+01 2.581277e+01
      vertex 9.598367e+01 2.622715e+01 2.614343e+01
      vertex 9.542765e+01 2.814252e+01 2.612990e+01
    endloop
  endfacet
  facet normal -4.199777e-01 -1.282602e-01 -8.984253e-01
    outer loop
      vertex 9.542765e+01 2.814252e+01 2.612990e+01
      vertex 9.598367e+01 2.622715e+01 2.614343e+01
      vertex 9.527591e+01 2.635850e+01 2.645553e+01
    endloop
  endfacet
  facet normal -5.562317e-01 -1.031955e-01 -8.245950e-01
    outer loop
      vertex 9.542765e+01 2.814252e+01 2.612990e+01
      vertex 9.527591e+01 2.635850e+01 2.645553e+01
      vertex 9.477761e+01 2.825943e+01 2.655376e+01
    endloop
  endfacet
  facet normal -5.561855e-01 -1.031817e-01 -8.246279e-01
    outer loop
      vertex 9.477761e+01 2.825943e+01 2.655376e+01
      vertex 9.527591e+01 2.635850e+01 2.645553e+01
      vertex 9.462859e+01 2.650578e+01 2.687370e+01
    endloop
  endfacet
  facet normal -6.787752e-01 -7.558141e-02 -7.304462e-01
    outer loop
      vertex 9.477761e+01 2.825943e+01 2.655376e+01
      vertex 9.462859e+01 2.650578e+01 2.687370e+01
      vertex 9.420378e+01 2.838610e+01 2.707389e+01
    endloop
  endfacet
  facet normal -6.787081e-01 -7.555936e-02 -7.305108e-01
    outer loop
      vertex 9.420378e+01 2.838610e+01 2.707389e+01
      vertex 9.462859e+01 2.650578e+01 2.687370e+01
      vertex 9.405765e+01 2.666536e+01 2.738764e+01
    endloop
  endfacet
  facet normal -7.845914e-01 -4.610655e-02 -6.182966e-01
    outer loop
      vertex 9.420378e+01 2.838610e+01 2.707389e+01
      vertex 9.405765e+01 2.666536e+01 2.738764e+01
      vertex 9.372028e+01 2.851942e+01 2.767748e+01
    endloop
  endfacet
  facet normal -7.845122e-01 -4.607609e-02 -6.183993e-01
    outer loop
      vertex 9.372028e+01 2.851942e+01 2.767748e+01
      vertex 9.405765e+01 2.666536e+01 2.738764e+01
      vertex 9.357714e+01 2.683332e+01 2.798471e+01
    endloop
  endfacet
  facet normal -8.710088e-01 -1.552365e-02 -4.910221e-01
    outer loop
      vertex 9.372028e+01 2.851942e+01 2.767748e+01
      vertex 9.357714e+01 2.683332e+01 2.798471e+01
      vertex 9.319891e+01 2.700553e+01 2.865020e+01
    endloop
  endfacet
  facet normal 1.947898e-01 -1.476331e-01 -9.696708e-01
    outer loop
      vertex 9.934053e+01 2.968461e+01 2.546137e+01
      vertex 9.921775e+01 2.779315e+01 2.572468e+01
      vertex 9.857218e+01 2.970820e+01 2.530343e+01
    endloop
  endfacet
  facet normal 1.947875e-01 -1.476339e-01 -9.696711e-01
    outer loop
      vertex 9.857218e+01 2.970820e+01 2.530343e+01
      vertex 9.921775e+01 2.779315e+01 2.572468e+01
      vertex 9.844994e+01 2.782514e+01 2.556557e+01
    endloop
  endfacet
  facet normal 3.927922e-02 -1.402757e-01 -9.893330e-01
    outer loop
      vertex 9.857218e+01 2.970820e+01 2.530343e+01
      vertex 9.844994e+01 2.782514e+01 2.556557e+01
      vertex 9.778922e+01 2.974689e+01 2.526686e+01
    endloop
  endfacet
  facet normal 3.927999e-02 -1.402754e-01 -9.893331e-01
    outer loop
      vertex 9.778922e+01 2.974689e+01 2.526686e+01
      vertex 9.844994e+01 2.782514e+01 2.556557e+01
      vertex 9.766787e+01 2.787760e+01 2.552708e+01
    endloop
  endfacet
  facet normal -1.172057e-01 -1.294629e-01 -9.846330e-01
    outer loop
      vertex 9.778922e+01 2.974689e+01 2.526686e+01
      vertex 9.766787e+01 2.787760e+01 2.552708e+01
      vertex 9.701093e+01 2.979972e+01 2.535256e+01
    endloop
  endfacet
  facet normal -1.172084e-01 -1.294637e-01 -9.846326e-01
    outer loop
      vertex 9.701093e+01 2.979972e+01 2.535256e+01
      vertex 9.766787e+01 2.787760e+01 2.552708e+01
      vertex 9.689080e+01 2.794923e+01 2.561017e+01
    endloop
  endfacet
  facet normal -2.708197e-01 -1.154616e-01 -9.556805e-01
    outer loop
      vertex 9.701093e+01 2.979972e+01 2.535256e+01
      vertex 9.689080e+01 2.794923e+01 2.561017e+01
      vertex 9.625648e+01 2.986539e+01 2.555841e+01
    endloop
  endfacet
  facet normal -2.708170e-01 -1.154607e-01 -9.556814e-01
    outer loop
      vertex 9.625648e+01 2.986539e+01 2.555841e+01
      vertex 9.689080e+01 2.794923e+01 2.561017e+01
      vertex 9.613788e+01 2.803827e+01 2.581277e+01
    endloop
  endfacet
  facet normal -4.177700e-01 -9.861333e-02 -9.031852e-01
    outer loop
      vertex 9.625648e+01 2.986539e+01 2.555841e+01
      vertex 9.613788e+01 2.803827e+01 2.581277e+01
      vertex 9.554448e+01 2.994229e+01 2.587936e+01
    endloop
  endfacet
  facet normal -4.177710e-01 -9.861364e-02 -9.031848e-01
    outer loop
      vertex 9.554448e+01 2.994229e+01 2.587936e+01
      vertex 9.613788e+01 2.803827e+01 2.581277e+01
      vertex 9.542765e+01 2.814252e+01 2.612990e+01
    endloop
  endfacet
  facet normal -5.544466e-01 -7.933480e-02 -8.284292e-01
    outer loop
      vertex 9.554448e+01 2.994229e+01 2.587936e+01
      vertex 9.542765e+01 2.814252e+01 2.612990e+01
      vertex 9.489246e+01 3.002851e+01 2.630748e+01
    endloop
  endfacet
  facet normal -5.544423e-01 -7.933329e-02 -8.284323e-01
    outer loop
      vertex 9.489246e+01 3.002851e+01 2.630748e+01
      vertex 9.542765e+01 2.814252e+01 2.612990e+01
      vertex 9.477761e+01 2.825943e+01 2.655376e+01
    endloop
  endfacet
  facet normal -6.774594e-01 -5.809858e-02 -7.332621e-01
    outer loop
      vertex 9.489246e+01 3.002851e+01 2.630748e+01
      vertex 9.477761e+01 2.825943e+01 2.655376e+01
      vertex 9.431646e+01 3.012194e+01 2.683224e+01
    endloop
  endfacet
  facet normal -6.774644e-01 -5.810053e-02 -7.332574e-01
    outer loop
      vertex 9.431646e+01 3.012194e+01 2.683224e+01
      vertex 9.477761e+01 2.825943e+01 2.655376e+01
      vertex 9.420378e+01 2.838610e+01 2.707389e+01
    endloop
  endfacet
  facet normal -7.837937e-01 -3.543310e-02 -6.200095e-01
    outer loop
      vertex 9.431646e+01 3.012194e+01 2.683224e+01
      vertex 9.420378e+01 2.838610e+01 2.707389e+01
      vertex 9.383070e+01 3.022027e+01 2.744071e+01
    endloop
  endfacet
  facet normal -7.837909e-01 -3.543182e-02 -6.200132e-01
    outer loop
      vertex 9.383070e+01 3.022027e+01 2.744071e+01
      vertex 9.420378e+01 2.838610e+01 2.707389e+01
      vertex 9.372028e+01 2.851942e+01 2.767748e+01
    endloop
  endfacet
  facet normal -8.703793e-01 -1.202273e-02 -4.922351e-01
    outer loop
      vertex 9.383070e+01 3.022027e+01 2.744071e+01
      vertex 9.372028e+01 2.851942e+01 2.767748e+01
      vertex 9.337240e+01 2.911267e+01 2.827813e+01
    endloop
  endfacet
  facet normal 1.972463e-01 -1.028999e-01 -9.749387e-01
    outer loop
      vertex 9.942611e+01 3.158750e+01 2.527784e+01
      vertex 9.934053e+01 2.968461e+01 2.546137e+01
      vertex 9.865738e+01 3.160265e+01 2.512072e+01
    endloop
  endfacet
  facet normal 1.972463e-01 -1.028999e-01 -9.749388e-01
    outer loop
      vertex 9.865738e+01 3.160265e+01 2.512072e+01
      vertex 9.934053e+01 2.968461e+01 2.546137e+01
      vertex 9.857218e+01 2.970820e+01 2.530343e+01
    endloop
  endfacet
  facet normal 4.161142e-02 -9.777170e-02 -9.943386e-01
    outer loop
      vertex 9.865738e+01 3.160265e+01 2.512072e+01
      vertex 9.857218e+01 2.970820e+01 2.530343e+01
      vertex 9.787379e+01 3.162749e+01 2.508548e+01
    endloop
  endfacet
  facet normal 4.161329e-02 -9.777100e-02 -9.943385e-01
    outer loop
      vertex 9.787379e+01 3.162749e+01 2.508548e+01
      vertex 9.857218e+01 2.970820e+01 2.530343e+01
      vertex 9.778922e+01 2.974689e+01 2.526686e+01
    endloop
  endfacet
  facet normal -1.150536e-01 -9.023505e-02 -9.892524e-01
    outer loop
      vertex 9.787379e+01 3.162749e+01 2.508548e+01
      vertex 9.778922e+01 2.974689e+01 2.526686e+01
      vertex 9.709465e+01 3.166141e+01 2.517301e+01
    endloop
  endfacet
  facet normal -1.150515e-01 -9.023429e-02 -9.892527e-01
    outer loop
      vertex 9.709465e+01 3.166141e+01 2.517301e+01
      vertex 9.778922e+01 2.974689e+01 2.526686e+01
      vertex 9.701093e+01 2.979972e+01 2.535256e+01
    endloop
  endfacet
  facet normal -2.688981e-01 -8.047490e-02 -9.598008e-01
    outer loop
      vertex 9.709465e+01 3.166141e+01 2.517301e+01
      vertex 9.701093e+01 2.979972e+01 2.535256e+01
      vertex 9.633916e+01 3.170357e+01 2.538113e+01
    endloop
  endfacet
  facet normal -2.688985e-01 -8.047501e-02 -9.598007e-01
    outer loop
      vertex 9.633916e+01 3.170357e+01 2.538113e+01
      vertex 9.701093e+01 2.979972e+01 2.535256e+01
      vertex 9.625648e+01 2.986539e+01 2.555841e+01
    endloop
  endfacet
  facet normal -4.161301e-01 -6.873225e-02 -9.067037e-01
    outer loop
      vertex 9.633916e+01 3.170357e+01 2.538113e+01
      vertex 9.625648e+01 2.986539e+01 2.555841e+01
      vertex 9.562592e+01 3.175293e+01 2.570473e+01
    endloop
  endfacet
  facet normal -4.161291e-01 -6.873187e-02 -9.067042e-01
    outer loop
      vertex 9.562592e+01 3.175293e+01 2.570473e+01
      vertex 9.625648e+01 2.986539e+01 2.555841e+01
      vertex 9.554448e+01 2.994229e+01 2.587936e+01
    endloop
  endfacet
  facet normal -5.531203e-01 -5.529466e-02 -8.312644e-01
    outer loop
      vertex 9.562592e+01 3.175293e+01 2.570473e+01
      vertex 9.554448e+01 2.994229e+01 2.587936e+01
      vertex 9.497250e+01 3.180829e+01 2.613583e+01
    endloop
  endfacet
  facet normal -5.531266e-01 -5.529717e-02 -8.312601e-01
    outer loop
      vertex 9.497250e+01 3.180829e+01 2.613583e+01
      vertex 9.554448e+01 2.994229e+01 2.587936e+01
      vertex 9.489246e+01 3.002851e+01 2.630748e+01
    endloop
  endfacet
  facet normal -6.764945e-01 -4.049726e-02 -7.353333e-01
    outer loop
      vertex 9.497250e+01 3.180829e+01 2.613583e+01
      vertex 9.489246e+01 3.002851e+01 2.630748e+01
      vertex 9.439500e+01 3.186827e+01 2.666382e+01
    endloop
  endfacet
  facet normal -6.764928e-01 -4.049643e-02 -7.353351e-01
    outer loop
      vertex 9.439500e+01 3.186827e+01 2.666382e+01
      vertex 9.489246e+01 3.002851e+01 2.630748e+01
      vertex 9.431646e+01 3.012194e+01 2.683224e+01
    endloop
  endfacet
  facet normal -7.832018e-01 -2.469702e-02 -6.212769e-01
    outer loop
      vertex 9.439500e+01 3.186827e+01 2.666382e+01
      vertex 9.431646e+01 3.012194e+01 2.683224e+01
      vertex 9.390765e+01 3.193140e+01 2.727568e+01
    endloop
  endfacet
  facet normal -7.832043e-01 -2.469834e-02 -6.212737e-01
    outer loop
      vertex 9.390765e+01 3.193140e+01 2.727568e+01
      vertex 9.431646e+01 3.012194e+01 2.683224e+01
      vertex 9.383070e+01 3.022027e+01 2.744071e+01
    endloop
  endfacet
  facet normal -8.700857e-01 -8.403271e-03 -4.928288e-01
    outer loop
      vertex 9.390765e+01 3.193140e+01 2.727568e+01
      vertex 9.383070e+01 3.022027e+01 2.744071e+01
      vertex 9.349297e+01 3.124047e+01 2.801957e+01
    endloop
  endfacet
  facet normal 2.136683e-01 -6.244247e-02 -9.749086e-01
    outer loop
      vertex 9.944396e+01 3.321787e+01 2.517733e+01
      vertex 9.942611e+01 3.158750e+01 2.527784e+01
      vertex 9.903604e+01 3.350000e+01 2.506986e+01
    endloop
  endfacet
  facet normal 1.985758e-01 -6.584288e-02 -9.778714e-01
    outer loop
      vertex 9.903604e+01 3.350000e+01 2.506986e+01
      vertex 9.942611e+01 3.158750e+01 2.527784e+01
      vertex 9.865738e+01 3.160265e+01 2.512072e+01
    endloop
  endfacet
  facet normal 1.319590e-01 -5.286884e-02 -9.898443e-01
    outer loop
      vertex 9.903604e+01 3.350000e+01 2.506986e+01
      vertex 9.865738e+01 3.160265e+01 2.512072e+01
      vertex 9.847597e+01 3.350000e+01 2.499519e+01
    endloop
  endfacet
  facet normal 1.937696e-02 -6.415631e-02 -9.977518e-01
    outer loop
      vertex 9.847597e+01 3.350000e+01 2.499519e+01
      vertex 9.865738e+01 3.160265e+01 2.512072e+01
      vertex 9.791105e+01 3.350000e+01 2.498422e+01
    endloop
  endfacet
  facet normal 4.311858e-02 -5.480406e-02 -9.975657e-01
    outer loop
      vertex 9.791105e+01 3.350000e+01 2.498422e+01
      vertex 9.865738e+01 3.160265e+01 2.512072e+01
      vertex 9.787379e+01 3.162749e+01 2.508548e+01
    endloop
  endfacet
  facet normal -1.157085e-01 -5.134011e-02 -9.919555e-01
    outer loop
      vertex 9.791105e+01 3.350000e+01 2.498422e+01
      vertex 9.787379e+01 3.162749e+01 2.508548e+01
      vertex 9.712750e+01 3.350000e+01 2.507562e+01
    endloop
  endfacet
  facet normal -1.136598e-01 -5.052509e-02 -9.922342e-01
    outer loop
      vertex 9.712750e+01 3.350000e+01 2.507562e+01
      vertex 9.787379e+01 3.162749e+01 2.508548e+01
      vertex 9.709465e+01 3.166141e+01 2.517301e+01
    endloop
  endfacet
  facet normal -2.703533e-01 -4.610566e-02 -9.616566e-01
    outer loop
      vertex 9.712750e+01 3.350000e+01 2.507562e+01
      vertex 9.709465e+01 3.166141e+01 2.517301e+01
      vertex 9.636806e+01 3.350000e+01 2.528912e+01
    endloop
  endfacet
  facet normal -2.676516e-01 -4.498694e-02 -9.624650e-01
    outer loop
      vertex 9.636806e+01 3.350000e+01 2.528912e+01
      vertex 9.709465e+01 3.166141e+01 2.517301e+01
      vertex 9.633916e+01 3.170357e+01 2.538113e+01
    endloop
  endfacet
  facet normal -4.151247e-01 -3.986995e-02 -9.088905e-01
    outer loop
      vertex 9.636806e+01 3.350000e+01 2.528912e+01
      vertex 9.633916e+01 3.170357e+01 2.538113e+01
      vertex 9.562592e+01 3.175293e+01 2.570473e+01
    endloop
  endfacet
  facet normal -8.706351e-01 8.521219e-03 -4.918556e-01
    outer loop
      vertex 9.344264e+01 3.976674e+01 2.812749e+01
      vertex 9.383110e+01 3.977987e+01 2.744011e+01
      vertex 9.351808e+01 3.813658e+01 2.796572e+01
    endloop
  endfacet
  facet normal -8.707900e-01 1.204256e-02 -4.915076e-01
    outer loop
      vertex 9.333618e+01 4.138715e+01 2.835581e+01
      vertex 9.372070e+01 4.148049e+01 2.767685e+01
      vertex 9.344264e+01 3.976674e+01 2.812749e+01
    endloop
  endfacet
  facet normal 3.272445e-01 6.812735e-02 -9.424806e-01
    outer loop
      vertex 9.942540e+01 3.841281e+01 2.527766e+01
      vertex 9.987527e+01 3.694798e+01 2.532798e+01
      vertex 9.964418e+01 3.687395e+01 2.524239e+01
    endloop
  endfacet
  facet normal -2.716873e-01 4.453010e-02 -9.613548e-01
    outer loop
      vertex 9.712164e+01 3.650000e+01 2.507678e+01
      vertex 9.636084e+01 3.650000e+01 2.529179e+01
      vertex 9.633914e+01 3.829674e+01 2.538115e+01
    endloop
  endfacet
  facet normal -4.151219e-01 4.018809e-02 -9.088777e-01
    outer loop
      vertex 9.562606e+01 3.824738e+01 2.570466e+01
      vertex 9.633914e+01 3.829674e+01 2.538115e+01
      vertex 9.636084e+01 3.650000e+01 2.529179e+01
    endloop
  endfacet
  facet normal -4.198855e-01 3.769265e-02 -9.067940e-01
    outer loop
      vertex 9.636084e+01 3.650000e+01 2.529179e+01
      vertex 9.564355e+01 3.650000e+01 2.562393e+01
      vertex 9.562606e+01 3.824738e+01 2.570466e+01
    endloop
  endfacet
  facet normal -5.523037e-01 3.295776e-02 -8.329912e-01
    outer loop
      vertex 9.497277e+01 3.819204e+01 2.613563e+01
      vertex 9.562606e+01 3.824738e+01 2.570466e+01
      vertex 9.564355e+01 3.650000e+01 2.562393e+01
    endloop
  endfacet
  facet normal -5.576527e-01 2.979345e-02 -8.295395e-01
    outer loop
      vertex 9.564355e+01 3.650000e+01 2.562393e+01
      vertex 9.498713e+01 3.650000e+01 2.606520e+01
      vertex 9.497277e+01 3.819204e+01 2.613563e+01
    endloop
  endfacet
  facet normal -6.758943e-01 2.492094e-02 -7.365772e-01
    outer loop
      vertex 9.439536e+01 3.813207e+01 2.666344e+01
      vertex 9.497277e+01 3.819204e+01 2.613563e+01
      vertex 9.498713e+01 3.650000e+01 2.606520e+01
    endloop
  endfacet
  facet normal -6.815220e-01 2.101788e-02 -7.314957e-01
    outer loop
      vertex 9.498713e+01 3.650000e+01 2.606520e+01
      vertex 9.440851e+01 3.650000e+01 2.660430e+01
      vertex 9.439536e+01 3.813207e+01 2.666344e+01
    endloop
  endfacet
  facet normal -7.828363e-01 1.623462e-02 -6.220160e-01
    outer loop
      vertex 9.390805e+01 3.806895e+01 2.727509e+01
      vertex 9.439536e+01 3.813207e+01 2.666344e+01
      vertex 9.440851e+01 3.650000e+01 2.660430e+01
    endloop
  endfacet
  facet normal -8.710061e-01 1.554509e-02 -4.910263e-01
    outer loop
      vertex 9.319891e+01 4.299454e+01 2.865020e+01
      vertex 9.357714e+01 4.316674e+01 2.798472e+01
      vertex 9.333618e+01 4.138715e+01 2.835581e+01
    endloop
  endfacet
  facet normal 1.865087e-01 6.352523e-02 -9.803974e-01
    outer loop
      vertex 9.922108e+01 3.664585e+01 2.511451e+01
      vertex 9.903604e+01 3.650000e+01 2.506986e+01
      vertex 9.865682e+01 3.839766e+01 2.512067e+01
    endloop
  endfacet
  facet normal 1.317459e-01 5.283546e-02 -9.898744e-01
    outer loop
      vertex 9.865682e+01 3.839766e+01 2.512067e+01
      vertex 9.903604e+01 3.650000e+01 2.506986e+01
      vertex 9.847387e+01 3.650000e+01 2.499504e+01
    endloop
  endfacet
  facet normal 4.278613e-02 6.189477e-02 -9.971651e-01
    outer loop
      vertex 9.865682e+01 3.839766e+01 2.512067e+01
      vertex 9.847387e+01 3.650000e+01 2.499504e+01
      vertex 9.787341e+01 3.837281e+01 2.508552e+01
    endloop
  endfacet
  facet normal 1.876400e-02 5.425016e-02 -9.983510e-01
    outer loop
      vertex 9.787341e+01 3.837281e+01 2.508552e+01
      vertex 9.847387e+01 3.650000e+01 2.499504e+01
      vertex 9.790689e+01 3.650000e+01 2.498438e+01
    endloop
  endfacet
  facet normal -1.137506e-01 5.154764e-02 -9.921712e-01
    outer loop
      vertex 9.787341e+01 3.837281e+01 2.508552e+01
      vertex 9.790689e+01 3.650000e+01 2.498438e+01
      vertex 9.709446e+01 3.833890e+01 2.517306e+01
    endloop
  endfacet
  facet normal -1.167228e-01 5.020614e-02 -9.918947e-01
    outer loop
      vertex 9.709446e+01 3.833890e+01 2.517306e+01
      vertex 9.790689e+01 3.650000e+01 2.498438e+01
      vertex 9.712164e+01 3.650000e+01 2.507678e+01
    endloop
  endfacet
  facet normal -2.677256e-01 4.642845e-02 -9.623759e-01
    outer loop
      vertex 9.709446e+01 3.833890e+01 2.517306e+01
      vertex 9.712164e+01 3.650000e+01 2.507678e+01
      vertex 9.633914e+01 3.829674e+01 2.538115e+01
    endloop
  endfacet
  facet normal -8.727517e-01 4.707355e-03 -4.881419e-01
    outer loop
      vertex 9.356234e+01 3.650000e+01 2.787080e+01
      vertex 9.351808e+01 3.813658e+01 2.796572e+01
      vertex 9.392207e+01 3.650000e+01 2.722765e+01
    endloop
  endfacet
  facet normal -8.704487e-01 7.109447e-03 -4.922078e-01
    outer loop
      vertex 9.392207e+01 3.650000e+01 2.722765e+01
      vertex 9.351808e+01 3.813658e+01 2.796572e+01
      vertex 9.390805e+01 3.806895e+01 2.727509e+01
    endloop
  endfacet
  facet normal -7.883098e-01 1.156172e-02 -6.151699e-01
    outer loop
      vertex 9.392207e+01 3.650000e+01 2.722765e+01
      vertex 9.390805e+01 3.806895e+01 2.727509e+01
      vertex 9.440851e+01 3.650000e+01 2.660430e+01
    endloop
  endfacet
  facet normal 3.419316e-01 1.968755e-01 -9.188704e-01
    outer loop
      vertex 9.905742e+01 4.408179e+01 2.606680e+01
      vertex 9.979169e+01 4.409534e+01 2.634295e+01
      vertex 9.921706e+01 4.220659e+01 2.572444e+01
    endloop
  endfacet
  facet normal 3.384238e-01 1.982695e-01 -9.198688e-01
    outer loop
      vertex 9.921706e+01 4.220659e+01 2.572444e+01
      vertex 9.979169e+01 4.409534e+01 2.634295e+01
      vertex 9.994242e+01 4.233828e+01 2.601968e+01
    endloop
  endfacet
  facet normal 3.489531e-01 1.513963e-01 -9.248302e-01
    outer loop
      vertex 9.921706e+01 4.220659e+01 2.572444e+01
      vertex 9.994242e+01 4.233828e+01 2.601968e+01
      vertex 9.933983e+01 4.031543e+01 2.546117e+01
    endloop
  endfacet
  facet normal 3.378283e-01 1.556539e-01 -9.282477e-01
    outer loop
      vertex 9.933983e+01 4.031543e+01 2.546117e+01
      vertex 9.994242e+01 4.233828e+01 2.601968e+01
      vertex 1.000608e+02 4.056740e+01 2.576582e+01
    endloop
  endfacet
  facet normal 3.555210e-01 1.055608e-01 -9.286882e-01
    outer loop
      vertex 9.933983e+01 4.031543e+01 2.546117e+01
      vertex 1.000608e+02 4.056740e+01 2.576582e+01
      vertex 9.942540e+01 3.841281e+01 2.527766e+01
    endloop
  endfacet
  facet normal 3.360146e-01 1.127620e-01 -9.350823e-01
    outer loop
      vertex 9.942540e+01 3.841281e+01 2.527766e+01
      vertex 1.000608e+02 4.056740e+01 2.576582e+01
      vertex 1.001466e+02 3.878602e+01 2.558183e+01
    endloop
  endfacet
  facet normal 3.535632e-01 7.656078e-02 -9.322723e-01
    outer loop
      vertex 9.942540e+01 3.841281e+01 2.527766e+01
      vertex 1.001466e+02 3.878602e+01 2.558183e+01
      vertex 9.987527e+01 3.694798e+01 2.532798e+01
    endloop
  endfacet
  facet normal 3.864555e-01 6.996207e-02 -9.196507e-01
    outer loop
      vertex 9.987527e+01 3.694798e+01 2.532798e+01
      vertex 1.001466e+02 3.878602e+01 2.558183e+01
      vertex 1.001996e+02 3.699750e+01 2.546806e+01
    endloop
  endfacet
  facet normal 2.252620e-01 7.597569e-02 -9.713314e-01
    outer loop
      vertex 9.922108e+01 3.664585e+01 2.511451e+01
      vertex 9.865682e+01 3.839766e+01 2.512067e+01
      vertex 9.942773e+01 3.677348e+01 2.517241e+01
    endloop
  endfacet
  facet normal 1.985359e-01 6.307595e-02 -9.780618e-01
    outer loop
      vertex 9.942773e+01 3.677348e+01 2.517241e+01
      vertex 9.865682e+01 3.839766e+01 2.512067e+01
      vertex 9.942540e+01 3.841281e+01 2.527766e+01
    endloop
  endfacet
  facet normal 2.808990e-01 6.188814e-02 -9.577399e-01
    outer loop
      vertex 9.942773e+01 3.677348e+01 2.517241e+01
      vertex 9.942540e+01 3.841281e+01 2.527766e+01
      vertex 9.964418e+01 3.687395e+01 2.524239e+01
    endloop
  endfacet
  facet normal 1.971202e-01 1.028999e-01 -9.749642e-01
    outer loop
      vertex 9.933983e+01 4.031543e+01 2.546117e+01
      vertex 9.942540e+01 3.841281e+01 2.527766e+01
      vertex 9.857163e+01 4.029183e+01 2.530336e+01
    endloop
  endfacet
  facet normal 1.971182e-01 1.028990e-01 -9.749647e-01
    outer loop
      vertex 9.857163e+01 4.029183e+01 2.530336e+01
      vertex 9.942540e+01 3.841281e+01 2.527766e+01
      vertex 9.865682e+01 3.839766e+01 2.512067e+01
    endloop
  endfacet
  facet normal 4.152151e-02 9.777002e-02 -9.943425e-01
    outer loop
      vertex 9.857163e+01 4.029183e+01 2.530336e+01
      vertex 9.865682e+01 3.839766e+01 2.512067e+01
      vertex 9.778885e+01 4.025314e+01 2.526687e+01
    endloop
  endfacet
  facet normal 4.152186e-02 9.777020e-02 -9.943424e-01
    outer loop
      vertex 9.778885e+01 4.025314e+01 2.526687e+01
      vertex 9.865682e+01 3.839766e+01 2.512067e+01
      vertex 9.787341e+01 3.837281e+01 2.508552e+01
    endloop
  endfacet
  facet normal -1.151059e-01 9.023462e-02 -9.892464e-01
    outer loop
      vertex 9.778885e+01 4.025314e+01 2.526687e+01
      vertex 9.787341e+01 3.837281e+01 2.508552e+01
      vertex 9.701074e+01 4.020032e+01 2.535259e+01
    endloop
  endfacet
  facet normal -1.151064e-01 9.023439e-02 -9.892464e-01
    outer loop
      vertex 9.701074e+01 4.020032e+01 2.535259e+01
      vertex 9.787341e+01 3.837281e+01 2.508552e+01
      vertex 9.709446e+01 3.833890e+01 2.517306e+01
    endloop
  endfacet
  facet normal -2.689150e-01 8.047641e-02 -9.597960e-01
    outer loop
      vertex 9.701074e+01 4.020032e+01 2.535259e+01
      vertex 9.709446e+01 3.833890e+01 2.517306e+01
      vertex 9.625648e+01 4.013466e+01 2.555841e+01
    endloop
  endfacet
  facet normal -2.689151e-01 8.047635e-02 -9.597960e-01
    outer loop
      vertex 9.625648e+01 4.013466e+01 2.555841e+01
      vertex 9.709446e+01 3.833890e+01 2.517306e+01
      vertex 9.633914e+01 3.829674e+01 2.538115e+01
    endloop
  endfacet
  facet normal -4.161150e-01 6.873631e-02 -9.067103e-01
    outer loop
      vertex 9.625648e+01 4.013466e+01 2.555841e+01
      vertex 9.633914e+01 3.829674e+01 2.538115e+01
      vertex 9.554464e+01 4.005778e+01 2.587927e+01
    endloop
  endfacet
  facet normal -4.161147e-01 6.873648e-02 -9.067104e-01
    outer loop
      vertex 9.554464e+01 4.005778e+01 2.587927e+01
      vertex 9.633914e+01 3.829674e+01 2.538115e+01
      vertex 9.562606e+01 3.824738e+01 2.570466e+01
    endloop
  endfacet
  facet normal -5.530775e-01 5.530275e-02 -8.312923e-01
    outer loop
      vertex 9.554464e+01 4.005778e+01 2.587927e+01
      vertex 9.562606e+01 3.824738e+01 2.570466e+01
      vertex 9.489274e+01 3.997158e+01 2.630726e+01
    endloop
  endfacet
  facet normal -5.530764e-01 5.530341e-02 -8.312929e-01
    outer loop
      vertex 9.489274e+01 3.997158e+01 2.630726e+01
      vertex 9.562606e+01 3.824738e+01 2.570466e+01
      vertex 9.497277e+01 3.819204e+01 2.613563e+01
    endloop
  endfacet
  facet normal -6.764290e-01 4.050638e-02 -7.353931e-01
    outer loop
      vertex 9.489274e+01 3.997158e+01 2.630726e+01
      vertex 9.497277e+01 3.819204e+01 2.613563e+01
      vertex 9.431683e+01 3.987818e+01 2.683185e+01
    endloop
  endfacet
  facet normal -6.764299e-01 4.050568e-02 -7.353923e-01
    outer loop
      vertex 9.431683e+01 3.987818e+01 2.683185e+01
      vertex 9.497277e+01 3.819204e+01 2.613563e+01
      vertex 9.439536e+01 3.813207e+01 2.666344e+01
    endloop
  endfacet
  facet normal -7.831233e-01 2.471052e-02 -6.213754e-01
    outer loop
      vertex 9.431683e+01 3.987818e+01 2.683185e+01
      vertex 9.439536e+01 3.813207e+01 2.666344e+01
      vertex 9.383110e+01 3.977987e+01 2.744011e+01
    endloop
  endfacet
  facet normal -7.831258e-01 2.470813e-02 -6.213722e-01
    outer loop
      vertex 9.383110e+01 3.977987e+01 2.744011e+01
      vertex 9.439536e+01 3.813207e+01 2.666344e+01
      vertex 9.390805e+01 3.806895e+01 2.727509e+01
    endloop
  endfacet
  facet normal -8.703891e-01 8.334121e-03 -4.922940e-01
    outer loop
      vertex 9.383110e+01 3.977987e+01 2.744011e+01
      vertex 9.390805e+01 3.806895e+01 2.727509e+01
      vertex 9.351808e+01 3.813658e+01 2.796572e+01
    endloop
  endfacet
  facet normal 1.946633e-01 1.476265e-01 -9.696972e-01
    outer loop
      vertex 9.921706e+01 4.220659e+01 2.572444e+01
      vertex 9.933983e+01 4.031543e+01 2.546117e+01
      vertex 9.844942e+01 4.217459e+01 2.556546e+01
    endloop
  endfacet
  facet normal 1.946640e-01 1.476268e-01 -9.696969e-01
    outer loop
      vertex 9.844942e+01 4.217459e+01 2.556546e+01
      vertex 9.933983e+01 4.031543e+01 2.546117e+01
      vertex 9.857163e+01 4.029183e+01 2.530336e+01
    endloop
  endfacet
  facet normal 3.919121e-02 1.402688e-01 -9.893375e-01
    outer loop
      vertex 9.844942e+01 4.217459e+01 2.556546e+01
      vertex 9.857163e+01 4.029183e+01 2.530336e+01
      vertex 9.766753e+01 4.212214e+01 2.552705e+01
    endloop
  endfacet
  facet normal 3.918782e-02 1.402672e-01 -9.893379e-01
    outer loop
      vertex 9.766753e+01 4.212214e+01 2.552705e+01
      vertex 9.857163e+01 4.029183e+01 2.530336e+01
      vertex 9.778885e+01 4.025314e+01 2.526687e+01
    endloop
  endfacet
  facet normal -1.172621e-01 1.294558e-01 -9.846273e-01
    outer loop
      vertex 9.766753e+01 4.212214e+01 2.552705e+01
      vertex 9.778885e+01 4.025314e+01 2.526687e+01
      vertex 9.689064e+01 4.205052e+01 2.561016e+01
    endloop
  endfacet
  facet normal -1.172597e-01 1.294570e-01 -9.846274e-01
    outer loop
      vertex 9.689064e+01 4.205052e+01 2.561016e+01
      vertex 9.778885e+01 4.025314e+01 2.526687e+01
      vertex 9.701074e+01 4.020032e+01 2.535259e+01
    endloop
  endfacet
  facet normal -2.708361e-01 1.154577e-01 -9.556763e-01
    outer loop
      vertex 9.689064e+01 4.205052e+01 2.561016e+01
      vertex 9.701074e+01 4.020032e+01 2.535259e+01
      vertex 9.613790e+01 4.196151e+01 2.581273e+01
    endloop
  endfacet
  facet normal -2.708360e-01 1.154578e-01 -9.556764e-01
    outer loop
      vertex 9.613790e+01 4.196151e+01 2.581273e+01
      vertex 9.701074e+01 4.020032e+01 2.535259e+01
      vertex 9.625648e+01 4.013466e+01 2.555841e+01
    endloop
  endfacet
  facet normal -4.177517e-01 9.861520e-02 -9.031935e-01
    outer loop
      vertex 9.613790e+01 4.196151e+01 2.581273e+01
      vertex 9.625648e+01 4.013466e+01 2.555841e+01
      vertex 9.542783e+01 4.185728e+01 2.612978e+01
    endloop
  endfacet
  facet normal -4.177557e-01 9.861274e-02 -9.031920e-01
    outer loop
      vertex 9.542783e+01 4.185728e+01 2.612978e+01
      vertex 9.625648e+01 4.013466e+01 2.555841e+01
      vertex 9.554464e+01 4.005778e+01 2.587927e+01
    endloop
  endfacet
  facet normal -5.543984e-01 7.933951e-02 -8.284611e-01
    outer loop
      vertex 9.542783e+01 4.185728e+01 2.612978e+01
      vertex 9.554464e+01 4.005778e+01 2.587927e+01
      vertex 9.477792e+01 4.174041e+01 2.655350e+01
    endloop
  endfacet
  facet normal -5.543975e-01 7.934015e-02 -8.284615e-01
    outer loop
      vertex 9.477792e+01 4.174041e+01 2.655350e+01
      vertex 9.554464e+01 4.005778e+01 2.587927e+01
      vertex 9.489274e+01 3.997158e+01 2.630726e+01
    endloop
  endfacet
  facet normal -6.773977e-01 5.811095e-02 -7.333182e-01
    outer loop
      vertex 9.477792e+01 4.174041e+01 2.655350e+01
      vertex 9.489274e+01 3.997158e+01 2.630726e+01
      vertex 9.420417e+01 4.161377e+01 2.707346e+01
    endloop
  endfacet
  facet normal -6.773958e-01 5.811242e-02 -7.333197e-01
    outer loop
      vertex 9.420417e+01 4.161377e+01 2.707346e+01
      vertex 9.489274e+01 3.997158e+01 2.630726e+01
      vertex 9.431683e+01 3.987818e+01 2.683185e+01
    endloop
  endfacet
  facet normal -7.837101e-01 3.545200e-02 -6.201143e-01
    outer loop
      vertex 9.420417e+01 4.161377e+01 2.707346e+01
      vertex 9.431683e+01 3.987818e+01 2.683185e+01
      vertex 9.372070e+01 4.148049e+01 2.767685e+01
    endloop
  endfacet
  facet normal -7.837130e-01 3.544910e-02 -6.201108e-01
    outer loop
      vertex 9.372070e+01 4.148049e+01 2.767685e+01
      vertex 9.431683e+01 3.987818e+01 2.683185e+01
      vertex 9.383110e+01 3.977987e+01 2.744011e+01
    endloop
  endfacet
  facet normal -8.706326e-01 1.194310e-02 -4.917888e-01
    outer loop
      vertex 9.372070e+01 4.148049e+01 2.767685e+01
      vertex 9.383110e+01 3.977987e+01 2.744011e+01
      vertex 9.344264e+01 3.976674e+01 2.812749e+01
    endloop
  endfacet
  facet normal 1.913340e-01 1.920305e-01 -9.625568e-01
    outer loop
      vertex 9.905742e+01 4.408179e+01 2.606680e+01
      vertex 9.921706e+01 4.220659e+01 2.572444e+01
      vertex 9.829047e+01 4.404147e+01 2.590631e+01
    endloop
  endfacet
  facet normal 1.913337e-01 1.920303e-01 -9.625569e-01
    outer loop
      vertex 9.829047e+01 4.404147e+01 2.590631e+01
      vertex 9.921706e+01 4.220659e+01 2.572444e+01
      vertex 9.844942e+01 4.217459e+01 2.556546e+01
    endloop
  endfacet
  facet normal 3.602581e-02 1.824585e-01 -9.825534e-01
    outer loop
      vertex 9.829047e+01 4.404147e+01 2.590631e+01
      vertex 9.844942e+01 4.217459e+01 2.556546e+01
      vertex 9.750975e+01 4.397536e+01 2.586541e+01
    endloop
  endfacet
  facet normal 3.602763e-02 1.824594e-01 -9.825531e-01
    outer loop
      vertex 9.750975e+01 4.397536e+01 2.586541e+01
      vertex 9.844942e+01 4.217459e+01 2.556546e+01
      vertex 9.766753e+01 4.212214e+01 2.552705e+01
    endloop
  endfacet
  facet normal -1.201809e-01 1.683959e-01 -9.783656e-01
    outer loop
      vertex 9.750975e+01 4.397536e+01 2.586541e+01
      vertex 9.766753e+01 4.212214e+01 2.552705e+01
      vertex 9.673445e+01 4.388511e+01 2.594511e+01
    endloop
  endfacet
  facet normal -1.201821e-01 1.683952e-01 -9.783657e-01
    outer loop
      vertex 9.673445e+01 4.388511e+01 2.594511e+01
      vertex 9.766753e+01 4.212214e+01 2.552705e+01
      vertex 9.689064e+01 4.205052e+01 2.561016e+01
    endloop
  endfacet
  facet normal -2.734400e-01 1.501854e-01 -9.500921e-01
    outer loop
      vertex 9.673445e+01 4.388511e+01 2.594511e+01
      vertex 9.689064e+01 4.205052e+01 2.561016e+01
      vertex 9.598368e+01 4.377293e+01 2.614345e+01
    endloop
  endfacet
  facet normal -2.734401e-01 1.501853e-01 -9.500920e-01
    outer loop
      vertex 9.598368e+01 4.377293e+01 2.614345e+01
      vertex 9.689064e+01 4.205052e+01 2.561016e+01
      vertex 9.613790e+01 4.196151e+01 2.581273e+01
    endloop
  endfacet
  facet normal -4.199776e-01 1.282759e-01 -8.984231e-01
    outer loop
      vertex 9.598368e+01 4.377293e+01 2.614345e+01
      vertex 9.613790e+01 4.196151e+01 2.581273e+01
      vertex 9.527592e+01 4.364157e+01 2.645555e+01
    endloop
  endfacet
  facet normal -4.199760e-01 1.282770e-01 -8.984237e-01
    outer loop
      vertex 9.527592e+01 4.364157e+01 2.645555e+01
      vertex 9.613790e+01 4.196151e+01 2.581273e+01
      vertex 9.542783e+01 4.185728e+01 2.612978e+01
    endloop
  endfacet
  facet normal -5.561861e-01 1.032064e-01 -8.246244e-01
    outer loop
      vertex 9.527592e+01 4.364157e+01 2.645555e+01
      vertex 9.542783e+01 4.185728e+01 2.612978e+01
      vertex 9.462859e+01 4.349430e+01 2.687372e+01
    endloop
  endfacet
  facet normal -5.561880e-01 1.032050e-01 -8.246233e-01
    outer loop
      vertex 9.462859e+01 4.349430e+01 2.687372e+01
      vertex 9.542783e+01 4.185728e+01 2.612978e+01
      vertex 9.477792e+01 4.174041e+01 2.655350e+01
    endloop
  endfacet
  facet normal -6.787039e-01 7.559152e-02 -7.305114e-01
    outer loop
      vertex 9.462859e+01 4.349430e+01 2.687372e+01
      vertex 9.477792e+01 4.174041e+01 2.655350e+01
      vertex 9.405765e+01 4.333471e+01 2.738766e+01
    endloop
  endfacet
  facet normal -6.787081e-01 7.558773e-02 -7.305079e-01
    outer loop
      vertex 9.405765e+01 4.333471e+01 2.738766e+01
      vertex 9.477792e+01 4.174041e+01 2.655350e+01
      vertex 9.420417e+01 4.161377e+01 2.707346e+01
    endloop
  endfacet
  facet normal -7.845147e-01 4.610980e-02 -6.183935e-01
    outer loop
      vertex 9.405765e+01 4.333471e+01 2.738766e+01
      vertex 9.420417e+01 4.161377e+01 2.707346e+01
      vertex 9.357714e+01 4.316674e+01 2.798472e+01
    endloop
  endfacet
  facet normal -7.845097e-01 4.611537e-02 -6.183995e-01
    outer loop
      vertex 9.357714e+01 4.316674e+01 2.798472e+01
      vertex 9.420417e+01 4.161377e+01 2.707346e+01
      vertex 9.372070e+01 4.148049e+01 2.767685e+01
    endloop
  endfacet
  facet normal -8.709526e-01 1.551787e-02 -4.911220e-01
    outer loop
      vertex 9.357714e+01 4.316674e+01 2.798472e+01
      vertex 9.372070e+01 4.148049e+01 2.767685e+01
      vertex 9.333618e+01 4.138715e+01 2.835581e+01
    endloop
  endfacet
  facet normal -9.063102e-01 0.000000e+00 -4.226131e-01
    outer loop
      vertex 9.319891e+01 3.650000e+01 2.865020e+01
      vertex 9.319891e+01 4.299454e+01 2.865020e+01
      vertex 9.356234e+01 3.650000e+01 2.787080e+01
    endloop
  endfacet
  facet normal -9.063110e-01 -2.458612e-07 -4.226114e-01
    outer loop
      vertex 9.356234e+01 3.650000e+01 2.787080e+01
      vertex 9.319891e+01 4.299454e+01 2.865020e+01
      vertex 9.333618e+01 4.138715e+01 2.835581e+01
    endloop
  endfacet
  facet normal -9.063138e-01 -9.824836e-07 -4.226053e-01
    outer loop
      vertex 9.356234e+01 3.650000e+01 2.787080e+01
      vertex 9.333618e+01 4.138715e+01 2.835581e+01
      vertex 9.351808e+01 3.813658e+01 2.796572e+01
    endloop
  endfacet
  facet normal -9.063385e-01 -8.729092e-06 -4.225522e-01
    outer loop
      vertex 9.351808e+01 3.813658e+01 2.796572e+01
      vertex 9.333618e+01 4.138715e+01 2.835581e+01
      vertex 9.344264e+01 3.976674e+01 2.812749e+01
    endloop
  endfacet
  facet normal -9.063102e-01 -0.000000e+00 -4.226131e-01
    outer loop
      vertex 9.319891e+01 3.350000e+01 2.865020e+01
      vertex 9.356234e+01 3.350000e+01 2.787080e+01
      vertex 9.319891e+01 2.700553e+01 2.865020e+01
    endloop
  endfacet
  facet normal -9.062145e-01 -2.943042e-05 -4.228182e-01
    outer loop
      vertex 9.319891e+01 2.700553e+01 2.865020e+01
      vertex 9.356234e+01 3.350000e+01 2.787080e+01
      vertex 9.356019e+01 3.338144e+01 2.787542e+01
    endloop
  endfacet
  facet normal -9.063255e-01 5.203352e-06 -4.225803e-01
    outer loop
      vertex 9.319891e+01 2.700553e+01 2.865020e+01
      vertex 9.356019e+01 3.338144e+01 2.787542e+01
      vertex 9.337240e+01 2.911267e+01 2.827813e+01
    endloop
  endfacet
  facet normal -9.063223e-01 4.417934e-06 -4.225872e-01
    outer loop
      vertex 9.337240e+01 2.911267e+01 2.827813e+01
      vertex 9.356019e+01 3.338144e+01 2.787542e+01
      vertex 9.349297e+01 3.124047e+01 2.801957e+01
    endloop
  endfacet
  facet normal -5.715209e-01 -6.717247e-04 -8.205873e-01
    outer loop
      vertex 9.151949e+01 1.249628e+01 3.064385e+01
      vertex 9.120882e+01 3.350000e+01 3.084303e+01
      vertex 9.182498e+01 3.350000e+01 3.041389e+01
    endloop
  endfacet
  facet normal -5.180774e-01 4.482687e-04 -8.553337e-01
    outer loop
      vertex 9.096807e+01 9.610560e+00 3.097634e+01
      vertex 9.120882e+01 3.350000e+01 3.084303e+01
      vertex 9.151949e+01 1.249628e+01 3.064385e+01
    endloop
  endfacet
  facet normal -4.421912e-01 -5.485566e-04 -8.969206e-01
    outer loop
      vertex 9.053535e+01 3.350000e+01 3.117507e+01
      vertex 9.120882e+01 3.350000e+01 3.084303e+01
      vertex 9.096807e+01 9.610560e+00 3.097634e+01
    endloop
  endfacet
  facet normal -2.566520e-01 4.034710e-05 -9.665039e-01
    outer loop
      vertex 8.978299e+01 4.778483e+00 3.141106e+01
      vertex 8.981975e+01 3.350000e+01 3.140250e+01
      vertex 9.011535e+01 5.968677e+00 3.132285e+01
    endloop
  endfacet
  facet normal 5.533050e-02 0.000000e+00 -9.984681e-01
    outer loop
      vertex 8.845431e+01 1.151579e+00 3.153257e+01
      vertex 8.832730e+01 1.112834e+00 3.152553e+01
      vertex 8.832730e+01 3.350000e+01 3.152553e+01
    endloop
  endfacet
  facet normal -6.205390e-01 4.398747e-04 -7.841755e-01
    outer loop
      vertex 9.151949e+01 1.249628e+01 3.064385e+01
      vertex 9.182498e+01 3.350000e+01 3.041389e+01
      vertex 9.199276e+01 1.540122e+01 3.027098e+01
    endloop
  endfacet
  facet normal -6.879590e-01 -6.464885e-04 -7.257493e-01
    outer loop
      vertex 9.199276e+01 1.540122e+01 3.027098e+01
      vertex 9.182498e+01 3.350000e+01 3.041389e+01
      vertex 9.236993e+01 3.350000e+01 2.989733e+01
    endloop
  endfacet
  facet normal -7.075379e-01 1.553057e-04 -7.066753e-01
    outer loop
      vertex 9.199276e+01 1.540122e+01 3.027098e+01
      vertex 9.236993e+01 3.350000e+01 2.989733e+01
      vertex 9.239999e+01 1.832283e+01 2.986389e+01
    endloop
  endfacet
  facet normal -4.070090e-01 2.260045e-04 -9.134241e-01
    outer loop
      vertex 9.096807e+01 9.610560e+00 3.097634e+01
      vertex 9.042105e+01 7.172265e+00 3.121948e+01
      vertex 9.053535e+01 3.350000e+01 3.117507e+01
    endloop
  endfacet
  facet normal -3.195836e-01 -2.111164e-04 -9.475580e-01
    outer loop
      vertex 9.053535e+01 3.350000e+01 3.117507e+01
      vertex 9.042105e+01 7.172265e+00 3.121948e+01
      vertex 9.011535e+01 5.968677e+00 3.132285e+01
    endloop
  endfacet
  facet normal -3.028911e-01 -4.951112e-04 -9.530250e-01
    outer loop
      vertex 9.053535e+01 3.350000e+01 3.117507e+01
      vertex 9.011535e+01 5.968677e+00 3.132285e+01
      vertex 8.981975e+01 3.350000e+01 3.140250e+01
    endloop
  endfacet
  facet normal -8.720137e-01 0.000000e+00 -4.894813e-01
    outer loop
      vertex 9.283137e+01 3.350000e+01 2.930497e+01
      vertex 9.319891e+01 3.350000e+01 2.865020e+01
      vertex 9.319891e+01 2.700553e+01 2.865020e+01
    endloop
  endfacet
  facet normal -8.833938e-01 -2.746925e-03 -4.686234e-01
    outer loop
      vertex 9.283137e+01 3.350000e+01 2.930497e+01
      vertex 9.319891e+01 2.700553e+01 2.865020e+01
      vertex 9.306248e+01 2.468081e+01 2.892099e+01
    endloop
  endfacet
  facet normal -8.593215e-01 -2.520730e-04 -5.114357e-01
    outer loop
      vertex 9.283137e+01 3.350000e+01 2.930497e+01
      vertex 9.306248e+01 2.468081e+01 2.892099e+01
      vertex 9.286681e+01 2.238815e+01 2.925091e+01
    endloop
  endfacet
  facet normal -7.968415e-01 3.985042e-04 -6.041883e-01
    outer loop
      vertex 9.283137e+01 3.350000e+01 2.930497e+01
      vertex 9.286681e+01 2.238815e+01 2.925091e+01
      vertex 9.239999e+01 1.832283e+01 2.986389e+01
    endloop
  endfacet
  facet normal -7.888854e-01 -2.088522e-04 -6.145403e-01
    outer loop
      vertex 9.283137e+01 3.350000e+01 2.930497e+01
      vertex 9.239999e+01 1.832283e+01 2.986389e+01
      vertex 9.236993e+01 3.350000e+01 2.989733e+01
    endloop
  endfacet
  facet normal -1.567612e-01 -9.379500e-05 -9.876366e-01
    outer loop
      vertex 8.907816e+01 3.350000e+01 3.152021e+01
      vertex 8.981975e+01 3.350000e+01 3.140250e+01
      vertex 8.978299e+01 4.778483e+00 3.141106e+01
    endloop
  endfacet
  facet normal -1.917046e-01 -9.748181e-04 -9.814522e-01
    outer loop
      vertex 8.907816e+01 3.350000e+01 3.152021e+01
      vertex 8.978299e+01 4.778483e+00 3.141106e+01
      vertex 8.949860e+01 3.853118e+00 3.146753e+01
    endloop
  endfacet
  facet normal -1.350913e-01 -1.552809e-04 -9.908332e-01
    outer loop
      vertex 8.907816e+01 3.350000e+01 3.152021e+01
      vertex 8.949860e+01 3.853118e+00 3.146753e+01
      vertex 8.919085e+01 2.944725e+00 3.150963e+01
    endloop
  endfacet
  facet normal -7.575562e-02 6.573889e-05 -9.971265e-01
    outer loop
      vertex 8.907816e+01 3.350000e+01 3.152021e+01
      vertex 8.919085e+01 2.944725e+00 3.150963e+01
      vertex 8.889938e+01 2.171465e+00 3.153172e+01
    endloop
  endfacet
  facet normal -1.074423e-03 -3.614752e-04 -9.999994e-01
    outer loop
      vertex 8.907816e+01 3.350000e+01 3.152021e+01
      vertex 8.889938e+01 2.171465e+00 3.153172e+01
      vertex 8.845431e+01 1.151579e+00 3.153257e+01
    endloop
  endfacet
  facet normal -7.092164e-03 -2.454120e-04 -9.999748e-01
    outer loop
      vertex 8.907816e+01 3.350000e+01 3.152021e+01
      vertex 8.845431e+01 1.151579e+00 3.153257e+01
      vertex 8.832730e+01 3.350000e+01 3.152553e+01
    endloop
  endfacet
  facet normal -8.098872e-01 -2.715493e-04 -5.865855e-01
    outer loop
      vertex 9.283137e+01 3.650000e+01 2.930497e+01
      vertex 9.254630e+01 5.050243e+01 2.969209e+01
      vertex 9.286681e+01 4.761185e+01 2.925090e+01
    endloop
  endfacet
  facet normal -7.888851e-01 9.288607e-04 -6.145400e-01
    outer loop
      vertex 9.236993e+01 3.650000e+01 2.989733e+01
      vertex 9.254630e+01 5.050243e+01 2.969209e+01
      vertex 9.283137e+01 3.650000e+01 2.930497e+01
    endloop
  endfacet
  facet normal -7.409948e-01 -5.093929e-04 -6.715107e-01
    outer loop
      vertex 9.216911e+01 5.338952e+01 3.010611e+01
      vertex 9.254630e+01 5.050243e+01 2.969209e+01
      vertex 9.236993e+01 3.650000e+01 2.989733e+01
    endloop
  endfacet
  facet normal -6.879590e-01 7.916639e-04 -7.257492e-01
    outer loop
      vertex 9.182498e+01 3.650000e+01 3.041389e+01
      vertex 9.216911e+01 5.338952e+01 3.010611e+01
      vertex 9.236993e+01 3.650000e+01 2.989733e+01
    endloop
  endfacet
  facet normal -6.584321e-01 -3.000080e-04 -7.526401e-01
    outer loop
      vertex 9.182498e+01 3.650000e+01 3.041389e+01
      vertex 9.172745e+01 5.628279e+01 3.049133e+01
      vertex 9.216911e+01 5.338952e+01 3.010611e+01
    endloop
  endfacet
  facet normal -9.512535e-02 -5.564385e-05 -9.954653e-01
    outer loop
      vertex 8.907816e+01 3.650000e+01 3.152021e+01
      vertex 8.899674e+01 6.757955e+01 3.152625e+01
      vertex 8.928731e+01 6.678079e+01 3.149853e+01
    endloop
  endfacet
  facet normal -8.593136e-01 2.517187e-04 -5.114492e-01
    outer loop
      vertex 9.286681e+01 4.761185e+01 2.925090e+01
      vertex 9.306248e+01 4.531922e+01 2.892100e+01
      vertex 9.283137e+01 3.650000e+01 2.930497e+01
    endloop
  endfacet
  facet normal -8.833969e-01 2.747651e-03 -4.686176e-01
    outer loop
      vertex 9.283137e+01 3.650000e+01 2.930497e+01
      vertex 9.306248e+01 4.531922e+01 2.892100e+01
      vertex 9.319891e+01 4.299454e+01 2.865020e+01
    endloop
  endfacet
  facet normal -8.720138e-01 0.000000e+00 -4.894814e-01
    outer loop
      vertex 9.283137e+01 3.650000e+01 2.930497e+01
      vertex 9.319891e+01 4.299454e+01 2.865020e+01
      vertex 9.319891e+01 3.650000e+01 2.865020e+01
    endloop
  endfacet
  facet normal -4.075283e-01 -2.118982e-05 -9.131926e-01
    outer loop
      vertex 9.052204e+01 6.240598e+01 3.118040e+01
      vertex 9.088402e+01 6.078954e+01 3.101890e+01
      vertex 9.053535e+01 3.650000e+01 3.117507e+01
    endloop
  endfacet
  facet normal -4.724557e-01 1.115529e-03 -8.813537e-01
    outer loop
      vertex 9.053535e+01 3.650000e+01 3.117507e+01
      vertex 9.088402e+01 6.078954e+01 3.101890e+01
      vertex 9.121450e+01 5.915823e+01 3.083968e+01
    endloop
  endfacet
  facet normal -4.421913e-01 -2.203178e-05 -8.969208e-01
    outer loop
      vertex 9.053535e+01 3.650000e+01 3.117507e+01
      vertex 9.121450e+01 5.915823e+01 3.083968e+01
      vertex 9.120882e+01 3.650000e+01 3.084303e+01
    endloop
  endfacet
  facet normal -5.617335e-01 1.822194e-05 -8.273182e-01
    outer loop
      vertex 9.120882e+01 3.650000e+01 3.084303e+01
      vertex 9.121450e+01 5.915823e+01 3.083968e+01
      vertex 9.172745e+01 5.628279e+01 3.049133e+01
    endloop
  endfacet
  facet normal -5.715210e-01 3.944674e-04 -8.205873e-01
    outer loop
      vertex 9.120882e+01 3.650000e+01 3.084303e+01
      vertex 9.172745e+01 5.628279e+01 3.049133e+01
      vertex 9.182498e+01 3.650000e+01 3.041389e+01
    endloop
  endfacet
  facet normal -2.753457e-01 8.325603e-05 -9.613453e-01
    outer loop
      vertex 8.987644e+01 6.489890e+01 3.138872e+01
      vertex 9.021294e+01 6.365875e+01 3.129223e+01
      vertex 8.981975e+01 3.650000e+01 3.140250e+01
    endloop
  endfacet
  facet normal -3.364532e-01 1.047695e-03 -9.416996e-01
    outer loop
      vertex 8.981975e+01 3.650000e+01 3.140250e+01
      vertex 9.021294e+01 6.365875e+01 3.129223e+01
      vertex 9.052204e+01 6.240598e+01 3.118040e+01
    endloop
  endfacet
  facet normal -3.028912e-01 4.075822e-05 -9.530252e-01
    outer loop
      vertex 8.981975e+01 3.650000e+01 3.140250e+01
      vertex 9.052204e+01 6.240598e+01 3.118040e+01
      vertex 9.053535e+01 3.650000e+01 3.117507e+01
    endloop
  endfacet
  facet normal -2.137538e-01 -4.724351e-05 -9.768876e-01
    outer loop
      vertex 8.987644e+01 6.489890e+01 3.138872e+01
      vertex 8.981975e+01 3.650000e+01 3.140250e+01
      vertex 8.959336e+01 6.584783e+01 3.145061e+01
    endloop
  endfacet
  facet normal -1.567612e-01 4.100162e-04 -9.876364e-01
    outer loop
      vertex 8.959336e+01 6.584783e+01 3.145061e+01
      vertex 8.981975e+01 3.650000e+01 3.140250e+01
      vertex 8.907816e+01 3.650000e+01 3.152021e+01
    endloop
  endfacet
  facet normal -1.536139e-01 3.535931e-04 -9.881309e-01
    outer loop
      vertex 8.959336e+01 6.584783e+01 3.145061e+01
      vertex 8.907816e+01 3.650000e+01 3.152021e+01
      vertex 8.928731e+01 6.678079e+01 3.149853e+01
    endloop
  endfacet
  facet normal 5.531555e-02 0.000000e+00 -9.984689e-01
    outer loop
      vertex 8.832730e+01 3.650000e+01 3.152553e+01
      vertex 8.832730e+01 6.888717e+01 3.152553e+01
      vertex 8.845431e+01 6.884842e+01 3.153257e+01
    endloop
  endfacet
  facet normal 2.030284e-02 1.377553e-04 -9.997939e-01
    outer loop
      vertex 8.832730e+01 3.650000e+01 3.152553e+01
      vertex 8.845431e+01 6.884842e+01 3.153257e+01
      vertex 8.868045e+01 6.835446e+01 3.153709e+01
    endloop
  endfacet
  facet normal -3.249317e-02 7.229529e-04 -9.994717e-01
    outer loop
      vertex 8.832730e+01 3.650000e+01 3.152553e+01
      vertex 8.868045e+01 6.835446e+01 3.153709e+01
      vertex 8.899674e+01 6.757955e+01 3.152625e+01
    endloop
  endfacet
  facet normal -7.092164e-03 1.758369e-04 -9.999748e-01
    outer loop
      vertex 8.832730e+01 3.650000e+01 3.152553e+01
      vertex 8.899674e+01 6.757955e+01 3.152625e+01
      vertex 8.907816e+01 3.650000e+01 3.152021e+01
    endloop
  endfacet
  facet normal -4.226181e-01 0.000000e+00 9.063079e-01
    outer loop
      vertex 7.665488e+01 3.700000e+01 4.898529e+01
      vertex 7.665488e+01 3.650000e+01 4.898529e+01
      vertex 8.118642e+01 3.700000e+01 5.109838e+01
    endloop
  endfacet
  facet normal -4.226181e-01 0.000000e+00 9.063079e-01
    outer loop
      vertex 8.118642e+01 3.700000e+01 5.109838e+01
      vertex 7.665488e+01 3.650000e+01 4.898529e+01
      vertex 8.118642e+01 3.650000e+01 5.109838e+01
    endloop
  endfacet
  facet normal -4.226181e-01 0.000000e+00 9.063079e-01
    outer loop
      vertex 7.665488e+01 3.350000e+01 4.898529e+01
      vertex 7.665488e+01 1.000000e+01 4.898529e+01
      vertex 8.118642e+01 3.350000e+01 5.109838e+01
    endloop
  endfacet
  facet normal -4.226181e-01 0.000000e+00 9.063079e-01
    outer loop
      vertex 8.118642e+01 3.350000e+01 5.109838e+01
      vertex 7.665488e+01 1.000000e+01 4.898529e+01
      vertex 8.118642e+01 1.000000e+01 5.109838e+01
    endloop
  endfacet
  facet normal -9.063079e-01 -2.986942e-06 -4.226180e-01
    outer loop
      vertex 7.662783e+01 3.838403e+01 4.904328e+01
      vertex 8.345570e+01 3.650000e+01 3.440086e+01
      vertex 7.665488e+01 3.700000e+01 4.898529e+01
    endloop
  endfacet
  facet normal -9.063079e-01 0.000000e+00 -4.226181e-01
    outer loop
      vertex 8.345570e+01 3.650000e+01 3.440086e+01
      vertex 7.665488e+01 3.650000e+01 4.898529e+01
      vertex 7.665488e+01 3.700000e+01 4.898529e+01
    endloop
  endfacet
  facet normal -9.063077e-01 1.749131e-06 -4.226185e-01
    outer loop
      vertex 8.345570e+01 3.650000e+01 3.440086e+01
      vertex 7.662783e+01 3.838403e+01 4.904328e+01
      vertex 7.654694e+01 3.975624e+01 4.921677e+01
    endloop
  endfacet
  facet normal -9.063076e-01 2.178267e-06 -4.226186e-01
    outer loop
      vertex 8.345570e+01 3.650000e+01 3.440086e+01
      vertex 7.654694e+01 3.975624e+01 4.921677e+01
      vertex 7.641288e+01 4.110495e+01 4.950426e+01
    endloop
  endfacet
  facet normal -9.063081e-01 -1.536283e-06 -4.226177e-01
    outer loop
      vertex 8.345570e+01 3.650000e+01 3.440086e+01
      vertex 7.641288e+01 4.110495e+01 4.950426e+01
      vertex 7.622680e+01 4.241862e+01 4.990331e+01
    endloop
  endfacet
  facet normal -9.063077e-01 8.307463e-07 -4.226183e-01
    outer loop
      vertex 8.345570e+01 3.650000e+01 3.440086e+01
      vertex 7.622680e+01 4.241862e+01 4.990331e+01
      vertex 7.599029e+01 4.368608e+01 5.041051e+01
    endloop
  endfacet
  facet normal -9.063084e-01 -2.306818e-06 -4.226170e-01
    outer loop
      vertex 8.345570e+01 3.650000e+01 3.440086e+01
      vertex 7.599029e+01 4.368608e+01 5.041051e+01
      vertex 7.570536e+01 4.489648e+01 5.102153e+01
    endloop
  endfacet
  facet normal -9.063079e-01 1.060550e-06 -4.226181e-01
    outer loop
      vertex 8.345570e+01 3.650000e+01 3.440086e+01
      vertex 7.570536e+01 4.489648e+01 5.102153e+01
      vertex 7.537445e+01 4.603952e+01 5.173117e+01
    endloop
  endfacet
  facet normal -9.063082e-01 0.000000e+00 -4.226171e-01
    outer loop
      vertex 8.345570e+01 3.650000e+01 3.440086e+01
      vertex 7.537445e+01 4.603952e+01 5.173117e+01
      vertex 7.500038e+01 4.710543e+01 5.253336e+01
    endloop
  endfacet
  facet normal -9.063083e-01 -1.656641e-06 -4.226173e-01
    outer loop
      vertex 8.345570e+01 3.650000e+01 3.440086e+01
      vertex 7.500038e+01 4.710543e+01 5.253336e+01
      vertex 7.458634e+01 4.808513e+01 5.342127e+01
    endloop
  endfacet
  facet normal -9.063088e-01 -4.900821e-06 -4.226162e-01
    outer loop
      vertex 8.345570e+01 3.650000e+01 3.440086e+01
      vertex 7.458634e+01 4.808513e+01 5.342127e+01
      vertex 7.413586e+01 4.897026e+01 5.438732e+01
    endloop
  endfacet
  facet normal -9.062998e-01 3.544664e-05 -4.226354e-01
    outer loop
      vertex 8.345570e+01 3.650000e+01 3.440086e+01
      vertex 7.413586e+01 4.897026e+01 5.438732e+01
      vertex 7.365280e+01 4.975326e+01 5.542326e+01
    endloop
  endfacet
  facet normal -9.063078e-01 -0.000000e+00 -4.226181e-01
    outer loop
      vertex 8.345570e+01 7.000000e+01 3.440086e+01
      vertex 8.345570e+01 3.650000e+01 3.440086e+01
      vertex 7.365280e+01 4.975326e+01 5.542326e+01
    endloop
  endfacet
  facet normal -9.063071e-01 -1.900455e-06 -4.226197e-01
    outer loop
      vertex 8.345570e+01 7.000000e+01 3.440086e+01
      vertex 7.365280e+01 4.975326e+01 5.542326e+01
      vertex 7.314126e+01 5.042745e+01 5.652026e+01
    endloop
  endfacet
  facet normal -9.063084e-01 1.983428e-06 -4.226170e-01
    outer loop
      vertex 8.345570e+01 7.000000e+01 3.440086e+01
      vertex 7.314126e+01 5.042745e+01 5.652026e+01
      vertex 7.260561e+01 5.098708e+01 5.766896e+01
    endloop
  endfacet
  facet normal -9.063083e-01 1.682291e-06 -4.226172e-01
    outer loop
      vertex 8.345570e+01 7.000000e+01 3.440086e+01
      vertex 7.260561e+01 5.098708e+01 5.766896e+01
      vertex 7.205043e+01 5.142738e+01 5.885957e+01
    endloop
  endfacet
  facet normal -9.063063e-01 -5.447998e-06 -4.226216e-01
    outer loop
      vertex 8.345570e+01 7.000000e+01 3.440086e+01
      vertex 7.205043e+01 5.142738e+01 5.885957e+01
      vertex 7.148044e+01 5.174460e+01 6.008190e+01
    endloop
  endfacet
  facet normal -9.063075e-01 0.000000e+00 -4.226189e-01
    outer loop
      vertex 8.345570e+01 7.000000e+01 3.440086e+01
      vertex 7.148044e+01 5.174460e+01 6.008190e+01
      vertex 7.090051e+01 5.193601e+01 6.132555e+01
    endloop
  endfacet
  facet normal -9.063096e-01 6.806408e-06 -4.226144e-01
    outer loop
      vertex 8.345570e+01 7.000000e+01 3.440086e+01
      vertex 7.090051e+01 5.193601e+01 6.132555e+01
      vertex 7.031561e+01 5.200000e+01 6.257991e+01
    endloop
  endfacet
  facet normal -9.063076e-01 -1.356337e-06 -4.226188e-01
    outer loop
      vertex 8.345570e+01 7.000000e+01 3.440086e+01
      vertex 7.031561e+01 5.200000e+01 6.257991e+01
      vertex 6.608942e+01 5.200000e+01 7.164298e+01
    endloop
  endfacet
  facet normal -9.063078e-01 2.427554e-07 -4.226182e-01
    outer loop
      vertex 8.345570e+01 7.000000e+01 3.440086e+01
      vertex 6.608942e+01 5.200000e+01 7.164298e+01
      vertex 5.984293e+01 7.000000e+01 8.503862e+01
    endloop
  endfacet
  facet normal -9.063098e-01 -3.746961e-06 -4.226137e-01
    outer loop
      vertex 5.984293e+01 7.000000e+01 8.503862e+01
      vertex 6.608942e+01 5.200000e+01 7.164298e+01
      vertex 6.553564e+01 5.194266e+01 7.283057e+01
    endloop
  endfacet
  facet normal -9.063081e-01 -2.958048e-07 -4.226178e-01
    outer loop
      vertex 5.984293e+01 7.000000e+01 8.503862e+01
      vertex 6.553564e+01 5.194266e+01 7.283057e+01
      vertex 6.498610e+01 5.177106e+01 7.400907e+01
    endloop
  endfacet
  facet normal -9.063078e-01 -1.423266e-07 -4.226183e-01
    outer loop
      vertex 5.984293e+01 7.000000e+01 8.503862e+01
      vertex 6.498610e+01 5.177106e+01 7.400907e+01
      vertex 6.444499e+01 5.148653e+01 7.516948e+01
    endloop
  endfacet
  facet normal -9.063068e-01 1.111436e-06 -4.226203e-01
    outer loop
      vertex 5.984293e+01 7.000000e+01 8.503862e+01
      vertex 6.444499e+01 5.148653e+01 7.516948e+01
      vertex 6.391645e+01 5.109124e+01 7.630293e+01
    endloop
  endfacet
  facet normal -9.063085e-01 -8.934354e-07 -4.226166e-01
    outer loop
      vertex 5.984293e+01 7.000000e+01 8.503862e+01
      vertex 6.391645e+01 5.109124e+01 7.630293e+01
      vertex 6.340453e+01 5.058821e+01 7.740075e+01
    endloop
  endfacet
  facet normal -9.063073e-01 2.755730e-07 -4.226192e-01
    outer loop
      vertex 5.984293e+01 7.000000e+01 8.503862e+01
      vertex 6.340453e+01 5.058821e+01 7.740075e+01
      vertex 6.291314e+01 4.998129e+01 7.845454e+01
    endloop
  endfacet
  facet normal -9.063074e-01 3.498913e-07 -4.226192e-01
    outer loop
      vertex 5.984293e+01 7.000000e+01 8.503862e+01
      vertex 6.291314e+01 4.998129e+01 7.845454e+01
      vertex 6.244603e+01 4.927512e+01 7.945626e+01
    endloop
  endfacet
  facet normal -9.063070e-01 6.125273e-07 -4.226201e-01
    outer loop
      vertex 5.984293e+01 7.000000e+01 8.503862e+01
      vertex 6.244603e+01 4.927512e+01 7.945626e+01
      vertex 6.200678e+01 4.847509e+01 8.039823e+01
    endloop
  endfacet
  facet normal -9.063084e-01 -1.882671e-07 -4.226170e-01
    outer loop
      vertex 5.984293e+01 7.000000e+01 8.503862e+01
      vertex 6.200678e+01 4.847509e+01 8.039823e+01
      vertex 6.159874e+01 4.758732e+01 8.127327e+01
    endloop
  endfacet
  facet normal -9.063075e-01 1.999893e-07 -4.226188e-01
    outer loop
      vertex 5.984293e+01 7.000000e+01 8.503862e+01
      vertex 6.159874e+01 4.758732e+01 8.127327e+01
      vertex 6.122504e+01 4.661861e+01 8.207468e+01
    endloop
  endfacet
  facet normal -9.063098e-01 -5.412216e-07 -4.226141e-01
    outer loop
      vertex 5.984293e+01 7.000000e+01 8.503862e+01
      vertex 6.122504e+01 4.661861e+01 8.207468e+01
      vertex 6.088853e+01 4.557635e+01 8.279633e+01
    endloop
  endfacet
  facet normal -9.063067e-01 1.798023e-07 -4.226205e-01
    outer loop
      vertex 5.984293e+01 7.000000e+01 8.503862e+01
      vertex 6.088853e+01 4.557635e+01 8.279633e+01
      vertex 6.059179e+01 4.446852e+01 8.343269e+01
    endloop
  endfacet
  facet normal -9.063069e-01 1.502763e-07 -4.226202e-01
    outer loop
      vertex 5.984293e+01 7.000000e+01 8.503862e+01
      vertex 6.059179e+01 4.446852e+01 8.343269e+01
      vertex 6.033708e+01 4.330359e+01 8.397892e+01
    endloop
  endfacet
  facet normal -9.063094e-01 -1.092546e-07 -4.226147e-01
    outer loop
      vertex 5.984293e+01 7.000000e+01 8.503862e+01
      vertex 6.033708e+01 4.330359e+01 8.397892e+01
      vertex 6.012635e+01 4.209047e+01 8.443083e+01
    endloop
  endfacet
  facet normal -9.063050e-01 1.414609e-07 -4.226242e-01
    outer loop
      vertex 5.984293e+01 7.000000e+01 8.503862e+01
      vertex 6.012635e+01 4.209047e+01 8.443083e+01
      vertex 5.996121e+01 4.083842e+01 8.478497e+01
    endloop
  endfacet
  facet normal -9.063112e-01 -0.000000e+00 -4.226109e-01
    outer loop
      vertex 5.984293e+01 7.000000e+01 8.503862e+01
      vertex 5.996121e+01 4.083842e+01 8.478497e+01
      vertex 5.984293e+01 3.955702e+01 8.503862e+01
    endloop
  endfacet
  facet normal -9.063078e-01 0.000000e+00 -4.226181e-01
    outer loop
      vertex 7.665488e+01 3.350000e+01 4.898529e+01
      vertex 8.345570e+01 3.350000e+01 3.440086e+01
      vertex 8.345570e+01 0.000000e+00 3.440086e+01
    endloop
  endfacet
  facet normal -9.063079e-01 -7.476626e-08 -4.226179e-01
    outer loop
      vertex 7.665488e+01 3.350000e+01 4.898529e+01
      vertex 8.345570e+01 0.000000e+00 3.440086e+01
      vertex 8.088106e+01 0.000000e+00 3.992221e+01
    endloop
  endfacet
  facet normal -9.063073e-01 4.137502e-07 -4.226193e-01
    outer loop
      vertex 7.665488e+01 3.350000e+01 4.898529e+01
      vertex 8.088106e+01 0.000000e+00 3.992221e+01
      vertex 8.040788e+01 6.287790e-02 4.093695e+01
    endloop
  endfacet
  facet normal -9.063081e-01 -1.621029e-07 -4.226176e-01
    outer loop
      vertex 7.665488e+01 3.350000e+01 4.898529e+01
      vertex 8.040788e+01 6.287790e-02 4.093695e+01
      vertex 7.994064e+01 2.507209e-01 4.193894e+01
    endloop
  endfacet
  facet normal -9.063074e-01 2.854018e-07 -4.226191e-01
    outer loop
      vertex 7.665488e+01 3.350000e+01 4.898529e+01
      vertex 7.994064e+01 2.507209e-01 4.193894e+01
      vertex 7.948524e+01 5.611667e-01 4.291556e+01
    endloop
  endfacet
  facet normal -9.063081e-01 -9.154676e-08 -4.226177e-01
    outer loop
      vertex 7.665488e+01 3.350000e+01 4.898529e+01
      vertex 7.948524e+01 5.611667e-01 4.291556e+01
      vertex 7.904739e+01 9.903113e-01 4.385453e+01
    endloop
  endfacet
  facet normal -9.063069e-01 3.968563e-07 -4.226201e-01
    outer loop
      vertex 7.665488e+01 3.350000e+01 4.898529e+01
      vertex 7.904739e+01 9.903113e-01 4.385453e+01
      vertex 7.863259e+01 1.532758e+00 4.474406e+01
    endloop
  endfacet
  facet normal -9.063097e-01 -5.460034e-07 -4.226141e-01
    outer loop
      vertex 7.665488e+01 3.350000e+01 4.898529e+01
      vertex 7.863259e+01 1.532758e+00 4.474406e+01
      vertex 7.824608e+01 2.181685e+00 4.557295e+01
    endloop
  endfacet
  facet normal -9.063052e-01 7.140098e-07 -4.226238e-01
    outer loop
      vertex 7.665488e+01 3.350000e+01 4.898529e+01
      vertex 7.824608e+01 2.181685e+00 4.557295e+01
      vertex 7.789269e+01 2.928932e+00 4.633078e+01
    endloop
  endfacet
  facet normal -9.063099e-01 -3.507021e-07 -4.226138e-01
    outer loop
      vertex 7.665488e+01 3.350000e+01 4.898529e+01
      vertex 7.789269e+01 2.928932e+00 4.633078e+01
      vertex 7.757690e+01 3.765102e+00 4.700801e+01
    endloop
  endfacet
  facet normal -9.063102e-01 -4.065397e-07 -4.226130e-01
    outer loop
      vertex 7.665488e+01 3.350000e+01 4.898529e+01
      vertex 7.757690e+01 3.765102e+00 4.700801e+01
      vertex 7.730265e+01 4.679679e+00 4.759614e+01
    endloop
  endfacet
  facet normal -9.063074e-01 -5.484147e-08 -4.226190e-01
    outer loop
      vertex 7.665488e+01 3.350000e+01 4.898529e+01
      vertex 7.730265e+01 4.679679e+00 4.759614e+01
      vertex 7.707340e+01 5.661162e+00 4.808776e+01
    endloop
  endfacet
  facet normal -9.063054e-01 1.187088e-07 -4.226234e-01
    outer loop
      vertex 7.665488e+01 3.350000e+01 4.898529e+01
      vertex 7.707340e+01 5.661162e+00 4.808776e+01
      vertex 7.689204e+01 6.697209e+00 4.847670e+01
    endloop
  endfacet
  facet normal -9.063050e-01 1.375952e-07 -4.226242e-01
    outer loop
      vertex 7.665488e+01 3.350000e+01 4.898529e+01
      vertex 7.689204e+01 6.697209e+00 4.847670e+01
      vertex 7.676083e+01 7.774791e+00 4.875806e+01
    endloop
  endfacet
  facet normal -9.063107e-01 6.235993e-09 -4.226120e-01
    outer loop
      vertex 7.665488e+01 3.350000e+01 4.898529e+01
      vertex 7.676083e+01 7.774791e+00 4.875806e+01
      vertex 7.668145e+01 8.880355e+00 4.892830e+01
    endloop
  endfacet
  facet normal -9.063117e-01 -0.000000e+00 -4.226098e-01
    outer loop
      vertex 7.665488e+01 3.350000e+01 4.898529e+01
      vertex 7.668145e+01 8.880355e+00 4.892830e+01
      vertex 7.665488e+01 1.000000e+01 4.898529e+01
    endloop
  endfacet
  facet normal -5.715193e-01 3.782259e-04 -8.205886e-01
    outer loop
      vertex 8.482963e+01 3.350000e+01 3.263717e+01
      vertex 8.544579e+01 3.350000e+01 3.220803e+01
      vertex 8.523070e+01 1.215449e-01 3.234245e+01
    endloop
  endfacet
  facet normal -5.008655e-01 -2.580247e-04 -8.655251e-01
    outer loop
      vertex 8.574341e+01 2.566663e-01 3.204571e+01
      vertex 8.523070e+01 1.215449e-01 3.234245e+01
      vertex 8.544579e+01 3.350000e+01 3.220803e+01
    endloop
  endfacet
  facet normal -4.421912e-01 4.205744e-04 -8.969207e-01
    outer loop
      vertex 8.544579e+01 3.350000e+01 3.220803e+01
      vertex 8.611926e+01 3.350000e+01 3.187600e+01
      vertex 8.574341e+01 2.566663e-01 3.204571e+01
    endloop
  endfacet
  facet normal -3.937957e-01 -2.403224e-04 -9.191979e-01
    outer loop
      vertex 8.574341e+01 2.566663e-01 3.204571e+01
      vertex 8.611926e+01 3.350000e+01 3.187600e+01
      vertex 8.629970e+01 4.317498e-01 3.180734e+01
    endloop
  endfacet
  facet normal -8.710024e-01 0.000000e+00 -4.912787e-01
    outer loop
      vertex 8.345570e+01 0.000000e+00 3.440086e+01
      vertex 8.345570e+01 3.350000e+01 3.440086e+01
      vertex 8.383469e+01 0.000000e+00 3.372895e+01
    endloop
  endfacet
  facet normal -8.720144e-01 -4.751834e-05 -4.894803e-01
    outer loop
      vertex 8.383469e+01 0.000000e+00 3.372895e+01
      vertex 8.345570e+01 3.350000e+01 3.440086e+01
      vertex 8.382324e+01 3.350000e+01 3.374609e+01
    endloop
  endfacet
  facet normal -7.850705e-01 4.864168e-05 -6.194065e-01
    outer loop
      vertex 8.383469e+01 0.000000e+00 3.372895e+01
      vertex 8.382324e+01 3.350000e+01 3.374609e+01
      vertex 8.431251e+01 0.000000e+00 3.312334e+01
    endloop
  endfacet
  facet normal -7.888845e-01 -9.749995e-05 -6.145415e-01
    outer loop
      vertex 8.431251e+01 0.000000e+00 3.312334e+01
      vertex 8.382324e+01 3.350000e+01 3.374609e+01
      vertex 8.428468e+01 3.350000e+01 3.315374e+01
    endloop
  endfacet
  facet normal -6.924679e-01 7.960582e-05 -7.214486e-01
    outer loop
      vertex 8.431251e+01 0.000000e+00 3.312334e+01
      vertex 8.428468e+01 3.350000e+01 3.315374e+01
      vertex 8.475011e+01 3.209125e-02 3.270332e+01
    endloop
  endfacet
  facet normal -6.879605e-01 2.001532e-04 -7.257481e-01
    outer loop
      vertex 8.475011e+01 3.209125e-02 3.270332e+01
      vertex 8.428468e+01 3.350000e+01 3.315374e+01
      vertex 8.482963e+01 3.350000e+01 3.263717e+01
    endloop
  endfacet
  facet normal -6.004365e-01 -1.539218e-04 -7.996724e-01
    outer loop
      vertex 8.475011e+01 3.209125e-02 3.270332e+01
      vertex 8.482963e+01 3.350000e+01 3.263717e+01
      vertex 8.523070e+01 1.215449e-01 3.234245e+01
    endloop
  endfacet
  facet normal -2.807021e-01 4.610523e-04 -9.597949e-01
    outer loop
      vertex 8.629970e+01 4.317498e-01 3.180734e+01
      vertex 8.611926e+01 3.350000e+01 3.187600e+01
      vertex 8.687426e+01 6.288377e-01 3.163940e+01
    endloop
  endfacet
  facet normal -3.028935e-01 -9.737978e-05 -9.530243e-01
    outer loop
      vertex 8.687426e+01 6.288377e-01 3.163940e+01
      vertex 8.611926e+01 3.350000e+01 3.187600e+01
      vertex 8.683486e+01 3.350000e+01 3.164857e+01
    endloop
  endfacet
  facet normal -1.641379e-01 7.824157e-05 -9.864374e-01
    outer loop
      vertex 8.687426e+01 6.288377e-01 3.163940e+01
      vertex 8.683486e+01 3.350000e+01 3.164857e+01
      vertex 8.746202e+01 8.338043e-01 3.154162e+01
    endloop
  endfacet
  facet normal -1.567603e-01 2.238115e-04 -9.876367e-01
    outer loop
      vertex 8.746202e+01 8.338043e-01 3.154162e+01
      vertex 8.683486e+01 3.350000e+01 3.164857e+01
      vertex 8.757645e+01 3.350000e+01 3.153086e+01
    endloop
  endfacet
  facet normal -6.199757e-02 -1.115692e-04 -9.980763e-01
    outer loop
      vertex 8.746202e+01 8.338043e-01 3.154162e+01
      vertex 8.757645e+01 3.350000e+01 3.153086e+01
      vertex 8.789272e+01 9.782999e-01 3.151485e+01
    endloop
  endfacet
  facet normal 2.457475e-02 0.000000e+00 -9.996980e-01
    outer loop
      vertex 8.832730e+01 1.112834e+00 3.152553e+01
      vertex 8.789272e+01 9.782999e-01 3.151485e+01
      vertex 8.832730e+01 3.350000e+01 3.152553e+01
    endloop
  endfacet
  facet normal -7.094703e-03 4.232880e-04 -9.999747e-01
    outer loop
      vertex 8.832730e+01 3.350000e+01 3.152553e+01
      vertex 8.789272e+01 9.782999e-01 3.151485e+01
      vertex 8.757645e+01 3.350000e+01 3.153086e+01
    endloop
  endfacet
  facet normal -5.715193e-01 -3.782259e-04 -8.205886e-01
    outer loop
      vertex 8.482963e+01 3.650000e+01 3.263717e+01
      vertex 8.523070e+01 6.987846e+01 3.234245e+01
      vertex 8.544579e+01 3.650000e+01 3.220803e+01
    endloop
  endfacet
  facet normal -5.008655e-01 2.580247e-04 -8.655251e-01
    outer loop
      vertex 8.544579e+01 3.650000e+01 3.220803e+01
      vertex 8.523070e+01 6.987846e+01 3.234245e+01
      vertex 8.574341e+01 6.974333e+01 3.204571e+01
    endloop
  endfacet
  facet normal -4.421912e-01 -4.205744e-04 -8.969207e-01
    outer loop
      vertex 8.544579e+01 3.650000e+01 3.220803e+01
      vertex 8.574341e+01 6.974333e+01 3.204571e+01
      vertex 8.611926e+01 3.650000e+01 3.187600e+01
    endloop
  endfacet
  facet normal -3.937956e-01 2.403224e-04 -9.191980e-01
    outer loop
      vertex 8.574341e+01 6.974333e+01 3.204571e+01
      vertex 8.629970e+01 6.956825e+01 3.180734e+01
      vertex 8.611926e+01 3.650000e+01 3.187600e+01
    endloop
  endfacet
  facet normal -8.720144e-01 0.000000e+00 -4.894803e-01
    outer loop
      vertex 8.345570e+01 3.650000e+01 3.440086e+01
      vertex 8.345570e+01 7.000000e+01 3.440086e+01
      vertex 8.382324e+01 3.650000e+01 3.374609e+01
    endloop
  endfacet
  facet normal -8.710024e-01 4.625277e-05 -4.912787e-01
    outer loop
      vertex 8.382324e+01 3.650000e+01 3.374609e+01
      vertex 8.345570e+01 7.000000e+01 3.440086e+01
      vertex 8.383469e+01 7.000000e+01 3.372895e+01
    endloop
  endfacet
  facet normal -7.888845e-01 -4.485027e-05 -6.145415e-01
    outer loop
      vertex 8.382324e+01 3.650000e+01 3.374609e+01
      vertex 8.383469e+01 7.000000e+01 3.372895e+01
      vertex 8.428468e+01 3.650000e+01 3.315374e+01
    endloop
  endfacet
  facet normal -7.850705e-01 8.991690e-05 -6.194065e-01
    outer loop
      vertex 8.428468e+01 3.650000e+01 3.315374e+01
      vertex 8.383469e+01 7.000000e+01 3.372895e+01
      vertex 8.431251e+01 7.000000e+01 3.312334e+01
    endloop
  endfacet
  facet normal -6.879605e-01 -8.725170e-05 -7.257481e-01
    outer loop
      vertex 8.428468e+01 3.650000e+01 3.315374e+01
      vertex 8.431251e+01 7.000000e+01 3.312334e+01
      vertex 8.482963e+01 3.650000e+01 3.263717e+01
    endloop
  endfacet
  facet normal -6.924733e-01 -2.193841e-04 -7.214435e-01
    outer loop
      vertex 8.482963e+01 3.650000e+01 3.263717e+01
      vertex 8.431251e+01 7.000000e+01 3.312334e+01
      vertex 8.475011e+01 6.996791e+01 3.270332e+01
    endloop
  endfacet
  facet normal -6.004365e-01 1.539218e-04 -7.996724e-01
    outer loop
      vertex 8.482963e+01 3.650000e+01 3.263717e+01
      vertex 8.475011e+01 6.996791e+01 3.270332e+01
      vertex 8.523070e+01 6.987846e+01 3.234245e+01
    endloop
  endfacet
  facet normal -3.028935e-01 -3.259096e-04 -9.530244e-01
    outer loop
      vertex 8.611926e+01 3.650000e+01 3.187600e+01
      vertex 8.629970e+01 6.956825e+01 3.180734e+01
      vertex 8.683486e+01 3.650000e+01 3.164857e+01
    endloop
  endfacet
  facet normal -2.805347e-01 6.868040e-05 -9.598438e-01
    outer loop
      vertex 8.683486e+01 3.650000e+01 3.164857e+01
      vertex 8.629970e+01 6.956825e+01 3.180734e+01
      vertex 8.687426e+01 6.937116e+01 3.163940e+01
    endloop
  endfacet
  facet normal -1.567603e-01 -8.741845e-05 -9.876366e-01
    outer loop
      vertex 8.683486e+01 3.650000e+01 3.164857e+01
      vertex 8.687426e+01 6.937116e+01 3.163940e+01
      vertex 8.757645e+01 3.650000e+01 3.153086e+01
    endloop
  endfacet
  facet normal -1.641963e-01 -2.502571e-04 -9.864276e-01
    outer loop
      vertex 8.757645e+01 3.650000e+01 3.153086e+01
      vertex 8.687426e+01 6.937116e+01 3.163940e+01
      vertex 8.746202e+01 6.916620e+01 3.154162e+01
    endloop
  endfacet
  facet normal -6.199757e-02 1.115692e-04 -9.980764e-01
    outer loop
      vertex 8.757645e+01 3.650000e+01 3.153086e+01
      vertex 8.746202e+01 6.916620e+01 3.154162e+01
      vertex 8.789272e+01 6.902170e+01 3.151485e+01
    endloop
  endfacet
  facet normal 2.457475e-02 0.000000e+00 -9.996980e-01
    outer loop
      vertex 8.832730e+01 6.888717e+01 3.152553e+01
      vertex 8.832730e+01 3.650000e+01 3.152553e+01
      vertex 8.789272e+01 6.902170e+01 3.151485e+01
    endloop
  endfacet
  facet normal -7.094703e-03 -4.232880e-04 -9.999747e-01
    outer loop
      vertex 8.789272e+01 6.902170e+01 3.151485e+01
      vertex 8.832730e+01 3.650000e+01 3.152553e+01
      vertex 8.757645e+01 3.650000e+01 3.153086e+01
    endloop
  endfacet
  facet normal 9.063078e-01 0.000000e+00 4.226184e-01
    outer loop
      vertex 8.541260e+01 0.000000e+00 4.203531e+01
      vertex 8.819855e+01 0.000000e+00 3.606080e+01
      vertex 8.819855e+01 3.350000e+01 3.606080e+01
    endloop
  endfacet
  facet normal 9.063078e-01 -2.745194e-08 4.226183e-01
    outer loop
      vertex 8.541260e+01 0.000000e+00 4.203531e+01
      vertex 8.819855e+01 3.350000e+01 3.606080e+01
      vertex 8.118642e+01 3.350000e+01 5.109838e+01
    endloop
  endfacet
  facet normal 9.063078e-01 0.000000e+00 4.226182e-01
    outer loop
      vertex 8.541260e+01 0.000000e+00 4.203531e+01
      vertex 8.118642e+01 3.350000e+01 5.109838e+01
      vertex 8.118642e+01 1.000000e+01 5.109838e+01
    endloop
  endfacet
  facet normal 9.063083e-01 7.219543e-07 4.226173e-01
    outer loop
      vertex 8.541260e+01 0.000000e+00 4.203531e+01
      vertex 8.118642e+01 1.000000e+01 5.109838e+01
      vertex 8.121299e+01 8.880355e+00 5.104140e+01
    endloop
  endfacet
  facet normal 9.063067e-01 -3.275123e-06 4.226206e-01
    outer loop
      vertex 8.541260e+01 0.000000e+00 4.203531e+01
      vertex 8.121299e+01 8.880355e+00 5.104140e+01
      vertex 8.129237e+01 7.774791e+00 5.087115e+01
    endloop
  endfacet
  facet normal 9.063085e-01 2.357088e-06 4.226167e-01
    outer loop
      vertex 8.541260e+01 0.000000e+00 4.203531e+01
      vertex 8.129237e+01 7.774791e+00 5.087115e+01
      vertex 8.142358e+01 6.697209e+00 5.058979e+01
    endloop
  endfacet
  facet normal 9.063059e-01 -6.076973e-06 4.226223e-01
    outer loop
      vertex 8.541260e+01 0.000000e+00 4.203531e+01
      vertex 8.142358e+01 6.697209e+00 5.058979e+01
      vertex 8.160493e+01 5.661162e+00 5.020086e+01
    endloop
  endfacet
  facet normal 9.063076e-01 3.304496e-07 4.226186e-01
    outer loop
      vertex 8.541260e+01 0.000000e+00 4.203531e+01
      vertex 8.160493e+01 5.661162e+00 5.020086e+01
      vertex 8.183418e+01 4.679679e+00 4.970923e+01
    endloop
  endfacet
  facet normal 9.063096e-01 8.509215e-06 4.226144e-01
    outer loop
      vertex 8.541260e+01 0.000000e+00 4.203531e+01
      vertex 8.183418e+01 4.679679e+00 4.970923e+01
      vertex 8.210844e+01 3.765102e+00 4.912111e+01
    endloop
  endfacet
  facet normal 9.063058e-01 -1.024362e-05 4.226226e-01
    outer loop
      vertex 8.541260e+01 0.000000e+00 4.203531e+01
      vertex 8.210844e+01 3.765102e+00 4.912111e+01
      vertex 8.242423e+01 2.928932e+00 4.844387e+01
    endloop
  endfacet
  facet normal 9.063094e-01 1.076556e-05 4.226148e-01
    outer loop
      vertex 8.541260e+01 0.000000e+00 4.203531e+01
      vertex 8.242423e+01 2.928932e+00 4.844387e+01
      vertex 8.277762e+01 2.181685e+00 4.768604e+01
    endloop
  endfacet
  facet normal 9.063063e-01 -1.069622e-05 4.226215e-01
    outer loop
      vertex 8.541260e+01 0.000000e+00 4.203531e+01
      vertex 8.277762e+01 2.181685e+00 4.768604e+01
      vertex 8.316413e+01 1.532758e+00 4.685715e+01
    endloop
  endfacet
  facet normal 9.063082e-01 5.522100e-06 4.226174e-01
    outer loop
      vertex 8.541260e+01 0.000000e+00 4.203531e+01
      vertex 8.316413e+01 1.532758e+00 4.685715e+01
      vertex 8.357893e+01 9.903113e-01 4.596762e+01
    endloop
  endfacet
  facet normal 9.063073e-01 -5.133535e-06 4.226194e-01
    outer loop
      vertex 8.541260e+01 0.000000e+00 4.203531e+01
      vertex 8.357893e+01 9.903113e-01 4.596762e+01
      vertex 8.401678e+01 5.611667e-01 4.502865e+01
    endloop
  endfacet
  facet normal 9.063078e-01 2.267227e-06 4.226183e-01
    outer loop
      vertex 8.541260e+01 0.000000e+00 4.203531e+01
      vertex 8.401678e+01 5.611667e-01 4.502865e+01
      vertex 8.447218e+01 2.507209e-01 4.405203e+01
    endloop
  endfacet
  facet normal 9.063069e-01 -1.820296e-05 4.226204e-01
    outer loop
      vertex 8.541260e+01 0.000000e+00 4.203531e+01
      vertex 8.447218e+01 2.507209e-01 4.405203e+01
      vertex 8.493941e+01 6.287790e-02 4.305005e+01
    endloop
  endfacet
  facet normal 9.063091e-01 -1.827274e-07 4.226156e-01
    outer loop
      vertex 6.428168e+01 3.700000e+01 8.735069e+01
      vertex 6.335966e+01 3.765102e+00 8.932797e+01
      vertex 6.363391e+01 4.679679e+00 8.873985e+01
    endloop
  endfacet
  facet normal 9.063074e-01 3.718863e-09 4.226191e-01
    outer loop
      vertex 6.428168e+01 3.700000e+01 8.735069e+01
      vertex 6.363391e+01 4.679679e+00 8.873985e+01
      vertex 6.386316e+01 5.661162e+00 8.824822e+01
    endloop
  endfacet
  facet normal 9.063070e-01 3.238612e-08 4.226198e-01
    outer loop
      vertex 6.428168e+01 3.700000e+01 8.735069e+01
      vertex 6.386316e+01 5.661162e+00 8.824822e+01
      vertex 6.404453e+01 6.697209e+00 8.785928e+01
    endloop
  endfacet
  facet normal 9.063026e-01 2.234506e-07 4.226292e-01
    outer loop
      vertex 6.428168e+01 3.700000e+01 8.735069e+01
      vertex 6.404453e+01 6.697209e+00 8.785928e+01
      vertex 6.417573e+01 7.774791e+00 8.757793e+01
    endloop
  endfacet
  facet normal 9.063182e-01 -9.156530e-08 4.225959e-01
    outer loop
      vertex 6.428168e+01 3.700000e+01 8.735069e+01
      vertex 6.417573e+01 7.774791e+00 8.757793e+01
      vertex 6.425511e+01 8.880355e+00 8.740768e+01
    endloop
  endfacet
  facet normal 9.063008e-01 0.000000e+00 4.226330e-01
    outer loop
      vertex 6.428168e+01 3.700000e+01 8.735069e+01
      vertex 6.425511e+01 8.880355e+00 8.740768e+01
      vertex 6.428168e+01 1.000000e+01 8.735069e+01
    endloop
  endfacet
  facet normal 9.063086e-01 -1.135472e-07 4.226167e-01
    outer loop
      vertex 6.430872e+01 3.838403e+01 8.729270e+01
      vertex 6.188918e+01 9.903113e-01 9.248145e+01
      vertex 6.230397e+01 1.532758e+00 9.159193e+01
    endloop
  endfacet
  facet normal 9.063094e-01 -4.048216e-07 4.226146e-01
    outer loop
      vertex 6.430872e+01 3.838403e+01 8.729270e+01
      vertex 6.230397e+01 1.532758e+00 9.159193e+01
      vertex 6.269048e+01 2.181685e+00 9.076303e+01
    endloop
  endfacet
  facet normal 9.063054e-01 6.262767e-07 4.226234e-01
    outer loop
      vertex 6.430872e+01 3.838403e+01 8.729270e+01
      vertex 6.269048e+01 2.181685e+00 9.076303e+01
      vertex 6.304387e+01 2.928932e+00 9.000521e+01
    endloop
  endfacet
  facet normal 9.063088e-01 -3.975101e-08 4.226162e-01
    outer loop
      vertex 6.430872e+01 3.838403e+01 8.729270e+01
      vertex 6.304387e+01 2.928932e+00 9.000521e+01
      vertex 6.335966e+01 3.765102e+00 8.932797e+01
    endloop
  endfacet
  facet normal 9.062642e-01 6.787407e-06 4.227118e-01
    outer loop
      vertex 6.430872e+01 3.838403e+01 8.729270e+01
      vertex 6.335966e+01 3.765102e+00 8.932797e+01
      vertex 6.428168e+01 3.700000e+01 8.735069e+01
    endloop
  endfacet
  facet normal 9.062949e-01 9.331379e-06 4.226461e-01
    outer loop
      vertex 6.438963e+01 3.975624e+01 8.711922e+01
      vertex 6.452368e+01 4.110495e+01 8.683173e+01
      vertex 5.927302e+01 0.000000e+00 9.809181e+01
    endloop
  endfacet
  facet normal 9.063079e-01 -1.554711e-07 4.226180e-01
    outer loop
      vertex 6.438963e+01 3.975624e+01 8.711922e+01
      vertex 5.927302e+01 0.000000e+00 9.809181e+01
      vertex 6.005550e+01 0.000000e+00 9.641377e+01
    endloop
  endfacet
  facet normal 9.063084e-01 -5.217485e-07 4.226170e-01
    outer loop
      vertex 6.438963e+01 3.975624e+01 8.711922e+01
      vertex 6.005550e+01 0.000000e+00 9.641377e+01
      vertex 6.052868e+01 6.287790e-02 9.539902e+01
    endloop
  endfacet
  facet normal 9.063069e-01 4.070962e-07 4.226201e-01
    outer loop
      vertex 6.438963e+01 3.975624e+01 8.711922e+01
      vertex 6.052868e+01 6.287790e-02 9.539902e+01
      vertex 6.099591e+01 2.507209e-01 9.439705e+01
    endloop
  endfacet
  facet normal 9.063083e-01 -1.903655e-07 4.226173e-01
    outer loop
      vertex 6.438963e+01 3.975624e+01 8.711922e+01
      vertex 6.099591e+01 2.507209e-01 9.439705e+01
      vertex 6.145132e+01 5.611667e-01 9.342043e+01
    endloop
  endfacet
  facet normal 9.063059e-01 7.097276e-07 4.226223e-01
    outer loop
      vertex 6.438963e+01 3.975624e+01 8.711922e+01
      vertex 6.145132e+01 5.611667e-01 9.342043e+01
      vertex 6.188918e+01 9.903113e-01 9.248145e+01
    endloop
  endfacet
  facet normal 9.064112e-01 -3.734860e-05 4.223965e-01
    outer loop
      vertex 6.438963e+01 3.975624e+01 8.711922e+01
      vertex 6.188918e+01 9.903113e-01 9.248145e+01
      vertex 6.430872e+01 3.838403e+01 8.729270e+01
    endloop
  endfacet
  facet normal 9.063078e-01 0.000000e+00 4.226182e-01
    outer loop
      vertex 5.927302e+01 7.000000e+01 9.809181e+01
      vertex 5.927302e+01 0.000000e+00 9.809181e+01
      vertex 6.452368e+01 4.110495e+01 8.683173e+01
    endloop
  endfacet
  facet normal 9.063070e-01 -6.567137e-07 4.226200e-01
    outer loop
      vertex 5.927302e+01 7.000000e+01 9.809181e+01
      vertex 6.452368e+01 4.110495e+01 8.683173e+01
      vertex 6.470976e+01 4.241862e+01 8.643268e+01
    endloop
  endfacet
  facet normal 9.063082e-01 4.807348e-07 4.226173e-01
    outer loop
      vertex 5.927302e+01 7.000000e+01 9.809181e+01
      vertex 6.470976e+01 4.241862e+01 8.643268e+01
      vertex 6.494627e+01 4.368608e+01 8.592548e+01
    endloop
  endfacet
  facet normal 9.063070e-01 -8.978626e-07 4.226199e-01
    outer loop
      vertex 5.927302e+01 7.000000e+01 9.809181e+01
      vertex 6.494627e+01 4.368608e+01 8.592548e+01
      vertex 6.523120e+01 4.489648e+01 8.531445e+01
    endloop
  endfacet
  facet normal 9.063081e-01 4.265690e-07 4.226177e-01
    outer loop
      vertex 5.927302e+01 7.000000e+01 9.809181e+01
      vertex 6.523120e+01 4.489648e+01 8.531445e+01
      vertex 6.556211e+01 4.603952e+01 8.460481e+01
    endloop
  endfacet
  facet normal 9.063076e-01 -2.058101e-07 4.226186e-01
    outer loop
      vertex 5.927302e+01 7.000000e+01 9.809181e+01
      vertex 6.556211e+01 4.603952e+01 8.460481e+01
      vertex 6.593618e+01 4.710543e+01 8.380262e+01
    endloop
  endfacet
  facet normal 9.063077e-01 -2.014304e-07 4.226186e-01
    outer loop
      vertex 5.927302e+01 7.000000e+01 9.809181e+01
      vertex 6.593618e+01 4.710543e+01 8.380262e+01
      vertex 6.635022e+01 4.808513e+01 8.291471e+01
    endloop
  endfacet
  facet normal 9.063092e-01 2.597633e-06 4.226152e-01
    outer loop
      vertex 5.927302e+01 7.000000e+01 9.809181e+01
      vertex 6.635022e+01 4.808513e+01 8.291471e+01
      vertex 6.680069e+01 4.897026e+01 8.194866e+01
    endloop
  endfacet
  facet normal 9.063073e-01 -1.205130e-06 4.226193e-01
    outer loop
      vertex 5.927302e+01 7.000000e+01 9.809181e+01
      vertex 6.680069e+01 4.897026e+01 8.194866e+01
      vertex 6.728376e+01 4.975326e+01 8.091272e+01
    endloop
  endfacet
  facet normal 9.063069e-01 -2.046176e-06 4.226200e-01
    outer loop
      vertex 5.927302e+01 7.000000e+01 9.809181e+01
      vertex 6.728376e+01 4.975326e+01 8.091272e+01
      vertex 6.779530e+01 5.042745e+01 7.981572e+01
    endloop
  endfacet
  facet normal 9.063089e-01 2.959376e-06 4.226158e-01
    outer loop
      vertex 5.927302e+01 7.000000e+01 9.809181e+01
      vertex 6.779530e+01 5.042745e+01 7.981572e+01
      vertex 6.833095e+01 5.098708e+01 7.866702e+01
    endloop
  endfacet
  facet normal 9.063079e-01 8.867844e-07 4.226180e-01
    outer loop
      vertex 5.927302e+01 7.000000e+01 9.809181e+01
      vertex 6.833095e+01 5.098708e+01 7.866702e+01
      vertex 6.888613e+01 5.142738e+01 7.747642e+01
    endloop
  endfacet
  facet normal 9.063061e-01 -5.202214e-06 4.226217e-01
    outer loop
      vertex 5.927302e+01 7.000000e+01 9.809181e+01
      vertex 6.888613e+01 5.142738e+01 7.747642e+01
      vertex 6.945612e+01 5.174460e+01 7.625408e+01
    endloop
  endfacet
  facet normal 9.063095e-01 5.144131e-06 4.226145e-01
    outer loop
      vertex 5.927302e+01 7.000000e+01 9.809181e+01
      vertex 6.945612e+01 5.174460e+01 7.625408e+01
      vertex 7.003604e+01 5.193601e+01 7.501043e+01
    endloop
  endfacet
  facet normal 9.063078e-01 0.000000e+00 4.226182e-01
    outer loop
      vertex 5.927302e+01 7.000000e+01 9.809181e+01
      vertex 7.003604e+01 5.193601e+01 7.501043e+01
      vertex 7.062096e+01 5.200000e+01 7.375607e+01
    endloop
  endfacet
  facet normal 9.063077e-01 -3.390844e-07 4.226184e-01
    outer loop
      vertex 5.927302e+01 7.000000e+01 9.809181e+01
      vertex 7.062096e+01 5.200000e+01 7.375607e+01
      vertex 7.484714e+01 5.200000e+01 6.469300e+01
    endloop
  endfacet
  facet normal 9.063078e-01 -1.486263e-07 4.226183e-01
    outer loop
      vertex 5.927302e+01 7.000000e+01 9.809181e+01
      vertex 7.484714e+01 5.200000e+01 6.469300e+01
      vertex 8.819855e+01 7.000000e+01 3.606080e+01
    endloop
  endfacet
  facet normal 9.063080e-01 -1.133049e-06 4.226178e-01
    outer loop
      vertex 8.819855e+01 7.000000e+01 3.606080e+01
      vertex 7.484714e+01 5.200000e+01 6.469300e+01
      vertex 7.543205e+01 5.193601e+01 6.343864e+01
    endloop
  endfacet
  facet normal 9.063070e-01 1.996574e-06 4.226199e-01
    outer loop
      vertex 8.819855e+01 7.000000e+01 3.606080e+01
      vertex 7.543205e+01 5.193601e+01 6.343864e+01
      vertex 7.601198e+01 5.174460e+01 6.219500e+01
    endloop
  endfacet
  facet normal 9.063080e-01 -1.807472e-06 4.226177e-01
    outer loop
      vertex 8.819855e+01 7.000000e+01 3.606080e+01
      vertex 7.601198e+01 5.174460e+01 6.219500e+01
      vertex 7.658196e+01 5.142738e+01 6.097266e+01
    endloop
  endfacet
  facet normal 9.063069e-01 2.508213e-06 4.226201e-01
    outer loop
      vertex 8.819855e+01 7.000000e+01 3.606080e+01
      vertex 7.658196e+01 5.142738e+01 6.097266e+01
      vertex 7.713715e+01 5.098708e+01 5.978205e+01
    endloop
  endfacet
  facet normal 9.063081e-01 -7.876426e-07 4.226176e-01
    outer loop
      vertex 8.819855e+01 7.000000e+01 3.606080e+01
      vertex 7.713715e+01 5.098708e+01 5.978205e+01
      vertex 7.767280e+01 5.042745e+01 5.863336e+01
    endloop
  endfacet
  facet normal 9.063073e-01 1.130776e-06 4.226193e-01
    outer loop
      vertex 8.819855e+01 7.000000e+01 3.606080e+01
      vertex 7.767280e+01 5.042745e+01 5.863336e+01
      vertex 7.818434e+01 4.975326e+01 5.753635e+01
    endloop
  endfacet
  facet normal 9.063086e-01 -2.561647e-06 4.226165e-01
    outer loop
      vertex 8.819855e+01 7.000000e+01 3.606080e+01
      vertex 7.818434e+01 4.975326e+01 5.753635e+01
      vertex 7.866740e+01 4.897026e+01 5.650041e+01
    endloop
  endfacet
  facet normal 9.063076e-01 7.201307e-07 4.226188e-01
    outer loop
      vertex 8.819855e+01 7.000000e+01 3.606080e+01
      vertex 7.866740e+01 4.897026e+01 5.650041e+01
      vertex 7.911788e+01 4.808513e+01 5.553436e+01
    endloop
  endfacet
  facet normal 9.063076e-01 3.588575e-07 4.226186e-01
    outer loop
      vertex 8.819855e+01 7.000000e+01 3.606080e+01
      vertex 7.911788e+01 4.808513e+01 5.553436e+01
      vertex 7.953192e+01 4.710543e+01 5.464645e+01
    endloop
  endfacet
  facet normal 9.063078e-01 3.622420e-07 4.226183e-01
    outer loop
      vertex 8.819855e+01 7.000000e+01 3.606080e+01
      vertex 7.953192e+01 4.710543e+01 5.464645e+01
      vertex 7.990599e+01 4.603952e+01 5.384426e+01
    endloop
  endfacet
  facet normal 9.063076e-01 3.704525e-07 4.226185e-01
    outer loop
      vertex 8.819855e+01 7.000000e+01 3.606080e+01
      vertex 7.990599e+01 4.603952e+01 5.384426e+01
      vertex 8.023690e+01 4.489648e+01 5.313462e+01
    endloop
  endfacet
  facet normal 9.063076e-01 3.840885e-07 4.226187e-01
    outer loop
      vertex 8.819855e+01 7.000000e+01 3.606080e+01
      vertex 8.023690e+01 4.489648e+01 5.313462e+01
      vertex 8.052183e+01 4.368608e+01 5.252360e+01
    endloop
  endfacet
  facet normal 9.063080e-01 -4.042163e-07 4.226179e-01
    outer loop
      vertex 8.819855e+01 7.000000e+01 3.606080e+01
      vertex 8.052183e+01 4.368608e+01 5.252360e+01
      vertex 8.075834e+01 4.241862e+01 5.201640e+01
    endloop
  endfacet
  facet normal 9.063072e-01 8.652196e-07 4.226196e-01
    outer loop
      vertex 8.819855e+01 7.000000e+01 3.606080e+01
      vertex 8.075834e+01 4.241862e+01 5.201640e+01
      vertex 8.094442e+01 4.110495e+01 5.161735e+01
    endloop
  endfacet
  facet normal 9.063087e-01 -1.416528e-06 4.226164e-01
    outer loop
      vertex 8.819855e+01 7.000000e+01 3.606080e+01
      vertex 8.094442e+01 4.110495e+01 5.161735e+01
      vertex 8.107848e+01 3.975624e+01 5.132986e+01
    endloop
  endfacet
  facet normal 9.063081e-01 -5.278471e-07 4.226176e-01
    outer loop
      vertex 8.819855e+01 7.000000e+01 3.606080e+01
      vertex 8.107848e+01 3.975624e+01 5.132986e+01
      vertex 8.115937e+01 3.838403e+01 5.115638e+01
    endloop
  endfacet
  facet normal 9.063064e-01 1.825530e-06 4.226212e-01
    outer loop
      vertex 8.819855e+01 7.000000e+01 3.606080e+01
      vertex 8.115937e+01 3.838403e+01 5.115638e+01
      vertex 8.118642e+01 3.700000e+01 5.109838e+01
    endloop
  endfacet
  facet normal 9.063085e-01 0.000000e+00 4.226167e-01
    outer loop
      vertex 8.819855e+01 7.000000e+01 3.606080e+01
      vertex 8.118642e+01 3.700000e+01 5.109838e+01
      vertex 8.118642e+01 3.650000e+01 5.109838e+01
    endloop
  endfacet
  facet normal 9.063078e-01 0.000000e+00 4.226183e-01
    outer loop
      vertex 8.819855e+01 7.000000e+01 3.606080e+01
      vertex 8.118642e+01 3.650000e+01 5.109838e+01
      vertex 8.819855e+01 3.650000e+01 3.606080e+01
    endloop
  endfacet
  facet normal -4.226178e-01 8.969567e-07 9.063080e-01
    outer loop
      vertex 1.006517e+02 3.791815e+01 2.862727e+01
      vertex 1.006527e+02 3.613613e+01 2.862774e+01
      vertex 1.008558e+02 3.570921e+01 2.872244e+01
    endloop
  endfacet
  facet normal -4.226178e-01 -8.969567e-07 9.063080e-01
    outer loop
      vertex 1.006517e+02 3.208185e+01 2.862727e+01
      vertex 1.008558e+02 3.429079e+01 2.872244e+01
      vertex 1.006527e+02 3.386387e+01 2.862774e+01
    endloop
  endfacet
  facet normal -4.226150e-01 1.213246e-06 9.063094e-01
    outer loop
      vertex 1.006517e+02 3.791815e+01 2.862727e+01
      vertex 1.008558e+02 3.570921e+01 2.872244e+01
      vertex 1.009324e+02 3.741602e+01 2.875817e+01
    endloop
  endfacet
  facet normal -4.226059e-01 7.186006e-07 9.063136e-01
    outer loop
      vertex 1.009324e+02 3.741602e+01 2.875817e+01
      vertex 1.008558e+02 3.570921e+01 2.872244e+01
      vertex 1.009604e+02 3.524107e+01 2.877120e+01
    endloop
  endfacet
  facet normal -4.226172e-01 5.409240e-07 9.063083e-01
    outer loop
      vertex 1.009324e+02 3.741602e+01 2.875817e+01
      vertex 1.009604e+02 3.524107e+01 2.877120e+01
      vertex 1.010784e+02 3.706459e+01 2.882622e+01
    endloop
  endfacet
  facet normal -4.226200e-01 8.954381e-07 9.063069e-01
    outer loop
      vertex 1.006527e+02 3.613613e+01 2.862774e+01
      vertex 1.006517e+02 3.791815e+01 2.862727e+01
      vertex 1.003630e+02 3.649702e+01 2.849262e+01
    endloop
  endfacet
  facet normal -4.226146e-01 -4.329054e-07 9.063095e-01
    outer loop
      vertex 1.003630e+02 3.649702e+01 2.849262e+01
      vertex 1.006517e+02 3.791815e+01 2.862727e+01
      vertex 1.003231e+02 3.832649e+01 2.847403e+01
    endloop
  endfacet
  facet normal -4.226246e-01 -6.973088e-07 9.063048e-01
    outer loop
      vertex 1.003630e+02 3.649702e+01 2.849262e+01
      vertex 1.003231e+02 3.832649e+01 2.847403e+01
      vertex 1.000033e+02 3.677091e+01 2.832493e+01
    endloop
  endfacet
  facet normal -4.226221e-01 -1.323132e-06 9.063060e-01
    outer loop
      vertex 1.000033e+02 3.677091e+01 2.832493e+01
      vertex 1.003231e+02 3.832649e+01 2.847403e+01
      vertex 9.995711e+01 3.862791e+01 2.830337e+01
    endloop
  endfacet
  facet normal -4.226163e-01 -1.146673e-06 9.063088e-01
    outer loop
      vertex 1.000033e+02 3.677091e+01 2.832493e+01
      vertex 9.995711e+01 3.862791e+01 2.830337e+01
      vertex 9.959476e+01 3.694188e+01 2.813441e+01
    endloop
  endfacet
  facet normal -4.226210e-01 1.015680e-07 9.063065e-01
    outer loop
      vertex 9.959476e+01 3.694188e+01 2.813441e+01
      vertex 9.995711e+01 3.862791e+01 2.830337e+01
      vertex 9.956554e+01 3.881273e+01 2.812078e+01
    endloop
  endfacet
  facet normal -4.226140e-01 2.339824e-07 9.063097e-01
    outer loop
      vertex 9.959476e+01 3.694188e+01 2.813441e+01
      vertex 9.956554e+01 3.881273e+01 2.812078e+01
      vertex 9.916097e+01 3.700000e+01 2.793213e+01
    endloop
  endfacet
  facet normal -4.226132e-01 0.000000e+00 9.063101e-01
    outer loop
      vertex 9.916097e+01 3.700000e+01 2.793213e+01
      vertex 9.956554e+01 3.881273e+01 2.812078e+01
      vertex 9.916097e+01 3.887500e+01 2.793213e+01
    endloop
  endfacet
  facet normal -4.226224e-01 0.000000e+00 9.063058e-01
    outer loop
      vertex 9.916097e+01 3.700000e+01 2.793213e+01
      vertex 9.916097e+01 3.887500e+01 2.793213e+01
      vertex 9.872851e+01 3.694224e+01 2.773046e+01
    endloop
  endfacet
  facet normal -4.226233e-01 2.372203e-07 9.063055e-01
    outer loop
      vertex 9.872851e+01 3.694224e+01 2.773046e+01
      vertex 9.916097e+01 3.887500e+01 2.793213e+01
      vertex 9.886642e+01 3.884212e+01 2.779478e+01
    endloop
  endfacet
  facet normal -4.226152e-01 -4.767021e-07 9.063092e-01
    outer loop
      vertex 9.872851e+01 3.694224e+01 2.773046e+01
      vertex 9.886642e+01 3.884212e+01 2.779478e+01
      vertex 9.832101e+01 3.677230e+01 2.754045e+01
    endloop
  endfacet
  facet normal -4.226172e-01 1.608286e-07 9.063083e-01
    outer loop
      vertex 9.832101e+01 3.677230e+01 2.754045e+01
      vertex 9.886642e+01 3.884212e+01 2.779478e+01
      vertex 9.857687e+01 3.874403e+01 2.765976e+01
    endloop
  endfacet
  facet normal -4.226215e-01 8.465420e-07 9.063063e-01
    outer loop
      vertex 9.832101e+01 3.677230e+01 2.754045e+01
      vertex 9.857687e+01 3.874403e+01 2.765976e+01
      vertex 9.829724e+01 3.858239e+01 2.752936e+01
    endloop
  endfacet
  facet normal -4.226229e-01 8.251012e-07 9.063056e-01
    outer loop
      vertex 9.832101e+01 3.677230e+01 2.754045e+01
      vertex 9.829724e+01 3.858239e+01 2.752936e+01
      vertex 9.796204e+01 3.650000e+01 2.737305e+01
    endloop
  endfacet
  facet normal -4.226045e-01 -2.779773e-06 9.063142e-01
    outer loop
      vertex 9.796204e+01 3.650000e+01 2.737305e+01
      vertex 9.829724e+01 3.858239e+01 2.752936e+01
      vertex 9.809688e+01 3.842108e+01 2.743593e+01
    endloop
  endfacet
  facet normal -4.226222e-01 -1.267146e-06 9.063060e-01
    outer loop
      vertex 9.796204e+01 3.650000e+01 2.737305e+01
      vertex 9.809688e+01 3.842108e+01 2.743593e+01
      vertex 9.790668e+01 3.822708e+01 2.734724e+01
    endloop
  endfacet
  facet normal -4.226165e-01 -1.045307e-06 9.063086e-01
    outer loop
      vertex 9.796204e+01 3.650000e+01 2.737305e+01
      vertex 9.790668e+01 3.822708e+01 2.734724e+01
      vertex 9.707185e+01 3.650000e+01 2.695795e+01
    endloop
  endfacet
  facet normal -4.226212e-01 1.823006e-06 9.063064e-01
    outer loop
      vertex 9.707185e+01 3.650000e+01 2.695795e+01
      vertex 9.790668e+01 3.822708e+01 2.734724e+01
      vertex 9.756395e+01 3.774876e+01 2.718742e+01
    endloop
  endfacet
  facet normal -4.226463e-01 1.386228e-05 9.062947e-01
    outer loop
      vertex 9.707185e+01 3.650000e+01 2.695795e+01
      vertex 9.756395e+01 3.774876e+01 2.718742e+01
      vertex 9.728209e+01 3.716566e+01 2.705599e+01
    endloop
  endfacet
  facet normal -4.226104e-01 0.000000e+00 9.063115e-01
    outer loop
      vertex 1.009604e+02 3.524107e+01 2.877120e+01
      vertex 1.009604e+02 3.475893e+01 2.877120e+01
      vertex 1.010784e+02 3.706459e+01 2.882622e+01
    endloop
  endfacet
  facet normal -4.226103e-01 0.000000e+00 9.063115e-01
    outer loop
      vertex 1.010784e+02 3.706459e+01 2.882622e+01
      vertex 1.009604e+02 3.475893e+01 2.877120e+01
      vertex 1.010784e+02 3.293541e+01 2.882622e+01
    endloop
  endfacet
  facet normal -4.226168e-01 0.000000e+00 9.063085e-01
    outer loop
      vertex 1.010784e+02 3.706459e+01 2.882622e+01
      vertex 1.010784e+02 3.293541e+01 2.882622e+01
      vertex 1.012006e+02 3.668760e+01 2.888321e+01
    endloop
  endfacet
  facet normal -4.226168e-01 0.000000e+00 9.063085e-01
    outer loop
      vertex 1.012006e+02 3.668760e+01 2.888321e+01
      vertex 1.010784e+02 3.293541e+01 2.882622e+01
      vertex 1.012006e+02 3.331240e+01 2.888321e+01
    endloop
  endfacet
  facet normal -4.226188e-01 0.000000e+00 9.063075e-01
    outer loop
      vertex 1.012006e+02 3.668760e+01 2.888321e+01
      vertex 1.012006e+02 3.331240e+01 2.888321e+01
      vertex 1.012989e+02 3.628313e+01 2.892907e+01
    endloop
  endfacet
  facet normal -4.226189e-01 0.000000e+00 9.063075e-01
    outer loop
      vertex 1.012989e+02 3.628313e+01 2.892907e+01
      vertex 1.012006e+02 3.331240e+01 2.888321e+01
      vertex 1.012989e+02 3.371687e+01 2.892907e+01
    endloop
  endfacet
  facet normal -4.226269e-01 0.000000e+00 9.063038e-01
    outer loop
      vertex 1.012989e+02 3.628313e+01 2.892907e+01
      vertex 1.012989e+02 3.371687e+01 2.892907e+01
      vertex 1.013699e+02 3.586227e+01 2.896218e+01
    endloop
  endfacet
  facet normal -4.226269e-01 0.000000e+00 9.063038e-01
    outer loop
      vertex 1.013699e+02 3.586227e+01 2.896218e+01
      vertex 1.012989e+02 3.371687e+01 2.892907e+01
      vertex 1.013699e+02 3.413773e+01 2.896218e+01
    endloop
  endfacet
  facet normal -4.226306e-01 0.000000e+00 9.063020e-01
    outer loop
      vertex 1.013699e+02 3.586227e+01 2.896218e+01
      vertex 1.013699e+02 3.413773e+01 2.896218e+01
      vertex 1.014267e+02 3.500000e+01 2.898867e+01
    endloop
  endfacet
  facet normal -4.225964e-01 -3.308691e-06 9.063180e-01
    outer loop
      vertex 1.008558e+02 3.429079e+01 2.872244e+01
      vertex 1.006517e+02 3.208185e+01 2.862727e+01
      vertex 1.009604e+02 3.475893e+01 2.877120e+01
    endloop
  endfacet
  facet normal -4.226159e-01 -5.610501e-07 9.063088e-01
    outer loop
      vertex 1.009604e+02 3.475893e+01 2.877120e+01
      vertex 1.006517e+02 3.208185e+01 2.862727e+01
      vertex 1.009324e+02 3.258398e+01 2.875817e+01
    endloop
  endfacet
  facet normal -4.226173e-01 -5.409241e-07 9.063083e-01
    outer loop
      vertex 1.009604e+02 3.475893e+01 2.877120e+01
      vertex 1.009324e+02 3.258398e+01 2.875817e+01
      vertex 1.010784e+02 3.293541e+01 2.882622e+01
    endloop
  endfacet
  facet normal -4.226133e-01 -9.001076e-07 9.063101e-01
    outer loop
      vertex 1.006517e+02 3.208185e+01 2.862727e+01
      vertex 1.006527e+02 3.386387e+01 2.862774e+01
      vertex 1.003231e+02 3.167351e+01 2.847403e+01
    endloop
  endfacet
  facet normal -4.226215e-01 6.162030e-07 9.063062e-01
    outer loop
      vertex 1.003231e+02 3.167351e+01 2.847403e+01
      vertex 1.006527e+02 3.386387e+01 2.862774e+01
      vertex 1.003630e+02 3.350298e+01 2.849262e+01
    endloop
  endfacet
  facet normal -4.226216e-01 6.181070e-07 9.063063e-01
    outer loop
      vertex 1.003231e+02 3.167351e+01 2.847403e+01
      vertex 1.003630e+02 3.350298e+01 2.849262e+01
      vertex 9.995711e+01 3.137209e+01 2.830337e+01
    endloop
  endfacet
  facet normal -4.226251e-01 1.413321e-06 9.063047e-01
    outer loop
      vertex 9.995711e+01 3.137209e+01 2.830337e+01
      vertex 1.003630e+02 3.350298e+01 2.849262e+01
      vertex 1.000033e+02 3.322909e+01 2.832493e+01
    endloop
  endfacet
  facet normal -4.226216e-01 1.307346e-06 9.063063e-01
    outer loop
      vertex 9.995711e+01 3.137209e+01 2.830337e+01
      vertex 1.000033e+02 3.322909e+01 2.832493e+01
      vertex 9.956554e+01 3.118727e+01 2.812078e+01
    endloop
  endfacet
  facet normal -4.226158e-01 -2.017388e-07 9.063089e-01
    outer loop
      vertex 9.956554e+01 3.118727e+01 2.812078e+01
      vertex 1.000033e+02 3.322909e+01 2.832493e+01
      vertex 9.959476e+01 3.305812e+01 2.813441e+01
    endloop
  endfacet
  facet normal -4.226131e-01 -2.515197e-07 9.063101e-01
    outer loop
      vertex 9.956554e+01 3.118727e+01 2.812078e+01
      vertex 9.959476e+01 3.305812e+01 2.813441e+01
      vertex 9.916097e+01 3.112500e+01 2.793213e+01
    endloop
  endfacet
  facet normal -4.226141e-01 0.000000e+00 9.063098e-01
    outer loop
      vertex 9.916097e+01 3.112500e+01 2.793213e+01
      vertex 9.959476e+01 3.305812e+01 2.813441e+01
      vertex 9.916097e+01 3.300000e+01 2.793213e+01
    endloop
  endfacet
  facet normal -4.226233e-01 0.000000e+00 9.063054e-01
    outer loop
      vertex 9.916097e+01 3.112500e+01 2.793213e+01
      vertex 9.916097e+01 3.300000e+01 2.793213e+01
      vertex 9.886642e+01 3.115788e+01 2.779478e+01
    endloop
  endfacet
  facet normal -4.226224e-01 -1.639032e-07 9.063058e-01
    outer loop
      vertex 9.886642e+01 3.115788e+01 2.779478e+01
      vertex 9.916097e+01 3.300000e+01 2.793213e+01
      vertex 9.872851e+01 3.305776e+01 2.773046e+01
    endloop
  endfacet
  facet normal -4.226171e-01 3.146081e-07 9.063084e-01
    outer loop
      vertex 9.886642e+01 3.115788e+01 2.779478e+01
      vertex 9.872851e+01 3.305776e+01 2.773046e+01
      vertex 9.857687e+01 3.125597e+01 2.765976e+01
    endloop
  endfacet
  facet normal -4.226153e-01 1.377190e-07 9.063091e-01
    outer loop
      vertex 9.857687e+01 3.125597e+01 2.765976e+01
      vertex 9.872851e+01 3.305776e+01 2.773046e+01
      vertex 9.832101e+01 3.322770e+01 2.754045e+01
    endloop
  endfacet
  facet normal -4.226215e-01 -8.473704e-07 9.063063e-01
    outer loop
      vertex 9.857687e+01 3.125597e+01 2.765976e+01
      vertex 9.832101e+01 3.322770e+01 2.754045e+01
      vertex 9.829724e+01 3.141761e+01 2.752936e+01
    endloop
  endfacet
  facet normal -4.226070e-01 -1.078953e-06 9.063130e-01
    outer loop
      vertex 9.829724e+01 3.141761e+01 2.752936e+01
      vertex 9.832101e+01 3.322770e+01 2.754045e+01
      vertex 9.809688e+01 3.157892e+01 2.743593e+01
    endloop
  endfacet
  facet normal -4.226215e-01 1.321244e-06 9.063062e-01
    outer loop
      vertex 9.809688e+01 3.157892e+01 2.743593e+01
      vertex 9.832101e+01 3.322770e+01 2.754045e+01
      vertex 9.796204e+01 3.350000e+01 2.737305e+01
    endloop
  endfacet
  facet normal -4.226221e-01 1.266522e-06 9.063060e-01
    outer loop
      vertex 9.809688e+01 3.157892e+01 2.743593e+01
      vertex 9.796204e+01 3.350000e+01 2.737305e+01
      vertex 9.790668e+01 3.177292e+01 2.734724e+01
    endloop
  endfacet
  facet normal -4.226463e-01 -1.386228e-05 9.062947e-01
    outer loop
      vertex 9.707185e+01 3.350000e+01 2.695795e+01
      vertex 9.728209e+01 3.283434e+01 2.705599e+01
      vertex 9.756395e+01 3.225124e+01 2.718742e+01
    endloop
  endfacet
  facet normal -4.226212e-01 -1.823015e-06 9.063064e-01
    outer loop
      vertex 9.707185e+01 3.350000e+01 2.695795e+01
      vertex 9.756395e+01 3.225124e+01 2.718742e+01
      vertex 9.790668e+01 3.177292e+01 2.734724e+01
    endloop
  endfacet
  facet normal -4.226165e-01 1.036522e-06 9.063086e-01
    outer loop
      vertex 9.707185e+01 3.350000e+01 2.695795e+01
      vertex 9.790668e+01 3.177292e+01 2.734724e+01
      vertex 9.796204e+01 3.350000e+01 2.737305e+01
    endloop
  endfacet
  facet normal -4.226184e-01 5.656642e-08 9.063078e-01
    outer loop
      vertex 8.819855e+01 0.000000e+00 3.606080e+01
      vertex 9.998055e+01 0.000000e+00 4.155484e+01
      vertex 9.408955e+01 3.112500e+01 3.880782e+01
    endloop
  endfacet
  facet normal -4.226138e-01 -1.015600e-06 9.063098e-01
    outer loop
      vertex 8.819855e+01 0.000000e+00 3.606080e+01
      vertex 9.408955e+01 3.112500e+01 3.880782e+01
      vertex 9.379501e+01 3.115788e+01 3.867047e+01
    endloop
  endfacet
  facet normal -4.226216e-01 7.224684e-07 9.063062e-01
    outer loop
      vertex 8.819855e+01 0.000000e+00 3.606080e+01
      vertex 9.379501e+01 3.115788e+01 3.867047e+01
      vertex 9.350546e+01 3.125597e+01 3.853545e+01
    endloop
  endfacet
  facet normal -4.226258e-01 1.530890e-06 9.063043e-01
    outer loop
      vertex 8.819855e+01 0.000000e+00 3.606080e+01
      vertex 9.350546e+01 3.125597e+01 3.853545e+01
      vertex 9.322582e+01 3.141761e+01 3.840505e+01
    endloop
  endfacet
  facet normal -4.226011e-01 -3.284162e-06 9.063157e-01
    outer loop
      vertex 8.819855e+01 0.000000e+00 3.606080e+01
      vertex 9.322582e+01 3.141761e+01 3.840505e+01
      vertex 9.302546e+01 3.157892e+01 3.831163e+01
    endloop
  endfacet
  facet normal -4.226288e-01 1.991949e-06 9.063028e-01
    outer loop
      vertex 8.819855e+01 0.000000e+00 3.606080e+01
      vertex 9.302546e+01 3.157892e+01 3.831163e+01
      vertex 9.283527e+01 3.177292e+01 3.822293e+01
    endloop
  endfacet
  facet normal -4.226191e-01 1.978224e-07 9.063073e-01
    outer loop
      vertex 8.819855e+01 0.000000e+00 3.606080e+01
      vertex 9.283527e+01 3.177292e+01 3.822293e+01
      vertex 9.249253e+01 3.225124e+01 3.806311e+01
    endloop
  endfacet
  facet normal -4.226218e-01 5.963827e-07 9.063061e-01
    outer loop
      vertex 8.819855e+01 0.000000e+00 3.606080e+01
      vertex 9.249253e+01 3.225124e+01 3.806311e+01
      vertex 9.221067e+01 3.283434e+01 3.793168e+01
    endloop
  endfacet
  facet normal -4.226073e-01 -1.489614e-06 9.063129e-01
    outer loop
      vertex 8.819855e+01 0.000000e+00 3.606080e+01
      vertex 9.221067e+01 3.283434e+01 3.793168e+01
      vertex 9.200043e+01 3.350000e+01 3.783364e+01
    endloop
  endfacet
  facet normal -4.226183e-01 0.000000e+00 9.063077e-01
    outer loop
      vertex 8.819855e+01 0.000000e+00 3.606080e+01
      vertex 9.200043e+01 3.350000e+01 3.783364e+01
      vertex 8.819855e+01 3.350000e+01 3.606080e+01
    endloop
  endfacet
  facet normal -4.226404e-01 -3.038982e-06 9.062974e-01
    outer loop
      vertex 9.998055e+01 0.000000e+00 4.155484e+01
      vertex 9.629852e+01 3.586227e+01 3.983788e+01
      vertex 9.635532e+01 3.500000e+01 3.986436e+01
    endloop
  endfacet
  facet normal -4.226134e-01 6.760159e-07 9.063101e-01
    outer loop
      vertex 9.998055e+01 0.000000e+00 4.155484e+01
      vertex 9.635532e+01 3.500000e+01 3.986436e+01
      vertex 9.629852e+01 3.413773e+01 3.983788e+01
    endloop
  endfacet
  facet normal -4.226243e-01 -6.524961e-07 9.063050e-01
    outer loop
      vertex 9.998055e+01 0.000000e+00 4.155484e+01
      vertex 9.629852e+01 3.413773e+01 3.983788e+01
      vertex 9.622750e+01 3.371687e+01 3.980476e+01
    endloop
  endfacet
  facet normal -4.226283e-01 -1.341125e-06 9.063032e-01
    outer loop
      vertex 9.998055e+01 0.000000e+00 4.155484e+01
      vertex 9.622750e+01 3.371687e+01 3.980476e+01
      vertex 9.612917e+01 3.331240e+01 3.975890e+01
    endloop
  endfacet
  facet normal -4.226082e-01 1.486653e-06 9.063125e-01
    outer loop
      vertex 9.998055e+01 0.000000e+00 4.155484e+01
      vertex 9.612917e+01 3.331240e+01 3.975890e+01
      vertex 9.600695e+01 3.293541e+01 3.970192e+01
    endloop
  endfacet
  facet normal -4.226190e-01 6.966811e-08 9.063074e-01
    outer loop
      vertex 9.998055e+01 0.000000e+00 4.155484e+01
      vertex 9.600695e+01 3.293541e+01 3.970192e+01
      vertex 9.586101e+01 3.258398e+01 3.963386e+01
    endloop
  endfacet
  facet normal -4.226208e-01 -3.853281e-07 9.063066e-01
    outer loop
      vertex 9.998055e+01 0.000000e+00 4.155484e+01
      vertex 9.586101e+01 3.258398e+01 3.963386e+01
      vertex 9.558029e+01 3.208185e+01 3.950296e+01
    endloop
  endfacet
  facet normal -4.226151e-01 7.004360e-07 9.063092e-01
    outer loop
      vertex 9.998055e+01 0.000000e+00 4.155484e+01
      vertex 9.558029e+01 3.208185e+01 3.950296e+01
      vertex 9.525166e+01 3.167351e+01 3.934972e+01
    endloop
  endfacet
  facet normal -4.226213e-01 -3.983942e-07 9.063064e-01
    outer loop
      vertex 9.998055e+01 0.000000e+00 4.155484e+01
      vertex 9.525166e+01 3.167351e+01 3.934972e+01
      vertex 9.488569e+01 3.137209e+01 3.917906e+01
    endloop
  endfacet
  facet normal -4.226211e-01 -3.921078e-07 9.063065e-01
    outer loop
      vertex 9.998055e+01 0.000000e+00 4.155484e+01
      vertex 9.488569e+01 3.137209e+01 3.917906e+01
      vertex 9.449413e+01 3.118727e+01 3.899647e+01
    endloop
  endfacet
  facet normal -4.226135e-01 1.267227e-06 9.063100e-01
    outer loop
      vertex 9.998055e+01 0.000000e+00 4.155484e+01
      vertex 9.449413e+01 3.118727e+01 3.899647e+01
      vertex 9.408955e+01 3.112500e+01 3.880782e+01
    endloop
  endfacet
  facet normal -4.226184e-01 -5.656642e-08 9.063078e-01
    outer loop
      vertex 9.998055e+01 7.000000e+01 4.155484e+01
      vertex 8.819855e+01 7.000000e+01 3.606080e+01
      vertex 9.408955e+01 3.887500e+01 3.880782e+01
    endloop
  endfacet
  facet normal -4.226131e-01 -1.267227e-06 9.063102e-01
    outer loop
      vertex 9.998055e+01 7.000000e+01 4.155484e+01
      vertex 9.408955e+01 3.887500e+01 3.880782e+01
      vertex 9.449413e+01 3.881273e+01 3.899647e+01
    endloop
  endfacet
  facet normal -4.226207e-01 3.921074e-07 9.063066e-01
    outer loop
      vertex 9.998055e+01 7.000000e+01 4.155484e+01
      vertex 9.449413e+01 3.881273e+01 3.899647e+01
      vertex 9.488569e+01 3.862791e+01 3.917906e+01
    endloop
  endfacet
  facet normal -4.226213e-01 3.983942e-07 9.063064e-01
    outer loop
      vertex 9.998055e+01 7.000000e+01 4.155484e+01
      vertex 9.488569e+01 3.862791e+01 3.917906e+01
      vertex 9.525166e+01 3.832649e+01 3.934972e+01
    endloop
  endfacet
  facet normal -4.226151e-01 -7.004360e-07 9.063092e-01
    outer loop
      vertex 9.998055e+01 7.000000e+01 4.155484e+01
      vertex 9.525166e+01 3.832649e+01 3.934972e+01
      vertex 9.558029e+01 3.791815e+01 3.950296e+01
    endloop
  endfacet
  facet normal -4.226208e-01 3.853281e-07 9.063066e-01
    outer loop
      vertex 9.998055e+01 7.000000e+01 4.155484e+01
      vertex 9.558029e+01 3.791815e+01 3.950296e+01
      vertex 9.586101e+01 3.741602e+01 3.963386e+01
    endloop
  endfacet
  facet normal -4.226190e-01 -6.966811e-08 9.063074e-01
    outer loop
      vertex 9.998055e+01 7.000000e+01 4.155484e+01
      vertex 9.586101e+01 3.741602e+01 3.963386e+01
      vertex 9.600695e+01 3.706459e+01 3.970192e+01
    endloop
  endfacet
  facet normal -4.226082e-01 -1.486653e-06 9.063125e-01
    outer loop
      vertex 9.998055e+01 7.000000e+01 4.155484e+01
      vertex 9.600695e+01 3.706459e+01 3.970192e+01
      vertex 9.612917e+01 3.668760e+01 3.975890e+01
    endloop
  endfacet
  facet normal -4.226283e-01 1.341125e-06 9.063032e-01
    outer loop
      vertex 9.998055e+01 7.000000e+01 4.155484e+01
      vertex 9.612917e+01 3.668760e+01 3.975890e+01
      vertex 9.622750e+01 3.628313e+01 3.980476e+01
    endloop
  endfacet
  facet normal -4.226243e-01 6.524961e-07 9.063050e-01
    outer loop
      vertex 9.998055e+01 7.000000e+01 4.155484e+01
      vertex 9.622750e+01 3.628313e+01 3.980476e+01
      vertex 9.629852e+01 3.586227e+01 3.983788e+01
    endloop
  endfacet
  facet normal -4.226188e-01 0.000000e+00 9.063076e-01
    outer loop
      vertex 9.998055e+01 7.000000e+01 4.155484e+01
      vertex 9.629852e+01 3.586227e+01 3.983788e+01
      vertex 9.998055e+01 0.000000e+00 4.155484e+01
    endloop
  endfacet
  facet normal -4.226183e-01 5.635230e-06 9.063077e-01
    outer loop
      vertex 8.819855e+01 3.650000e+01 3.606080e+01
      vertex 9.200043e+01 3.650000e+01 3.783364e+01
      vertex 9.221067e+01 3.716566e+01 3.793168e+01
    endloop
  endfacet
  facet normal -4.226171e-01 -3.213313e-06 9.063083e-01
    outer loop
      vertex 8.819855e+01 3.650000e+01 3.606080e+01
      vertex 9.221067e+01 3.716566e+01 3.793168e+01
      vertex 9.249253e+01 3.774876e+01 3.806311e+01
    endloop
  endfacet
  facet normal -4.226176e-01 -1.594785e-06 9.063081e-01
    outer loop
      vertex 8.819855e+01 3.650000e+01 3.606080e+01
      vertex 9.249253e+01 3.774876e+01 3.806311e+01
      vertex 9.283527e+01 3.822708e+01 3.822293e+01
    endloop
  endfacet
  facet normal -4.226108e-01 -2.421819e-05 9.063113e-01
    outer loop
      vertex 8.819855e+01 3.650000e+01 3.606080e+01
      vertex 9.283527e+01 3.822708e+01 3.822293e+01
      vertex 9.302546e+01 3.842108e+01 3.831163e+01
    endloop
  endfacet
  facet normal -4.226364e-01 5.926825e-05 9.062993e-01
    outer loop
      vertex 8.819855e+01 3.650000e+01 3.606080e+01
      vertex 9.302546e+01 3.842108e+01 3.831163e+01
      vertex 9.322582e+01 3.858239e+01 3.840505e+01
    endloop
  endfacet
  facet normal -4.225968e-01 -6.381199e-05 9.063179e-01
    outer loop
      vertex 8.819855e+01 3.650000e+01 3.606080e+01
      vertex 9.322582e+01 3.858239e+01 3.840505e+01
      vertex 9.350546e+01 3.874403e+01 3.853545e+01
    endloop
  endfacet
  facet normal -4.226182e-01 0.000000e+00 9.063079e-01
    outer loop
      vertex 8.819855e+01 7.000000e+01 3.606080e+01
      vertex 8.819855e+01 3.650000e+01 3.606080e+01
      vertex 9.350546e+01 3.874403e+01 3.853545e+01
    endloop
  endfacet
  facet normal -4.226216e-01 -7.224684e-07 9.063062e-01
    outer loop
      vertex 8.819855e+01 7.000000e+01 3.606080e+01
      vertex 9.350546e+01 3.874403e+01 3.853545e+01
      vertex 9.379501e+01 3.884212e+01 3.867047e+01
    endloop
  endfacet
  facet normal -4.226138e-01 1.015600e-06 9.063098e-01
    outer loop
      vertex 8.819855e+01 7.000000e+01 3.606080e+01
      vertex 9.379501e+01 3.884212e+01 3.867047e+01
      vertex 9.408955e+01 3.887500e+01 3.880782e+01
    endloop
  endfacet
  facet normal 9.123302e-02 9.949204e-01 4.254266e-02
    outer loop
      vertex 9.408955e+01 3.112500e+01 3.880782e+01
      vertex 9.916097e+01 3.112500e+01 2.793213e+01
      vertex 9.379501e+01 3.115788e+01 3.867047e+01
    endloop
  endfacet
  facet normal 9.123262e-02 9.949205e-01 4.254245e-02
    outer loop
      vertex 9.379501e+01 3.115788e+01 3.867047e+01
      vertex 9.916097e+01 3.112500e+01 2.793213e+01
      vertex 9.886642e+01 3.115788e+01 2.779478e+01
    endloop
  endfacet
  facet normal 2.660075e-01 9.559570e-01 1.240413e-01
    outer loop
      vertex 9.379501e+01 3.115788e+01 3.867047e+01
      vertex 9.886642e+01 3.115788e+01 2.779478e+01
      vertex 9.350546e+01 3.125597e+01 3.853545e+01
    endloop
  endfacet
  facet normal 2.660081e-01 9.559568e-01 1.240416e-01
    outer loop
      vertex 9.350546e+01 3.125597e+01 3.853545e+01
      vertex 9.886642e+01 3.115788e+01 2.779478e+01
      vertex 9.857687e+01 3.125597e+01 2.765976e+01
    endloop
  endfacet
  facet normal 4.205687e-01 8.858111e-01 1.961144e-01
    outer loop
      vertex 9.350546e+01 3.125597e+01 3.853545e+01
      vertex 9.857687e+01 3.125597e+01 2.765976e+01
      vertex 9.322582e+01 3.141761e+01 3.840505e+01
    endloop
  endfacet
  facet normal 4.205693e-01 8.858106e-01 1.961147e-01
    outer loop
      vertex 9.322582e+01 3.141761e+01 3.840505e+01
      vertex 9.857687e+01 3.125597e+01 2.765976e+01
      vertex 9.829724e+01 3.141761e+01 2.752936e+01
    endloop
  endfacet
  facet normal 5.342181e-01 8.078089e-01 2.491100e-01
    outer loop
      vertex 9.322582e+01 3.141761e+01 3.840505e+01
      vertex 9.829724e+01 3.141761e+01 2.752936e+01
      vertex 9.302546e+01 3.157892e+01 3.831163e+01
    endloop
  endfacet
  facet normal 5.342166e-01 8.078101e-01 2.491093e-01
    outer loop
      vertex 9.302546e+01 3.157892e+01 3.831163e+01
      vertex 9.829724e+01 3.141761e+01 2.752936e+01
      vertex 9.809688e+01 3.157892e+01 2.743593e+01
    endloop
  endfacet
  facet normal 6.152115e-01 7.343131e-01 2.868778e-01
    outer loop
      vertex 9.302546e+01 3.157892e+01 3.831163e+01
      vertex 9.809688e+01 3.157892e+01 2.743593e+01
      vertex 9.283527e+01 3.177292e+01 3.822293e+01
    endloop
  endfacet
  facet normal 6.152129e-01 7.343118e-01 2.868785e-01
    outer loop
      vertex 9.283527e+01 3.177292e+01 3.822293e+01
      vertex 9.809688e+01 3.157892e+01 2.743593e+01
      vertex 9.790668e+01 3.177292e+01 2.734724e+01
    endloop
  endfacet
  facet normal 7.109524e-01 6.201931e-01 3.315226e-01
    outer loop
      vertex 9.283527e+01 3.177292e+01 3.822293e+01
      vertex 9.790668e+01 3.177292e+01 2.734724e+01
      vertex 9.249253e+01 3.225124e+01 3.806311e+01
    endloop
  endfacet
  facet normal 7.109523e-01 6.201932e-01 3.315225e-01
    outer loop
      vertex 9.249253e+01 3.225124e+01 3.806311e+01
      vertex 9.790668e+01 3.177292e+01 2.734724e+01
      vertex 9.756395e+01 3.225124e+01 2.718742e+01
    endloop
  endfacet
  facet normal 7.996771e-01 4.706011e-01 3.728956e-01
    outer loop
      vertex 9.249253e+01 3.225124e+01 3.806311e+01
      vertex 9.756395e+01 3.225124e+01 2.718742e+01
      vertex 9.221067e+01 3.283434e+01 3.793168e+01
    endloop
  endfacet
  facet normal 7.996771e-01 4.706011e-01 3.728956e-01
    outer loop
      vertex 9.221067e+01 3.283434e+01 3.793168e+01
      vertex 9.756395e+01 3.225124e+01 2.718742e+01
      vertex 9.728209e+01 3.283434e+01 2.705599e+01
    endloop
  endfacet
  facet normal 8.558279e-01 3.290813e-01 3.990791e-01
    outer loop
      vertex 9.221067e+01 3.283434e+01 3.793168e+01
      vertex 9.728209e+01 3.283434e+01 2.705599e+01
      vertex 9.200043e+01 3.350000e+01 3.783364e+01
    endloop
  endfacet
  facet normal 8.558276e-01 3.290823e-01 3.990789e-01
    outer loop
      vertex 9.200043e+01 3.350000e+01 3.783364e+01
      vertex 9.728209e+01 3.283434e+01 2.705599e+01
      vertex 9.707185e+01 3.350000e+01 2.695795e+01
    endloop
  endfacet
  facet normal 8.558279e-01 -3.290813e-01 3.990791e-01
    outer loop
      vertex 9.200043e+01 3.650000e+01 3.783364e+01
      vertex 9.707185e+01 3.650000e+01 2.695795e+01
      vertex 9.221067e+01 3.716566e+01 3.793168e+01
    endloop
  endfacet
  facet normal 8.558275e-01 -3.290824e-01 3.990789e-01
    outer loop
      vertex 9.221067e+01 3.716566e+01 3.793168e+01
      vertex 9.707185e+01 3.650000e+01 2.695795e+01
      vertex 9.728209e+01 3.716566e+01 2.705599e+01
    endloop
  endfacet
  facet normal 7.996771e-01 -4.706011e-01 3.728956e-01
    outer loop
      vertex 9.221067e+01 3.716566e+01 3.793168e+01
      vertex 9.728209e+01 3.716566e+01 2.705599e+01
      vertex 9.249253e+01 3.774876e+01 3.806311e+01
    endloop
  endfacet
  facet normal 7.996771e-01 -4.706011e-01 3.728956e-01
    outer loop
      vertex 9.249253e+01 3.774876e+01 3.806311e+01
      vertex 9.728209e+01 3.716566e+01 2.705599e+01
      vertex 9.756395e+01 3.774876e+01 2.718742e+01
    endloop
  endfacet
  facet normal 7.109514e-01 -6.201946e-01 3.315220e-01
    outer loop
      vertex 9.249253e+01 3.774876e+01 3.806311e+01
      vertex 9.756395e+01 3.774876e+01 2.718742e+01
      vertex 9.283527e+01 3.822708e+01 3.822293e+01
    endloop
  endfacet
  facet normal 7.109515e-01 -6.201944e-01 3.315221e-01
    outer loop
      vertex 9.283527e+01 3.822708e+01 3.822293e+01
      vertex 9.756395e+01 3.774876e+01 2.718742e+01
      vertex 9.790668e+01 3.822708e+01 2.734724e+01
    endloop
  endfacet
  facet normal 6.152148e-01 -7.343099e-01 2.868794e-01
    outer loop
      vertex 9.283527e+01 3.822708e+01 3.822293e+01
      vertex 9.790668e+01 3.822708e+01 2.734724e+01
      vertex 9.302546e+01 3.842108e+01 3.831163e+01
    endloop
  endfacet
  facet normal 6.152158e-01 -7.343089e-01 2.868798e-01
    outer loop
      vertex 9.302546e+01 3.842108e+01 3.831163e+01
      vertex 9.790668e+01 3.822708e+01 2.734724e+01
      vertex 9.809688e+01 3.842108e+01 2.743593e+01
    endloop
  endfacet
  facet normal 5.342222e-01 -8.078056e-01 2.491118e-01
    outer loop
      vertex 9.302546e+01 3.842108e+01 3.831163e+01
      vertex 9.809688e+01 3.842108e+01 2.743593e+01
      vertex 9.322582e+01 3.858239e+01 3.840505e+01
    endloop
  endfacet
  facet normal 5.342206e-01 -8.078068e-01 2.491112e-01
    outer loop
      vertex 9.322582e+01 3.858239e+01 3.840505e+01
      vertex 9.809688e+01 3.842108e+01 2.743593e+01
      vertex 9.829724e+01 3.858239e+01 2.752936e+01
    endloop
  endfacet
  facet normal 4.205648e-01 -8.858133e-01 1.961126e-01
    outer loop
      vertex 9.322582e+01 3.858239e+01 3.840505e+01
      vertex 9.829724e+01 3.858239e+01 2.752936e+01
      vertex 9.350546e+01 3.874403e+01 3.853545e+01
    endloop
  endfacet
  facet normal 4.205655e-01 -8.858128e-01 1.961129e-01
    outer loop
      vertex 9.350546e+01 3.874403e+01 3.853545e+01
      vertex 9.829724e+01 3.858239e+01 2.752936e+01
      vertex 9.857687e+01 3.874403e+01 2.765976e+01
    endloop
  endfacet
  facet normal 2.660075e-01 -9.559570e-01 1.240413e-01
    outer loop
      vertex 9.350546e+01 3.874403e+01 3.853545e+01
      vertex 9.857687e+01 3.874403e+01 2.765976e+01
      vertex 9.379501e+01 3.884212e+01 3.867047e+01
    endloop
  endfacet
  facet normal 2.660080e-01 -9.559569e-01 1.240415e-01
    outer loop
      vertex 9.379501e+01 3.884212e+01 3.867047e+01
      vertex 9.857687e+01 3.874403e+01 2.765976e+01
      vertex 9.886642e+01 3.884212e+01 2.779478e+01
    endloop
  endfacet
  facet normal 9.123302e-02 -9.949204e-01 4.254264e-02
    outer loop
      vertex 9.379501e+01 3.884212e+01 3.867047e+01
      vertex 9.886642e+01 3.884212e+01 2.779478e+01
      vertex 9.408955e+01 3.887500e+01 3.880782e+01
    endloop
  endfacet
  facet normal 9.123259e-02 -9.949205e-01 4.254245e-02
    outer loop
      vertex 9.408955e+01 3.887500e+01 3.880782e+01
      vertex 9.886642e+01 3.884212e+01 2.779478e+01
      vertex 9.916097e+01 3.887500e+01 2.793213e+01
    endloop
  endfacet
  facet normal 4.678128e-01 -8.564666e-01 2.182112e-01
    outer loop
      vertex 9.942773e+01 3.677348e+01 2.517241e+01
      vertex 9.832101e+01 3.677230e+01 2.754045e+01
      vertex 9.922108e+01 3.664585e+01 2.511451e+01
    endloop
  endfacet
  facet normal 5.158139e-01 -8.240301e-01 2.343296e-01
    outer loop
      vertex 9.922108e+01 3.664585e+01 2.511451e+01
      vertex 9.832101e+01 3.677230e+01 2.754045e+01
      vertex 9.796204e+01 3.650000e+01 2.737305e+01
    endloop
  endfacet
  facet normal 5.581764e-01 -7.878404e-01 2.602816e-01
    outer loop
      vertex 9.922108e+01 3.664585e+01 2.511451e+01
      vertex 9.796204e+01 3.650000e+01 2.737305e+01
      vertex 9.903604e+01 3.650000e+01 2.506986e+01
    endloop
  endfacet
  facet normal 2.613686e-01 -9.574379e-01 1.224706e-01
    outer loop
      vertex 9.987527e+01 3.694798e+01 2.532798e+01
      vertex 9.872851e+01 3.694224e+01 2.773046e+01
      vertex 9.964418e+01 3.687395e+01 2.524239e+01
    endloop
  endfacet
  facet normal 3.227336e-01 -9.354022e-01 1.444497e-01
    outer loop
      vertex 9.964418e+01 3.687395e+01 2.524239e+01
      vertex 9.872851e+01 3.694224e+01 2.773046e+01
      vertex 9.832101e+01 3.677230e+01 2.754045e+01
    endloop
  endfacet
  facet normal 3.685332e-01 -9.136046e-01 1.717841e-01
    outer loop
      vertex 9.964418e+01 3.687395e+01 2.524239e+01
      vertex 9.832101e+01 3.677230e+01 2.754045e+01
      vertex 9.942773e+01 3.677348e+01 2.517241e+01
    endloop
  endfacet
  facet normal 1.261891e-01 -9.903169e-01 5.786794e-02
    outer loop
      vertex 9.987527e+01 3.694798e+01 2.532798e+01
      vertex 1.001996e+02 3.699750e+01 2.546806e+01
      vertex 9.872851e+01 3.694224e+01 2.773046e+01
    endloop
  endfacet
  facet normal 2.992887e-02 -9.995398e-01 -4.950938e-03
    outer loop
      vertex 9.872851e+01 3.694224e+01 2.773046e+01
      vertex 1.001996e+02 3.699750e+01 2.546806e+01
      vertex 1.002902e+02 3.700000e+01 2.551043e+01
    endloop
  endfacet
  facet normal 1.089071e-01 -9.927538e-01 5.078425e-02
    outer loop
      vertex 9.872851e+01 3.694224e+01 2.773046e+01
      vertex 1.002902e+02 3.700000e+01 2.551043e+01
      vertex 9.916097e+01 3.700000e+01 2.793213e+01
    endloop
  endfacet
  facet normal 1.395620e-01 9.879696e-01 6.662107e-02
    outer loop
      vertex 9.981758e+01 3.306743e+01 2.530554e+01
      vertex 9.872851e+01 3.305776e+01 2.773046e+01
      vertex 1.001996e+02 3.300250e+01 2.546806e+01
    endloop
  endfacet
  facet normal 1.104140e-01 9.927475e-01 4.755077e-02
    outer loop
      vertex 1.001996e+02 3.300250e+01 2.546806e+01
      vertex 9.872851e+01 3.305776e+01 2.773046e+01
      vertex 9.916097e+01 3.300000e+01 2.793213e+01
    endloop
  endfacet
  facet normal 2.267184e-02 9.996870e-01 1.057206e-02
    outer loop
      vertex 1.001996e+02 3.300250e+01 2.546806e+01
      vertex 9.916097e+01 3.300000e+01 2.793213e+01
      vertex 1.002902e+02 3.300000e+01 2.551043e+01
    endloop
  endfacet
  facet normal 3.247145e-01 9.339123e-01 1.495605e-01
    outer loop
      vertex 9.981758e+01 3.306743e+01 2.530554e+01
      vertex 9.944396e+01 3.321787e+01 2.517733e+01
      vertex 9.872851e+01 3.305776e+01 2.773046e+01
    endloop
  endfacet
  facet normal 3.208209e-01 9.354159e-01 1.485637e-01
    outer loop
      vertex 9.872851e+01 3.305776e+01 2.773046e+01
      vertex 9.944396e+01 3.321787e+01 2.517733e+01
      vertex 9.832101e+01 3.322770e+01 2.754045e+01
    endloop
  endfacet
  facet normal 5.091321e-01 8.269839e-01 2.384997e-01
    outer loop
      vertex 9.944396e+01 3.321787e+01 2.517733e+01
      vertex 9.903604e+01 3.350000e+01 2.506986e+01
      vertex 9.832101e+01 3.322770e+01 2.754045e+01
    endloop
  endfacet
  facet normal 5.134479e-01 8.240431e-01 2.394246e-01
    outer loop
      vertex 9.832101e+01 3.322770e+01 2.754045e+01
      vertex 9.903604e+01 3.350000e+01 2.506986e+01
      vertex 9.796204e+01 3.350000e+01 2.737305e+01
    endloop
  endfacet
  facet normal 1.254325e-01 -9.303234e-01 3.446231e-01
    outer loop
      vertex 1.756820e+01 5.126910e+01 2.379346e+01
      vertex 1.274032e+01 5.111993e+01 2.514799e+01
      vertex 1.743878e+01 5.111993e+01 2.343789e+01
    endloop
  endfacet
  facet normal 2.176211e-01 -7.714567e-01 5.979095e-01
    outer loop
      vertex 1.743878e+01 5.111993e+01 2.343789e+01
      vertex 1.274032e+01 5.111993e+01 2.514799e+01
      vertex 1.263300e+01 5.086114e+01 2.485314e+01
    endloop
  endfacet
  facet normal 2.176211e-01 -7.714570e-01 5.979090e-01
    outer loop
      vertex 1.743878e+01 5.111993e+01 2.343789e+01
      vertex 1.263300e+01 5.086114e+01 2.485314e+01
      vertex 1.733147e+01 5.086114e+01 2.314304e+01
    endloop
  endfacet
  facet normal 2.885043e-01 -5.370816e-01 7.926593e-01
    outer loop
      vertex 1.733147e+01 5.086114e+01 2.314304e+01
      vertex 1.263300e+01 5.086114e+01 2.485314e+01
      vertex 1.255829e+01 5.051806e+01 2.464787e+01
    endloop
  endfacet
  facet normal 2.885039e-01 -5.370846e-01 7.926573e-01
    outer loop
      vertex 1.733147e+01 5.086114e+01 2.314304e+01
      vertex 1.255829e+01 5.051806e+01 2.464787e+01
      vertex 1.725675e+01 5.051806e+01 2.293777e+01
    endloop
  endfacet
  facet normal 3.311487e-01 -2.501267e-01 9.098225e-01
    outer loop
      vertex 1.725675e+01 5.051806e+01 2.293777e+01
      vertex 1.255829e+01 5.051806e+01 2.464787e+01
      vertex 1.252350e+01 5.012426e+01 2.455227e+01
    endloop
  endfacet
  facet normal 3.311487e-01 -2.501261e-01 9.098227e-01
    outer loop
      vertex 1.725675e+01 5.051806e+01 2.293777e+01
      vertex 1.252350e+01 5.012426e+01 2.455227e+01
      vertex 1.722196e+01 5.012426e+01 2.284217e+01
    endloop
  endfacet
  facet normal 3.413785e-01 6.123833e-02 9.379289e-01
    outer loop
      vertex 1.722196e+01 5.012426e+01 2.284217e+01
      vertex 1.252350e+01 5.012426e+01 2.455227e+01
      vertex 1.253202e+01 4.971830e+01 2.457568e+01
    endloop
  endfacet
  facet normal 3.413781e-01 6.124194e-02 9.379287e-01
    outer loop
      vertex 1.722196e+01 5.012426e+01 2.284217e+01
      vertex 1.253202e+01 4.971830e+01 2.457568e+01
      vertex 1.723048e+01 4.971830e+01 2.286558e+01
    endloop
  endfacet
  facet normal 1.254325e-01 -9.303234e-01 3.446231e-01
    outer loop
      vertex 1.274032e+01 5.111993e+01 2.514799e+01
      vertex 1.756820e+01 5.126910e+01 2.379346e+01
      vertex 1.286974e+01 5.126910e+01 2.550356e+01
    endloop
  endfacet
  facet normal 2.096958e-02 -9.981187e-01 5.761346e-02
    outer loop
      vertex 1.286974e+01 5.126910e+01 2.550356e+01
      vertex 1.756820e+01 5.126910e+01 2.379346e+01
      vertex 1.770704e+01 5.129403e+01 2.417493e+01
    endloop
  endfacet
  facet normal 2.096956e-02 -9.981187e-01 5.761342e-02
    outer loop
      vertex 1.286974e+01 5.126910e+01 2.550356e+01
      vertex 1.770704e+01 5.129403e+01 2.417493e+01
      vertex 1.300858e+01 5.129403e+01 2.588503e+01
    endloop
  endfacet
  facet normal -8.554958e-02 -9.682122e-01 -2.350456e-01
    outer loop
      vertex 1.300858e+01 5.129403e+01 2.588503e+01
      vertex 1.770704e+01 5.129403e+01 2.417493e+01
      vertex 1.784173e+01 5.119230e+01 2.454498e+01
    endloop
  endfacet
  facet normal -8.554934e-02 -9.682125e-01 -2.350447e-01
    outer loop
      vertex 1.300858e+01 5.129403e+01 2.588503e+01
      vertex 1.784173e+01 5.119230e+01 2.454498e+01
      vertex 1.314327e+01 5.119230e+01 2.625508e+01
    endloop
  endfacet
  facet normal -1.836904e-01 -8.435348e-01 -5.046849e-01
    outer loop
      vertex 1.314327e+01 5.119230e+01 2.625508e+01
      vertex 1.784173e+01 5.119230e+01 2.454498e+01
      vertex 1.795907e+01 5.097386e+01 2.486737e+01
    endloop
  endfacet
  facet normal -1.836909e-01 -8.435336e-01 -5.046868e-01
    outer loop
      vertex 1.314327e+01 5.119230e+01 2.625508e+01
      vertex 1.795907e+01 5.097386e+01 2.486737e+01
      vertex 1.326061e+01 5.097386e+01 2.657747e+01
    endloop
  endfacet
  facet normal -2.638556e-01 -6.362749e-01 -7.249377e-01
    outer loop
      vertex 1.326061e+01 5.097386e+01 2.657747e+01
      vertex 1.795907e+01 5.097386e+01 2.486737e+01
      vertex 1.804758e+01 5.066008e+01 2.511056e+01
    endloop
  endfacet
  facet normal -2.638550e-01 -6.362780e-01 -7.249351e-01
    outer loop
      vertex 1.326061e+01 5.097386e+01 2.657747e+01
      vertex 1.804758e+01 5.066008e+01 2.511056e+01
      vertex 1.334912e+01 5.066008e+01 2.682066e+01
    endloop
  endfacet
  facet normal -3.181886e-01 -3.667474e-01 -8.742152e-01
    outer loop
      vertex 1.334912e+01 5.066008e+01 2.682066e+01
      vertex 1.804758e+01 5.066008e+01 2.511056e+01
      vertex 1.809860e+01 5.028170e+01 2.525073e+01
    endloop
  endfacet
  facet normal -3.181889e-01 -3.667431e-01 -8.742171e-01
    outer loop
      vertex 1.334912e+01 5.066008e+01 2.682066e+01
      vertex 1.809860e+01 5.028170e+01 2.525073e+01
      vertex 1.340014e+01 5.028170e+01 2.696083e+01
    endloop
  endfacet
  facet normal 3.142259e-01 -3.948746e-01 8.633286e-01
    outer loop
      vertex 1.624555e+01 3.853844e+01 2.015951e+01
      vertex 1.136441e+01 3.729572e+01 2.136770e+01
      vertex 1.606287e+01 3.729572e+01 1.965760e+01
    endloop
  endfacet
  facet normal 3.251147e-01 -3.105041e-01 8.932456e-01
    outer loop
      vertex 1.606287e+01 3.729572e+01 1.965760e+01
      vertex 1.136441e+01 3.729572e+01 2.136770e+01
      vertex 1.122076e+01 3.600994e+01 2.097302e+01
    endloop
  endfacet
  facet normal 3.251147e-01 -3.105039e-01 8.932456e-01
    outer loop
      vertex 1.606287e+01 3.729572e+01 1.965760e+01
      vertex 1.122076e+01 3.600994e+01 2.097302e+01
      vertex 1.591922e+01 3.600994e+01 1.926292e+01
    endloop
  endfacet
  facet normal 3.333596e-01 -2.236103e-01 9.158984e-01
    outer loop
      vertex 1.591922e+01 3.600994e+01 1.926292e+01
      vertex 1.122076e+01 3.600994e+01 2.097302e+01
      vertex 1.111731e+01 3.469155e+01 2.068880e+01
    endloop
  endfacet
  facet normal 3.333599e-01 -2.236116e-01 9.158980e-01
    outer loop
      vertex 1.591922e+01 3.600994e+01 1.926292e+01
      vertex 1.111731e+01 3.469155e+01 2.068880e+01
      vertex 1.581577e+01 3.469155e+01 1.897870e+01
    endloop
  endfacet
  facet normal 3.388941e-01 -1.348981e-01 9.311033e-01
    outer loop
      vertex 1.581577e+01 3.469155e+01 1.897870e+01
      vertex 1.111731e+01 3.469155e+01 2.068880e+01
      vertex 1.105490e+01 3.335127e+01 2.051734e+01
    endloop
  endfacet
  facet normal 3.388938e-01 -1.348968e-01 9.311035e-01
    outer loop
      vertex 1.581577e+01 3.469155e+01 1.897870e+01
      vertex 1.105490e+01 3.335127e+01 2.051734e+01
      vertex 1.575336e+01 3.335127e+01 1.880724e+01
    endloop
  endfacet
  facet normal 3.416722e-01 -4.508801e-02 9.387370e-01
    outer loop
      vertex 1.575336e+01 3.335127e+01 1.880724e+01
      vertex 1.105490e+01 3.335127e+01 2.051734e+01
      vertex 1.103404e+01 3.200000e+01 2.046003e+01
    endloop
  endfacet
  facet normal 3.416723e-01 -4.508822e-02 9.387370e-01
    outer loop
      vertex 1.575336e+01 3.335127e+01 1.880724e+01
      vertex 1.103404e+01 3.200000e+01 2.046003e+01
      vertex 1.573250e+01 3.200000e+01 1.874993e+01
    endloop
  endfacet
  facet normal 3.142258e-01 -3.948744e-01 8.633286e-01
    outer loop
      vertex 1.136441e+01 3.729572e+01 2.136770e+01
      vertex 1.624555e+01 3.853844e+01 2.015951e+01
      vertex 1.154709e+01 3.853844e+01 2.186961e+01
    endloop
  endfacet
  facet normal 3.007821e-01 -4.760311e-01 8.263924e-01
    outer loop
      vertex 1.154709e+01 3.853844e+01 2.186961e+01
      vertex 1.624555e+01 3.853844e+01 2.015951e+01
      vertex 1.646578e+01 3.972799e+01 2.076458e+01
    endloop
  endfacet
  facet normal 3.007823e-01 -4.760323e-01 8.263918e-01
    outer loop
      vertex 1.154709e+01 3.853844e+01 2.186961e+01
      vertex 1.646578e+01 3.972799e+01 2.076458e+01
      vertex 1.176731e+01 3.972799e+01 2.247468e+01
    endloop
  endfacet
  facet normal 2.848924e-01 -5.533195e-01 7.827348e-01
    outer loop
      vertex 1.176731e+01 3.972799e+01 2.247468e+01
      vertex 1.646578e+01 3.972799e+01 2.076458e+01
      vertex 1.672176e+01 4.085470e+01 2.146788e+01
    endloop
  endfacet
  facet normal 2.848924e-01 -5.533193e-01 7.827350e-01
    outer loop
      vertex 1.176731e+01 3.972799e+01 2.247468e+01
      vertex 1.672176e+01 4.085470e+01 2.146788e+01
      vertex 1.202330e+01 4.085470e+01 2.317798e+01
    endloop
  endfacet
  facet normal 2.666860e-01 -6.261071e-01 7.327131e-01
    outer loop
      vertex 1.202330e+01 4.085470e+01 2.317798e+01
      vertex 1.672176e+01 4.085470e+01 2.146788e+01
      vertex 1.701142e+01 4.190941e+01 2.226371e+01
    endloop
  endfacet
  facet normal 2.666859e-01 -6.261064e-01 7.327137e-01
    outer loop
      vertex 1.202330e+01 4.085470e+01 2.317798e+01
      vertex 1.701142e+01 4.190941e+01 2.226371e+01
      vertex 1.231295e+01 4.190941e+01 2.397381e+01
    endloop
  endfacet
  facet normal 2.463105e-01 -6.938038e-01 6.767328e-01
    outer loop
      vertex 1.231295e+01 4.190941e+01 2.397381e+01
      vertex 1.701142e+01 4.190941e+01 2.226371e+01
      vertex 1.733239e+01 4.288353e+01 2.314558e+01
    endloop
  endfacet
  facet normal 2.463105e-01 -6.938038e-01 6.767329e-01
    outer loop
      vertex 1.231295e+01 4.190941e+01 2.397381e+01
      vertex 1.733239e+01 4.288353e+01 2.314558e+01
      vertex 1.263393e+01 4.288353e+01 2.485568e+01
    endloop
  endfacet
  facet normal 2.239328e-01 -7.558576e-01 6.152506e-01
    outer loop
      vertex 1.263393e+01 4.288353e+01 2.485568e+01
      vertex 1.733239e+01 4.288353e+01 2.314558e+01
      vertex 1.768208e+01 4.376916e+01 2.410633e+01
    endloop
  endfacet
  facet normal 2.239328e-01 -7.558577e-01 6.152505e-01
    outer loop
      vertex 1.263393e+01 4.288353e+01 2.485568e+01
      vertex 1.768208e+01 4.376916e+01 2.410633e+01
      vertex 1.298361e+01 4.376916e+01 2.581643e+01
    endloop
  endfacet
  facet normal 9.517290e-02 -9.605038e-01 2.614855e-01
    outer loop
      vertex 1.963483e+01 4.656397e+01 2.947147e+01
      vertex 1.453946e+01 4.622777e+01 3.009108e+01
      vertex 1.923792e+01 4.622777e+01 2.838098e+01
    endloop
  endfacet
  facet normal 1.213027e-01 -9.349933e-01 3.332766e-01
    outer loop
      vertex 1.923792e+01 4.622777e+01 2.838098e+01
      vertex 1.453946e+01 4.622777e+01 3.009108e+01
      vertex 1.415310e+01 4.579927e+01 2.902956e+01
    endloop
  endfacet
  facet normal 1.213027e-01 -9.349931e-01 3.332767e-01
    outer loop
      vertex 1.923792e+01 4.622777e+01 2.838098e+01
      vertex 1.415310e+01 4.579927e+01 2.902956e+01
      vertex 1.885156e+01 4.579927e+01 2.731946e+01
    endloop
  endfacet
  facet normal 1.466463e-01 -9.034159e-01 4.029075e-01
    outer loop
      vertex 1.885156e+01 4.579927e+01 2.731946e+01
      vertex 1.415310e+01 4.579927e+01 2.902956e+01
      vertex 1.377978e+01 4.528123e+01 2.800388e+01
    endloop
  endfacet
  facet normal 1.466463e-01 -9.034159e-01 4.029077e-01
    outer loop
      vertex 1.885156e+01 4.579927e+01 2.731946e+01
      vertex 1.377978e+01 4.528123e+01 2.800388e+01
      vertex 1.847824e+01 4.528123e+01 2.629378e+01
    endloop
  endfacet
  facet normal 9.517290e-02 -9.605038e-01 2.614855e-01
    outer loop
      vertex 1.453946e+01 4.622777e+01 3.009108e+01
      vertex 1.963483e+01 4.656397e+01 2.947147e+01
      vertex 1.493637e+01 4.656397e+01 3.118157e+01
    endloop
  endfacet
  facet normal 6.842433e-02 -9.797838e-01 1.879944e-01
    outer loop
      vertex 1.493637e+01 4.656397e+01 3.118157e+01
      vertex 1.963483e+01 4.656397e+01 2.947147e+01
      vertex 2.003970e+01 4.680568e+01 3.058385e+01
    endloop
  endfacet
  facet normal 6.842434e-02 -9.797838e-01 1.879944e-01
    outer loop
      vertex 1.493637e+01 4.656397e+01 3.118157e+01
      vertex 2.003970e+01 4.680568e+01 3.058385e+01
      vertex 1.534124e+01 4.680568e+01 3.229395e+01
    endloop
  endfacet
  facet normal 4.123400e-02 -9.927061e-01 1.132895e-01
    outer loop
      vertex 1.534124e+01 4.680568e+01 3.229395e+01
      vertex 2.003970e+01 4.680568e+01 3.058385e+01
      vertex 2.044991e+01 4.695134e+01 3.171091e+01
    endloop
  endfacet
  facet normal 4.123400e-02 -9.927061e-01 1.132895e-01
    outer loop
      vertex 1.534124e+01 4.680568e+01 3.229395e+01
      vertex 2.044991e+01 4.695134e+01 3.171091e+01
      vertex 1.575145e+01 4.695134e+01 3.342101e+01
    endloop
  endfacet
  facet normal 1.377386e-02 -9.991888e-01 3.784340e-02
    outer loop
      vertex 1.575145e+01 4.695134e+01 3.342101e+01
      vertex 2.044991e+01 4.695134e+01 3.171091e+01
      vertex 2.086281e+01 4.700000e+01 3.284531e+01
    endloop
  endfacet
  facet normal 1.377386e-02 -9.991888e-01 3.784333e-02
    outer loop
      vertex 1.575145e+01 4.695134e+01 3.342101e+01
      vertex 2.086281e+01 4.700000e+01 3.284531e+01
      vertex 1.616434e+01 4.700000e+01 3.455542e+01
    endloop
  endfacet
  facet normal -9.396924e-01 2.519327e-07 3.420208e-01
    outer loop
      vertex 1.377978e+01 4.528123e+01 2.800388e+01
      vertex 1.415310e+01 4.579927e+01 2.902956e+01
      vertex 1.340014e+01 5.028170e+01 2.696083e+01
    endloop
  endfacet
  facet normal -9.396902e-01 -5.491425e-07 3.420267e-01
    outer loop
      vertex 1.253202e+01 4.971830e+01 2.457568e+01
      vertex 1.252350e+01 5.012426e+01 2.455227e+01
      vertex 1.231295e+01 4.190941e+01 2.397381e+01
    endloop
  endfacet
  facet normal -9.396926e-01 1.778056e-08 3.420202e-01
    outer loop
      vertex 1.253202e+01 4.971830e+01 2.457568e+01
      vertex 1.231295e+01 4.190941e+01 2.397381e+01
      vertex 1.263393e+01 4.288353e+01 2.485568e+01
    endloop
  endfacet
  facet normal -9.396924e-01 3.493203e-08 3.420206e-01
    outer loop
      vertex 1.253202e+01 4.971830e+01 2.457568e+01
      vertex 1.263393e+01 4.288353e+01 2.485568e+01
      vertex 1.298361e+01 4.376916e+01 2.581643e+01
    endloop
  endfacet
  facet normal -9.396840e-01 0.000000e+00 3.420440e-01
    outer loop
      vertex 3.600151e+01 3.200000e+01 8.905759e+01
      vertex 3.600151e+01 1.000000e+01 8.905759e+01
      vertex 3.602240e+01 8.896517e+00 8.911497e+01
    endloop
  endfacet
  facet normal -9.396978e-01 -1.068464e-07 3.420060e-01
    outer loop
      vertex 3.600151e+01 3.200000e+01 8.905759e+01
      vertex 3.602240e+01 8.896517e+00 8.911497e+01
      vertex 3.608480e+01 7.806511e+00 8.928644e+01
    endloop
  endfacet
  facet normal -9.396914e-01 8.150737e-08 3.420236e-01
    outer loop
      vertex 3.600151e+01 3.200000e+01 8.905759e+01
      vertex 3.608480e+01 7.806511e+00 8.928644e+01
      vertex 3.618797e+01 6.743297e+00 8.956988e+01
    endloop
  endfacet
  facet normal -9.396924e-01 1.344194e-08 3.420206e-01
    outer loop
      vertex 3.600151e+01 3.200000e+01 8.905759e+01
      vertex 3.618797e+01 6.743297e+00 8.956988e+01
      vertex 3.633063e+01 5.719860e+00 8.996184e+01
    endloop
  endfacet
  facet normal -9.396909e-01 1.821137e-07 3.420250e-01
    outer loop
      vertex 3.600151e+01 3.200000e+01 8.905759e+01
      vertex 3.633063e+01 5.719860e+00 8.996184e+01
      vertex 3.651105e+01 4.748701e+00 9.045752e+01
    endloop
  endfacet
  facet normal -9.396993e-01 -1.159091e-06 3.420019e-01
    outer loop
      vertex 3.597963e+01 3.338403e+01 8.899746e+01
      vertex 3.600151e+01 3.200000e+01 8.905759e+01
      vertex 3.651105e+01 4.748701e+00 9.045752e+01
    endloop
  endfacet
  facet normal -9.396945e-01 -4.004046e-07 3.420151e-01
    outer loop
      vertex 3.597963e+01 3.338403e+01 8.899746e+01
      vertex 3.651105e+01 4.748701e+00 9.045752e+01
      vertex 3.672701e+01 3.841682e+00 9.105089e+01
    endloop
  endfacet
  facet normal -9.396934e-01 -1.574953e-07 3.420182e-01
    outer loop
      vertex 3.597963e+01 3.338403e+01 8.899746e+01
      vertex 3.672701e+01 3.841682e+00 9.105089e+01
      vertex 3.697589e+01 3.009881e+00 9.173468e+01
    endloop
  endfacet
  facet normal -9.396920e-01 2.428389e-07 3.420220e-01
    outer loop
      vertex 3.597963e+01 3.338403e+01 8.899746e+01
      vertex 3.697589e+01 3.009881e+00 9.173468e+01
      vertex 3.725465e+01 2.263458e+00 9.250055e+01
    endloop
  endfacet
  facet normal -9.396920e-01 2.257949e-07 3.420217e-01
    outer loop
      vertex 3.597963e+01 3.338403e+01 8.899746e+01
      vertex 3.725465e+01 2.263458e+00 9.250055e+01
      vertex 3.755987e+01 1.611529e+00 9.333913e+01
    endloop
  endfacet
  facet normal -9.396932e-01 -3.073301e-07 3.420186e-01
    outer loop
      vertex 3.597963e+01 3.338403e+01 8.899746e+01
      vertex 3.755987e+01 1.611529e+00 9.333913e+01
      vertex 3.788783e+01 1.062057e+00 9.424020e+01
    endloop
  endfacet
  facet normal -9.396946e-01 -1.014367e-06 3.420148e-01
    outer loop
      vertex 3.591416e+01 3.475624e+01 8.881759e+01
      vertex 3.597963e+01 3.338403e+01 8.899746e+01
      vertex 3.788783e+01 1.062057e+00 9.424020e+01
    endloop
  endfacet
  facet normal -9.396924e-01 9.049798e-08 3.420206e-01
    outer loop
      vertex 3.591416e+01 3.475624e+01 8.881759e+01
      vertex 3.788783e+01 1.062057e+00 9.424020e+01
      vertex 3.823453e+01 6.217543e-01 9.519275e+01
    endloop
  endfacet
  facet normal -9.396927e-01 -1.127323e-07 3.420197e-01
    outer loop
      vertex 3.591416e+01 3.475624e+01 8.881759e+01
      vertex 3.823453e+01 6.217543e-01 9.519275e+01
      vertex 3.859573e+01 2.959977e-01 9.618513e+01
    endloop
  endfacet
  facet normal -9.396926e-01 0.000000e+00 3.420201e-01
    outer loop
      vertex 3.896701e+01 7.000000e+01 9.720524e+01
      vertex 5.052567e+00 7.000000e+01 4.026061e+00
      vertex 1.616434e+01 4.700000e+01 3.455542e+01
    endloop
  endfacet
  facet normal -9.396926e-01 -9.257102e-08 3.420202e-01
    outer loop
      vertex 3.896701e+01 7.000000e+01 9.720524e+01
      vertex 1.616434e+01 4.700000e+01 3.455542e+01
      vertex 3.087121e+01 4.700000e+01 7.496220e+01
    endloop
  endfacet
  facet normal -9.396929e-01 9.151460e-07 3.420193e-01
    outer loop
      vertex 3.896701e+01 7.000000e+01 9.720524e+01
      vertex 3.087121e+01 4.700000e+01 7.496220e+01
      vertex 3.134457e+01 4.693601e+01 7.626276e+01
    endloop
  endfacet
  facet normal -9.396924e-01 -8.497244e-07 3.420209e-01
    outer loop
      vertex 3.896701e+01 7.000000e+01 9.720524e+01
      vertex 3.134457e+01 4.693601e+01 7.626276e+01
      vertex 3.181390e+01 4.674460e+01 7.755222e+01
    endloop
  endfacet
  facet normal -9.396928e-01 4.015568e-07 3.420196e-01
    outer loop
      vertex 3.896701e+01 7.000000e+01 9.720524e+01
      vertex 3.181390e+01 4.674460e+01 7.755222e+01
      vertex 3.227518e+01 4.642738e+01 7.881959e+01
    endloop
  endfacet
  facet normal -9.396928e-01 3.855030e-07 3.420198e-01
    outer loop
      vertex 3.896701e+01 7.000000e+01 9.720524e+01
      vertex 3.227518e+01 4.642738e+01 7.881959e+01
      vertex 3.272449e+01 4.598708e+01 8.005404e+01
    endloop
  endfacet
  facet normal -9.396926e-01 1.876864e-07 3.420202e-01
    outer loop
      vertex 3.896701e+01 7.000000e+01 9.720524e+01
      vertex 3.272449e+01 4.598708e+01 8.005404e+01
      vertex 3.315798e+01 4.542745e+01 8.124506e+01
    endloop
  endfacet
  facet normal -9.396924e-01 -1.852091e-07 3.420208e-01
    outer loop
      vertex 3.896701e+01 7.000000e+01 9.720524e+01
      vertex 3.315798e+01 4.542745e+01 8.124506e+01
      vertex 3.357196e+01 4.475326e+01 8.238246e+01
    endloop
  endfacet
  facet normal -9.396927e-01 1.851386e-07 3.420199e-01
    outer loop
      vertex 3.896701e+01 7.000000e+01 9.720524e+01
      vertex 3.357196e+01 4.475326e+01 8.238246e+01
      vertex 3.396291e+01 4.397026e+01 8.345657e+01
    endloop
  endfacet
  facet normal -9.396920e-01 -8.436320e-07 3.420217e-01
    outer loop
      vertex 3.896701e+01 7.000000e+01 9.720524e+01
      vertex 3.396291e+01 4.397026e+01 8.345657e+01
      vertex 3.432747e+01 4.308513e+01 8.445820e+01
    endloop
  endfacet
  facet normal -9.396930e-01 3.847574e-07 3.420189e-01
    outer loop
      vertex 3.896701e+01 7.000000e+01 9.720524e+01
      vertex 3.432747e+01 4.308513e+01 8.445820e+01
      vertex 3.466255e+01 4.210543e+01 8.537881e+01
    endloop
  endfacet
  facet normal -9.396929e-01 4.004381e-07 3.420194e-01
    outer loop
      vertex 3.896701e+01 7.000000e+01 9.720524e+01
      vertex 3.466255e+01 4.210543e+01 8.537881e+01
      vertex 3.496528e+01 4.103952e+01 8.621056e+01
    endloop
  endfacet
  facet normal -9.396921e-01 -5.290850e-07 3.420215e-01
    outer loop
      vertex 3.896701e+01 7.000000e+01 9.720524e+01
      vertex 3.496528e+01 4.103952e+01 8.621056e+01
      vertex 3.523308e+01 3.989648e+01 8.694634e+01
    endloop
  endfacet
  facet normal -9.396924e-01 -3.415149e-07 3.420208e-01
    outer loop
      vertex 3.896701e+01 7.000000e+01 9.720524e+01
      vertex 3.523308e+01 3.989648e+01 8.694634e+01
      vertex 3.546367e+01 3.868608e+01 8.757987e+01
    endloop
  endfacet
  facet normal -9.396929e-01 2.500862e-07 3.420194e-01
    outer loop
      vertex 3.896701e+01 7.000000e+01 9.720524e+01
      vertex 3.546367e+01 3.868608e+01 8.757987e+01
      vertex 3.565508e+01 3.741862e+01 8.810576e+01
    endloop
  endfacet
  facet normal -9.396940e-01 1.197967e-06 3.420161e-01
    outer loop
      vertex 3.896701e+01 7.000000e+01 9.720524e+01
      vertex 3.565508e+01 3.741862e+01 8.810576e+01
      vertex 3.580566e+01 3.610495e+01 8.851951e+01
    endloop
  endfacet
  facet normal -9.396918e-01 -4.928943e-07 3.420223e-01
    outer loop
      vertex 3.896701e+01 7.000000e+01 9.720524e+01
      vertex 3.580566e+01 3.610495e+01 8.851951e+01
      vertex 3.591416e+01 3.475624e+01 8.881759e+01
    endloop
  endfacet
  facet normal -9.396926e-01 1.143269e-08 3.420202e-01
    outer loop
      vertex 3.896701e+01 7.000000e+01 9.720524e+01
      vertex 3.591416e+01 3.475624e+01 8.881759e+01
      vertex 3.859573e+01 2.959977e-01 9.618513e+01
    endloop
  endfacet
  facet normal -9.396924e-01 0.000000e+00 3.420210e-01
    outer loop
      vertex 3.896701e+01 7.000000e+01 9.720524e+01
      vertex 3.859573e+01 2.959977e-01 9.618513e+01
      vertex 3.896701e+01 8.876642e-02 9.720524e+01
    endloop
  endfacet
  facet normal -9.396926e-01 0.000000e+00 3.420202e-01
    outer loop
      vertex 5.052567e+00 7.000000e+01 4.026061e+00
      vertex 5.052567e+00 0.000000e+00 4.026061e+00
      vertex 7.613840e+00 0.000000e+00 1.106310e+01
    endloop
  endfacet
  facet normal -9.396927e-01 -2.419080e-08 3.420198e-01
    outer loop
      vertex 5.052567e+00 7.000000e+01 4.026061e+00
      vertex 7.613840e+00 0.000000e+00 1.106310e+01
      vertex 7.996780e+00 6.287790e-02 1.211522e+01
    endloop
  endfacet
  facet normal -9.396927e-01 -2.416295e-08 3.420201e-01
    outer loop
      vertex 5.052567e+00 7.000000e+01 4.026061e+00
      vertex 7.996780e+00 6.287790e-02 1.211522e+01
      vertex 8.374906e+00 2.507209e-01 1.315411e+01
    endloop
  endfacet
  facet normal -9.396925e-01 4.879613e-08 3.420205e-01
    outer loop
      vertex 5.052567e+00 7.000000e+01 4.026061e+00
      vertex 8.374906e+00 2.507209e-01 1.315411e+01
      vertex 8.743461e+00 5.611667e-01 1.416671e+01
    endloop
  endfacet
  facet normal -9.396924e-01 9.963572e-08 3.420208e-01
    outer loop
      vertex 5.052567e+00 7.000000e+01 4.026061e+00
      vertex 8.743461e+00 5.611667e-01 1.416671e+01
      vertex 9.097810e+00 9.903113e-01 1.514027e+01
    endloop
  endfacet
  facet normal -9.396929e-01 -1.543416e-07 3.420194e-01
    outer loop
      vertex 5.052567e+00 7.000000e+01 4.026061e+00
      vertex 9.097810e+00 9.903113e-01 1.514027e+01
      vertex 9.433496e+00 1.532758e+00 1.606257e+01
    endloop
  endfacet
  facet normal -9.396923e-01 1.075614e-07 3.420211e-01
    outer loop
      vertex 5.052567e+00 7.000000e+01 4.026061e+00
      vertex 9.433496e+00 1.532758e+00 1.606257e+01
      vertex 9.746301e+00 2.181685e+00 1.692199e+01
    endloop
  endfacet
  facet normal -9.396927e-01 0.000000e+00 3.420198e-01
    outer loop
      vertex 5.052567e+00 7.000000e+01 4.026061e+00
      vertex 9.746301e+00 2.181685e+00 1.692199e+01
      vertex 1.003229e+01 2.928932e+00 1.770773e+01
    endloop
  endfacet
  facet normal -9.396924e-01 1.224762e-07 3.420208e-01
    outer loop
      vertex 5.052567e+00 7.000000e+01 4.026061e+00
      vertex 1.003229e+01 2.928932e+00 1.770773e+01
      vertex 1.028786e+01 3.765102e+00 1.840991e+01
    endloop
  endfacet
  facet normal -9.396930e-01 -1.338933e-07 3.420191e-01
    outer loop
      vertex 5.052567e+00 7.000000e+01 4.026061e+00
      vertex 1.028786e+01 3.765102e+00 1.840991e+01
      vertex 1.050981e+01 4.679679e+00 1.901970e+01
    endloop
  endfacet
  facet normal -9.396927e-01 0.000000e+00 3.420199e-01
    outer loop
      vertex 5.052567e+00 7.000000e+01 4.026061e+00
      vertex 1.050981e+01 4.679679e+00 1.901970e+01
      vertex 1.069533e+01 5.661162e+00 1.952944e+01
    endloop
  endfacet
  facet normal -9.396929e-01 0.000000e+00 3.420193e-01
    outer loop
      vertex 5.052567e+00 7.000000e+01 4.026061e+00
      vertex 1.069533e+01 5.661162e+00 1.952944e+01
      vertex 1.084211e+01 6.697209e+00 1.993270e+01
    endloop
  endfacet
  facet normal -9.396923e-01 2.013410e-07 3.420212e-01
    outer loop
      vertex 5.052567e+00 7.000000e+01 4.026061e+00
      vertex 1.084211e+01 6.697209e+00 1.993270e+01
      vertex 1.094829e+01 7.774791e+00 2.022443e+01
    endloop
  endfacet
  facet normal -9.396928e-01 -2.481417e-07 3.420197e-01
    outer loop
      vertex 5.052567e+00 7.000000e+01 4.026061e+00
      vertex 1.094829e+01 7.774791e+00 2.022443e+01
      vertex 1.101254e+01 8.880355e+00 2.040094e+01
    endloop
  endfacet
  facet normal -9.396919e-01 6.533769e-07 3.420219e-01
    outer loop
      vertex 5.052567e+00 7.000000e+01 4.026061e+00
      vertex 1.101254e+01 8.880355e+00 2.040094e+01
      vertex 1.103404e+01 1.000000e+01 2.046003e+01
    endloop
  endfacet
  facet normal -9.396927e-01 0.000000e+00 3.420202e-01
    outer loop
      vertex 5.052567e+00 7.000000e+01 4.026061e+00
      vertex 1.103404e+01 1.000000e+01 2.046003e+01
      vertex 1.103404e+01 3.200000e+01 2.046003e+01
    endloop
  endfacet
  facet normal -9.396927e-01 -2.940104e-07 3.420200e-01
    outer loop
      vertex 5.052567e+00 7.000000e+01 4.026061e+00
      vertex 1.103404e+01 3.200000e+01 2.046003e+01
      vertex 1.105490e+01 3.335127e+01 2.051734e+01
    endloop
  endfacet
  facet normal -9.396930e-01 -2.525562e-07 3.420192e-01
    outer loop
      vertex 5.052567e+00 7.000000e+01 4.026061e+00
      vertex 1.105490e+01 3.335127e+01 2.051734e+01
      vertex 1.111731e+01 3.469155e+01 2.068880e+01
    endloop
  endfacet
  facet normal -9.396926e-01 0.000000e+00 3.420202e-01
    outer loop
      vertex 5.052567e+00 7.000000e+01 4.026061e+00
      vertex 1.111731e+01 3.469155e+01 2.068880e+01
      vertex 1.122076e+01 3.600994e+01 2.097302e+01
    endloop
  endfacet
  facet normal -9.396925e-01 2.036435e-07 3.420205e-01
    outer loop
      vertex 5.052567e+00 7.000000e+01 4.026061e+00
      vertex 1.122076e+01 3.600994e+01 2.097302e+01
      vertex 1.136441e+01 3.729572e+01 2.136770e+01
    endloop
  endfacet
  facet normal -9.396925e-01 1.888374e-07 3.420204e-01
    outer loop
      vertex 5.052567e+00 7.000000e+01 4.026061e+00
      vertex 1.136441e+01 3.729572e+01 2.136770e+01
      vertex 1.154709e+01 3.853844e+01 2.186961e+01
    endloop
  endfacet
  facet normal -9.396926e-01 0.000000e+00 3.420201e-01
    outer loop
      vertex 5.052567e+00 7.000000e+01 4.026061e+00
      vertex 1.154709e+01 3.853844e+01 2.186961e+01
      vertex 1.176731e+01 3.972799e+01 2.247468e+01
    endloop
  endfacet
  facet normal -9.396926e-01 0.000000e+00 3.420205e-01
    outer loop
      vertex 5.052567e+00 7.000000e+01 4.026061e+00
      vertex 1.176731e+01 3.972799e+01 2.247468e+01
      vertex 1.202330e+01 4.085470e+01 2.317798e+01
    endloop
  endfacet
  facet normal -9.396925e-01 0.000000e+00 3.420205e-01
    outer loop
      vertex 5.052567e+00 7.000000e+01 4.026061e+00
      vertex 1.202330e+01 4.085470e+01 2.317798e+01
      vertex 1.231295e+01 4.190941e+01 2.397381e+01
    endloop
  endfacet
  facet normal -9.396927e-01 -7.960691e-08 3.420201e-01
    outer loop
      vertex 5.052567e+00 7.000000e+01 4.026061e+00
      vertex 1.231295e+01 4.190941e+01 2.397381e+01
      vertex 1.252350e+01 5.012426e+01 2.455227e+01
    endloop
  endfacet
  facet normal -9.396925e-01 0.000000e+00 3.420206e-01
    outer loop
      vertex 5.052567e+00 7.000000e+01 4.026061e+00
      vertex 1.252350e+01 5.012426e+01 2.455227e+01
      vertex 1.255829e+01 5.051806e+01 2.464787e+01
    endloop
  endfacet
  facet normal -9.396925e-01 2.589583e-06 3.420205e-01
    outer loop
      vertex 5.052567e+00 7.000000e+01 4.026061e+00
      vertex 1.255829e+01 5.051806e+01 2.464787e+01
      vertex 1.263300e+01 5.086114e+01 2.485314e+01
    endloop
  endfacet
  facet normal -9.396929e-01 0.000000e+00 3.420195e-01
    outer loop
      vertex 5.052567e+00 7.000000e+01 4.026061e+00
      vertex 1.263300e+01 5.086114e+01 2.485314e+01
      vertex 1.274032e+01 5.111993e+01 2.514799e+01
    endloop
  endfacet
  facet normal -9.396924e-01 0.000000e+00 3.420207e-01
    outer loop
      vertex 5.052567e+00 7.000000e+01 4.026061e+00
      vertex 1.274032e+01 5.111993e+01 2.514799e+01
      vertex 1.286974e+01 5.126910e+01 2.550356e+01
    endloop
  endfacet
  facet normal -9.396922e-01 0.000000e+00 3.420212e-01
    outer loop
      vertex 5.052567e+00 7.000000e+01 4.026061e+00
      vertex 1.286974e+01 5.126910e+01 2.550356e+01
      vertex 1.300858e+01 5.129403e+01 2.588503e+01
    endloop
  endfacet
  facet normal -9.396930e-01 0.000000e+00 3.420192e-01
    outer loop
      vertex 5.052567e+00 7.000000e+01 4.026061e+00
      vertex 1.300858e+01 5.129403e+01 2.588503e+01
      vertex 1.314327e+01 5.119230e+01 2.625508e+01
    endloop
  endfacet
  facet normal -9.396898e-01 1.187226e-05 3.420281e-01
    outer loop
      vertex 5.052567e+00 7.000000e+01 4.026061e+00
      vertex 1.314327e+01 5.119230e+01 2.625508e+01
      vertex 1.326061e+01 5.097386e+01 2.657747e+01
    endloop
  endfacet
  facet normal -9.396928e-01 -9.711664e-07 3.420196e-01
    outer loop
      vertex 5.052567e+00 7.000000e+01 4.026061e+00
      vertex 1.326061e+01 5.097386e+01 2.657747e+01
      vertex 1.534124e+01 4.680568e+01 3.229395e+01
    endloop
  endfacet
  facet normal -9.396927e-01 0.000000e+00 3.420201e-01
    outer loop
      vertex 5.052567e+00 7.000000e+01 4.026061e+00
      vertex 1.534124e+01 4.680568e+01 3.229395e+01
      vertex 1.575145e+01 4.695134e+01 3.342101e+01
    endloop
  endfacet
  facet normal -9.396928e-01 0.000000e+00 3.420196e-01
    outer loop
      vertex 5.052567e+00 7.000000e+01 4.026061e+00
      vertex 1.575145e+01 4.695134e+01 3.342101e+01
      vertex 1.616434e+01 4.700000e+01 3.455542e+01
    endloop
  endfacet
  facet normal -9.396932e-01 -9.064112e-07 3.420185e-01
    outer loop
      vertex 1.334912e+01 5.066008e+01 2.682066e+01
      vertex 1.340014e+01 5.028170e+01 2.696083e+01
      vertex 1.415310e+01 4.579927e+01 2.902956e+01
    endloop
  endfacet
  facet normal -9.396927e-01 -2.201360e-07 3.420200e-01
    outer loop
      vertex 1.334912e+01 5.066008e+01 2.682066e+01
      vertex 1.415310e+01 4.579927e+01 2.902956e+01
      vertex 1.453946e+01 4.622777e+01 3.009108e+01
    endloop
  endfacet
  facet normal -9.396926e-01 -1.510491e-07 3.420201e-01
    outer loop
      vertex 1.334912e+01 5.066008e+01 2.682066e+01
      vertex 1.453946e+01 4.622777e+01 3.009108e+01
      vertex 1.493637e+01 4.656397e+01 3.118157e+01
    endloop
  endfacet
  facet normal -9.396926e-01 0.000000e+00 3.420201e-01
    outer loop
      vertex 1.334912e+01 5.066008e+01 2.682066e+01
      vertex 1.493637e+01 4.656397e+01 3.118157e+01
      vertex 1.534124e+01 4.680568e+01 3.229395e+01
    endloop
  endfacet
  facet normal -9.396917e-01 4.344113e-06 3.420228e-01
    outer loop
      vertex 1.334912e+01 5.066008e+01 2.682066e+01
      vertex 1.534124e+01 4.680568e+01 3.229395e+01
      vertex 1.326061e+01 5.097386e+01 2.657747e+01
    endloop
  endfacet
  facet normal 9.396955e-01 4.169732e-06 -3.420122e-01
    outer loop
      vertex 1.804758e+01 5.066008e+01 2.511056e+01
      vertex 1.885156e+01 4.579927e+01 2.731946e+01
      vertex 1.809860e+01 5.028170e+01 2.525073e+01
    endloop
  endfacet
  facet normal 9.396926e-01 7.903773e-08 -3.420202e-01
    outer loop
      vertex 1.885156e+01 4.579927e+01 2.731946e+01
      vertex 1.847824e+01 4.528123e+01 2.629378e+01
      vertex 1.809860e+01 5.028170e+01 2.525073e+01
    endloop
  endfacet
  facet normal 9.396924e-01 9.041230e-08 -3.420207e-01
    outer loop
      vertex 1.723048e+01 4.971830e+01 2.286558e+01
      vertex 1.768208e+01 4.376916e+01 2.410633e+01
      vertex 1.733239e+01 4.288353e+01 2.314558e+01
    endloop
  endfacet
  facet normal 9.396922e-01 6.778836e-08 -3.420212e-01
    outer loop
      vertex 1.723048e+01 4.971830e+01 2.286558e+01
      vertex 1.733239e+01 4.288353e+01 2.314558e+01
      vertex 1.701142e+01 4.190941e+01 2.226371e+01
    endloop
  endfacet
  facet normal 9.396994e-01 -1.634068e-06 -3.420017e-01
    outer loop
      vertex 1.723048e+01 4.971830e+01 2.286558e+01
      vertex 1.701142e+01 4.190941e+01 2.226371e+01
      vertex 1.722196e+01 5.012426e+01 2.284217e+01
    endloop
  endfacet
  facet normal 9.396937e-01 0.000000e+00 -3.420172e-01
    outer loop
      vertex 3.953693e+01 7.000000e+01 8.415204e+01
      vertex 3.953693e+01 4.151063e+01 8.415204e+01
      vertex 3.923425e+01 4.249758e+01 8.332044e+01
    endloop
  endfacet
  facet normal 9.396914e-01 2.237275e-07 -3.420237e-01
    outer loop
      vertex 3.953693e+01 7.000000e+01 8.415204e+01
      vertex 3.923425e+01 4.249758e+01 8.332044e+01
      vertex 3.890295e+01 4.340255e+01 8.241022e+01
    endloop
  endfacet
  facet normal 9.396927e-01 -5.695916e-08 -3.420199e-01
    outer loop
      vertex 3.953693e+01 7.000000e+01 8.415204e+01
      vertex 3.890295e+01 4.340255e+01 8.241022e+01
      vertex 3.854562e+01 4.421846e+01 8.142846e+01
    endloop
  endfacet
  facet normal 9.396929e-01 -1.007107e-07 -3.420195e-01
    outer loop
      vertex 3.953693e+01 7.000000e+01 8.415204e+01
      vertex 3.854562e+01 4.421846e+01 8.142846e+01
      vertex 3.816505e+01 4.493895e+01 8.038285e+01
    endloop
  endfacet
  facet normal 9.396929e-01 -8.981195e-08 -3.420196e-01
    outer loop
      vertex 3.953693e+01 7.000000e+01 8.415204e+01
      vertex 3.816505e+01 4.493895e+01 8.038285e+01
      vertex 3.776421e+01 4.555838e+01 7.928155e+01
    endloop
  endfacet
  facet normal 9.396927e-01 0.000000e+00 -3.420199e-01
    outer loop
      vertex 3.953693e+01 7.000000e+01 8.415204e+01
      vertex 3.776421e+01 4.555838e+01 7.928155e+01
      vertex 3.734623e+01 4.607193e+01 7.813316e+01
    endloop
  endfacet
  facet normal 9.396923e-01 3.489207e-07 -3.420210e-01
    outer loop
      vertex 3.953693e+01 7.000000e+01 8.415204e+01
      vertex 3.734623e+01 4.607193e+01 7.813316e+01
      vertex 3.691438e+01 4.647557e+01 7.694664e+01
    endloop
  endfacet
  facet normal 9.396924e-01 5.841127e-08 -3.420204e-01
    outer loop
      vertex 3.953693e+01 7.000000e+01 8.415204e+01
      vertex 3.691438e+01 4.647557e+01 7.694664e+01
      vertex 3.647202e+01 4.676616e+01 7.573128e+01
    endloop
  endfacet
  facet normal 9.396927e-01 -1.782607e-07 -3.420199e-01
    outer loop
      vertex 3.953693e+01 7.000000e+01 8.415204e+01
      vertex 3.647202e+01 4.676616e+01 7.573128e+01
      vertex 3.602261e+01 4.694143e+01 7.449654e+01
    endloop
  endfacet
  facet normal 9.396924e-01 1.225070e-07 -3.420207e-01
    outer loop
      vertex 3.953693e+01 7.000000e+01 8.415204e+01
      vertex 3.602261e+01 4.694143e+01 7.449654e+01
      vertex 3.556967e+01 4.700000e+01 7.325210e+01
    endloop
  endfacet
  facet normal 9.396926e-01 -4.628550e-08 -3.420201e-01
    outer loop
      vertex 3.953693e+01 7.000000e+01 8.415204e+01
      vertex 3.556967e+01 4.700000e+01 7.325210e+01
      vertex 2.086281e+01 4.700000e+01 3.284531e+01
    endloop
  endfacet
  facet normal 9.396926e-01 7.512190e-08 -3.420201e-01
    outer loop
      vertex 3.953693e+01 7.000000e+01 8.415204e+01
      vertex 2.086281e+01 4.700000e+01 3.284531e+01
      vertex 1.537301e+01 7.000000e+01 1.776222e+01
    endloop
  endfacet
  facet normal 9.396924e-01 -2.672585e-07 -3.420205e-01
    outer loop
      vertex 1.537301e+01 7.000000e+01 1.776222e+01
      vertex 2.086281e+01 4.700000e+01 3.284531e+01
      vertex 2.044991e+01 4.695134e+01 3.171091e+01
    endloop
  endfacet
  facet normal 9.396927e-01 0.000000e+00 -3.420201e-01
    outer loop
      vertex 1.537301e+01 7.000000e+01 1.776222e+01
      vertex 2.044991e+01 4.695134e+01 3.171091e+01
      vertex 2.003970e+01 4.680568e+01 3.058385e+01
    endloop
  endfacet
  facet normal 9.396927e-01 0.000000e+00 -3.420198e-01
    outer loop
      vertex 1.537301e+01 7.000000e+01 1.776222e+01
      vertex 2.003970e+01 4.680568e+01 3.058385e+01
      vertex 1.963483e+01 4.656397e+01 2.947147e+01
    endloop
  endfacet
  facet normal 9.396927e-01 0.000000e+00 -3.420199e-01
    outer loop
      vertex 1.537301e+01 7.000000e+01 1.776222e+01
      vertex 1.963483e+01 4.656397e+01 2.947147e+01
      vertex 1.923792e+01 4.622777e+01 2.838098e+01
    endloop
  endfacet
  facet normal 9.396927e-01 1.203504e-07 -3.420199e-01
    outer loop
      vertex 1.537301e+01 7.000000e+01 1.776222e+01
      vertex 1.923792e+01 4.622777e+01 2.838098e+01
      vertex 1.885156e+01 4.579927e+01 2.731946e+01
    endloop
  endfacet
  facet normal 9.396917e-01 -1.024035e-06 -3.420227e-01
    outer loop
      vertex 1.537301e+01 7.000000e+01 1.776222e+01
      vertex 1.885156e+01 4.579927e+01 2.731946e+01
      vertex 1.804758e+01 5.066008e+01 2.511056e+01
    endloop
  endfacet
  facet normal 9.396951e-01 2.242809e-06 -3.420134e-01
    outer loop
      vertex 1.537301e+01 7.000000e+01 1.776222e+01
      vertex 1.804758e+01 5.066008e+01 2.511056e+01
      vertex 1.795907e+01 5.097386e+01 2.486737e+01
    endloop
  endfacet
  facet normal 9.396929e-01 3.911762e-07 -3.420194e-01
    outer loop
      vertex 1.537301e+01 7.000000e+01 1.776222e+01
      vertex 1.795907e+01 5.097386e+01 2.486737e+01
      vertex 1.784173e+01 5.119230e+01 2.454498e+01
    endloop
  endfacet
  facet normal 9.396911e-01 -1.429353e-06 -3.420242e-01
    outer loop
      vertex 1.537301e+01 7.000000e+01 1.776222e+01
      vertex 1.784173e+01 5.119230e+01 2.454498e+01
      vertex 1.770704e+01 5.129403e+01 2.417493e+01
    endloop
  endfacet
  facet normal 9.396933e-01 7.369936e-07 -3.420181e-01
    outer loop
      vertex 1.537301e+01 7.000000e+01 1.776222e+01
      vertex 1.770704e+01 5.129403e+01 2.417493e+01
      vertex 1.756820e+01 5.126910e+01 2.379346e+01
    endloop
  endfacet
  facet normal 9.396925e-01 0.000000e+00 -3.420202e-01
    outer loop
      vertex 1.537301e+01 7.000000e+01 1.776222e+01
      vertex 1.756820e+01 5.126910e+01 2.379346e+01
      vertex 1.743878e+01 5.111993e+01 2.343789e+01
    endloop
  endfacet
  facet normal 9.396921e-01 -5.095005e-07 -3.420216e-01
    outer loop
      vertex 1.537301e+01 7.000000e+01 1.776222e+01
      vertex 1.743878e+01 5.111993e+01 2.343789e+01
      vertex 1.733147e+01 5.086114e+01 2.314304e+01
    endloop
  endfacet
  facet normal 9.396923e-01 -3.103741e-07 -3.420211e-01
    outer loop
      vertex 1.537301e+01 7.000000e+01 1.776222e+01
      vertex 1.733147e+01 5.086114e+01 2.314304e+01
      vertex 1.725675e+01 5.051806e+01 2.293777e+01
    endloop
  endfacet
  facet normal 9.396942e-01 1.378511e-06 -3.420159e-01
    outer loop
      vertex 1.537301e+01 7.000000e+01 1.776222e+01
      vertex 1.725675e+01 5.051806e+01 2.293777e+01
      vertex 1.722196e+01 5.012426e+01 2.284217e+01
    endloop
  endfacet
  facet normal 9.396924e-01 -1.178529e-07 -3.420205e-01
    outer loop
      vertex 1.537301e+01 7.000000e+01 1.776222e+01
      vertex 1.722196e+01 5.012426e+01 2.284217e+01
      vertex 1.701142e+01 4.190941e+01 2.226371e+01
    endloop
  endfacet
  facet normal 9.396930e-01 1.818578e-07 -3.420190e-01
    outer loop
      vertex 1.537301e+01 7.000000e+01 1.776222e+01
      vertex 1.701142e+01 4.190941e+01 2.226371e+01
      vertex 1.672176e+01 4.085470e+01 2.146788e+01
    endloop
  endfacet
  facet normal 9.396924e-01 -1.089633e-07 -3.420210e-01
    outer loop
      vertex 1.537301e+01 7.000000e+01 1.776222e+01
      vertex 1.672176e+01 4.085470e+01 2.146788e+01
      vertex 1.646578e+01 3.972799e+01 2.076458e+01
    endloop
  endfacet
  facet normal 9.396929e-01 5.117858e-08 -3.420195e-01
    outer loop
      vertex 1.537301e+01 7.000000e+01 1.776222e+01
      vertex 1.646578e+01 3.972799e+01 2.076458e+01
      vertex 1.624555e+01 3.853844e+01 2.015951e+01
    endloop
  endfacet
  facet normal 9.396919e-01 -1.611364e-07 -3.420219e-01
    outer loop
      vertex 1.537301e+01 7.000000e+01 1.776222e+01
      vertex 1.624555e+01 3.853844e+01 2.015951e+01
      vertex 1.606287e+01 3.729572e+01 1.965760e+01
    endloop
  endfacet
  facet normal 9.396932e-01 6.570304e-08 -3.420186e-01
    outer loop
      vertex 1.537301e+01 7.000000e+01 1.776222e+01
      vertex 1.606287e+01 3.729572e+01 1.965760e+01
      vertex 1.591922e+01 3.600994e+01 1.926292e+01
    endloop
  endfacet
  facet normal 9.396933e-01 7.699410e-08 -3.420184e-01
    outer loop
      vertex 1.537301e+01 7.000000e+01 1.776222e+01
      vertex 1.591922e+01 3.600994e+01 1.926292e+01
      vertex 1.581577e+01 3.469155e+01 1.897870e+01
    endloop
  endfacet
  facet normal 9.396925e-01 -3.644347e-09 -3.420205e-01
    outer loop
      vertex 1.537301e+01 7.000000e+01 1.776222e+01
      vertex 1.581577e+01 3.469155e+01 1.897870e+01
      vertex 1.575336e+01 3.335127e+01 1.880724e+01
    endloop
  endfacet
  facet normal 9.396909e-01 -1.514887e-07 -3.420250e-01
    outer loop
      vertex 1.537301e+01 7.000000e+01 1.776222e+01
      vertex 1.575336e+01 3.335127e+01 1.880724e+01
      vertex 1.573250e+01 3.200000e+01 1.874993e+01
    endloop
  endfacet
  facet normal 9.396927e-01 0.000000e+00 -3.420198e-01
    outer loop
      vertex 1.537301e+01 7.000000e+01 1.776222e+01
      vertex 1.573250e+01 3.200000e+01 1.874993e+01
      vertex 1.573250e+01 1.000000e+01 1.874993e+01
    endloop
  endfacet
  facet normal 9.396936e-01 4.212503e-08 -3.420175e-01
    outer loop
      vertex 1.537301e+01 7.000000e+01 1.776222e+01
      vertex 1.573250e+01 1.000000e+01 1.874993e+01
      vertex 1.571788e+01 9.076099e+00 1.870973e+01
    endloop
  endfacet
  facet normal 9.396936e-01 4.443674e-08 -3.420175e-01
    outer loop
      vertex 1.537301e+01 7.000000e+01 1.776222e+01
      vertex 1.571788e+01 9.076099e+00 1.870973e+01
      vertex 1.567412e+01 8.160102e+00 1.858950e+01
    endloop
  endfacet
  facet normal 9.396921e-01 -1.714700e-08 -3.420215e-01
    outer loop
      vertex 1.537301e+01 7.000000e+01 1.776222e+01
      vertex 1.567412e+01 8.160102e+00 1.858950e+01
      vertex 1.560160e+01 7.259844e+00 1.839026e+01
    endloop
  endfacet
  facet normal 9.396925e-01 -7.430933e-09 -3.420207e-01
    outer loop
      vertex 1.537301e+01 7.000000e+01 1.776222e+01
      vertex 1.560160e+01 7.259844e+00 1.839026e+01
      vertex 1.550094e+01 6.383025e+00 1.811371e+01
    endloop
  endfacet
  facet normal 9.396929e-01 0.000000e+00 -3.420194e-01
    outer loop
      vertex 1.537301e+01 7.000000e+01 1.776222e+01
      vertex 1.550094e+01 6.383025e+00 1.811371e+01
      vertex 1.537301e+01 5.537147e+00 1.776222e+01
    endloop
  endfacet
  facet normal 3.338952e-01 2.166720e-01 9.173697e-01
    outer loop
      vertex 1.253202e+01 4.971830e+01 2.457568e+01
      vertex 1.298361e+01 4.376916e+01 2.581643e+01
      vertex 1.723048e+01 4.971830e+01 2.286558e+01
    endloop
  endfacet
  facet normal 3.338952e-01 2.166720e-01 9.173697e-01
    outer loop
      vertex 1.723048e+01 4.971830e+01 2.286558e+01
      vertex 1.298361e+01 4.376916e+01 2.581643e+01
      vertex 1.768208e+01 4.376916e+01 2.410633e+01
    endloop
  endfacet
  facet normal -3.338928e-01 -2.167033e-01 -9.173632e-01
    outer loop
      vertex 1.340014e+01 5.028170e+01 2.696083e+01
      vertex 1.809860e+01 5.028170e+01 2.525073e+01
      vertex 1.377978e+01 4.528123e+01 2.800388e+01
    endloop
  endfacet
  facet normal -3.338927e-01 -2.167033e-01 -9.173632e-01
    outer loop
      vertex 1.377978e+01 4.528123e+01 2.800388e+01
      vertex 1.809860e+01 5.028170e+01 2.525073e+01
      vertex 1.847824e+01 4.528123e+01 2.629378e+01
    endloop
  endfacet
endsolid
